リミックス元ID,出現回数
640286443,643
105500895,271
783458645,156
10128407,88
1078961005,74
612229554,69
357587400,67
778582288,57
926560634,57
879514440,55
560596896,55
413799949,54
872504947,52
536110305,50
2843952,49
269484842,48
598658475,47
476057497,47
174611726,46
664080880,44
1070318553,44
536199882,44
268054710,43
119168885,43
496361610,43
167865349,43
411683888,42
1078744793,42
167863545,41
411682472,40
180799165,40
203956143,40
536202373,40
411684817,39
1043756175,39
203956086,38
168888257,38
203956171,37
527729587,37
499682890,36
408392189,36
502565939,36
503845719,36
203956871,35
249143200,35
503857228,35
203955308,34
502652015,34
216343253,34
1080863727,34
572108494,34
502659852,33
617284119,33
269483623,32
878461318,32
793237319,31
520648077,30
564941843,30
74711180,30
412377496,30
996559679,29
301870071,29
56667360,29
536202960,29
60917032,28
889381835,28
269484201,28
754515072,28
402678156,28
536199657,27
545562281,27
339574490,27
203955140,27
1003386050,26
203955993,26
1070823829,26
416617717,26
1020947871,26
512423696,26
674162408,25
700050957,25
555430792,25
389464290,25
543431311,24
659342216,24
116148495,24
835022794,24
987496945,24
511117852,23
950236310,23
939295815,23
1015728420,23
662539858,23
269483720,23
427140604,23
674628887,22
269484444,22
523292540,22
203955284,22
148079722,22
120721851,21
301875509,21
304026967,21
996731485,21
749585992,20
1026263748,20
1039056451,20
1078636168,20
1026968528,20
1061750692,20
23266426,20
430580439,20
975335594,20
10000036,20
785423904,20
802731501,20
965266120,19
940900916,19
24268476,19
906499207,19
169185456,19
169177417,19
426726676,19
989026685,19
148083349,19
408852780,19
1009351795,19
945461322,18
966571607,18
951376155,18
995530339,18
203956123,18
124959680,18
543458285,18
607551291,18
918896965,18
536199504,18
1022226331,17
830599684,17
1082534775,17
1000050743,17
860151753,17
999132570,17
555171207,17
1078918330,17
359345386,17
628173520,17
1029019289,17
1075350784,17
331474033,17
930523177,17
1058101191,17
536200711,17
68383688,17
1082431031,17
168444853,17
1079925367,17
357792483,17
1027243108,17
1081606143,16
894368246,16
1057328552,16
725577493,16
989590334,16
712633622,16
972932183,16
511122113,16
914772893,16
836040447,16
944613750,16
40065008,16
224236914,16
766571198,16
1050692309,16
1005069035,16
1082945152,16
922587476,15
543982154,15
1051863815,15
181485409,15
780164898,15
363736959,15
673842572,15
964173069,15
804916403,15
535783147,15
1049083455,15
302498270,15
1052393604,15
996457658,15
411210603,15
948664627,15
10374327,15
624413490,15
78870066,15
148085057,15
1068756908,15
684880331,15
10128431,14
945432050,14
498434501,14
485855713,14
166470774,14
536203807,14
262472964,14
640592703,14
168247817,14
511101953,14
268054968,14
1058644890,14
1065891486,14
875692845,14
154525149,14
981302826,14
895840629,14
1027248353,14
328479256,14
10118230,14
1068669060,14
1047168779,14
861020647,14
901873813,14
543463865,14
251810369,14
1022277165,14
945803747,14
927805022,14
907540945,13
622570337,13
1059789233,13
535695413,13
495290818,13
679563340,13
527728778,13
1064227426,13
1061408761,13
1072460619,13
1040801609,13
1080821833,13
407229369,13
975422921,13
170026565,13
683298453,13
843162693,13
442532269,13
862198463,13
963481816,13
553108724,13
972422624,13
929379920,13
814679571,13
958418477,13
843013338,13
317159800,13
292728003,13
510670145,13
1036569009,13
720475704,13
1056728535,13
981142380,13
428156735,13
504506455,13
140317189,13
857701925,13
1002731557,13
617482003,12
1077917909,12
10374255,12
712566610,12
571857942,12
826055861,12
777869375,12
598795337,12
727215285,12
144773598,12
196684240,12
1054786028,12
959051980,12
957101579,12
592013443,12
341661607,12
421442576,12
1074230031,12
570561481,12
298930088,12
866886320,12
114623465,12
897799606,12
514510708,12
648442882,12
968949619,12
1077099302,12
1065400623,12
946418677,12
203956024,12
135170508,12
601185473,11
560908642,11
957468487,11
543150502,11
168445280,11
197620674,11
927329937,11
886402741,11
643752852,11
1005197709,11
996096518,11
1050526388,11
946312397,11
336338957,11
942828873,11
635975105,11
661836150,11
771226415,11
748242503,11
892350931,11
942962737,11
822764000,11
677119108,11
1079061766,11
506251783,11
107545412,11
698413888,11
145946634,11
1073558391,11
735815295,11
643314255,11
1011437249,11
871746913,11
987069421,11
791978503,11
315446351,11
1020580048,11
642488731,11
996374540,11
662100117,11
948573479,11
877818539,11
1067901074,11
721325604,10
301859170,10
983726042,10
1060218173,10
596223810,10
15200040,10
918430269,10
1081155483,10
203955098,10
477621010,10
351793769,10
900872482,10
523967150,10
897804162,10
63958014,10
936490773,10
871578847,10
1038096978,10
864949716,10
730647782,10
1075597904,10
961731254,10
741079141,10
17828009,10
10015007,10
53790560,10
10374230,10
992595375,10
886622331,10
462984386,10
924118926,10
156086745,10
356286226,10
1068899144,10
646685033,10
996522646,10
918417766,10
982456047,10
1078526297,10
878465277,10
329795278,10
911281961,10
543116731,10
1059559413,10
10374204,10
1056116629,10
625900777,10
506245694,10
990324138,10
288958476,10
722209128,10
991884156,10
543133411,10
968896040,10
168445025,10
805874967,10
444618385,10
608627114,10
878719633,10
669550723,10
1080089265,10
853110869,10
1082540447,9
989927990,9
429591956,9
968664460,9
1068647753,9
551277189,9
10370306,9
807023495,9
666734314,9
268054503,9
296567770,9
352628152,9
971418860,9
951050048,9
929163262,9
1032095572,9
968952751,9
739892135,9
163040915,9
884809324,9
1046996671,9
1045468701,9
421839292,9
1079159968,9
1081314465,9
1080340266,9
977582022,9
468193782,9
905087485,9
1041930984,9
596418014,9
953846392,9
1067663084,9
1059724846,9
882411279,9
506245686,9
506245675,9
1061958685,9
1022152502,9
516128285,9
539932856,9
1077537781,9
824091600,9
1054506949,9
911965305,9
980829394,9
10437366,9
1074297412,9
492537354,9
670816477,9
1057329764,9
1009696122,9
774037607,9
768239388,9
1078699789,9
1013835007,9
923769834,9
24269046,9
992405189,9
1050442794,9
187271078,9
129381230,9
894674596,9
382142616,9
895953883,9
10012530,9
601127521,9
412953073,9
1011154087,9
858733287,9
1049603775,9
10373008,9
281956054,9
683391131,9
698776649,9
506985910,9
737350054,9
302611022,9
721326667,9
304292119,9
903028373,8
984131287,8
1053305969,8
364460683,8
118637521,8
1075362282,8
1041196753,8
1064161531,8
382318509,8
1080343120,8
1042232278,8
561483857,8
68544212,8
1076607396,8
464890679,8
164446823,8
1026951770,8
1040187751,8
935812600,8
1043570533,8
1050628459,8
973802250,8
618217267,8
536203621,8
950422711,8
647535827,8
675913523,8
580048913,8
994046136,8
244436039,8
694170010,8
802930891,8
1053394115,8
716189324,8
989778629,8
943866345,8
1050525635,8
10373045,8
703738169,8
727884878,8
286497766,8
1074726148,8
897803729,8
428712873,8
1040390679,8
203955068,8
1023062680,8
1153269,8
508999606,8
10370101,8
942462537,8
1081912120,8
443402000,8
1006201305,8
1011709253,8
782865604,8
831167659,8
712021649,8
998773682,8
371494974,8
515765971,8
407600574,8
269483796,8
638836782,8
367689351,8
1012918268,8
161864384,8
872129738,8
921172170,8
993126594,8
1053845760,8
154525480,8
419375818,8
1053714540,8
922179735,8
17783489,8
907856686,8
717566010,8
10016238,8
177082311,8
992315912,8
1078541813,8
639429555,8
1080855695,8
1056183669,8
506245681,8
1038157955,8
553621013,8
888774224,8
876319098,8
1034492921,8
721322731,8
1043382984,7
944984779,7
1055514343,7
854332803,7
516161522,7
640510369,7
1049220990,7
459675132,7
957706261,7
888726803,7
805718042,7
927563176,7
114926871,7
1080172534,7
966815603,7
463764133,7
867563609,7
678636729,7
443736061,7
1018297701,7
10007150,7
388814564,7
904999125,7
817671281,7
1067914469,7
665610375,7
211625762,7
585032719,7
782802938,7
292220827,7
996003230,7
835892736,7
917967835,7
703823840,7
636207725,7
1067493127,7
794789731,7
1030218290,7
743727436,7
1026912296,7
900418332,7
518662078,7
18765939,7
799982997,7
1046271543,7
767989771,7
788908450,7
940580824,7
237050035,7
1035275807,7
177224273,7
10437040,7
296486578,7
10437439,7
966384899,7
479308627,7
487580583,7
968890451,7
579138224,7
511870270,7
1043361992,7
1064005140,7
558782668,7
902124158,7
1064771180,7
956838950,7
661034045,7
510247816,7
999606623,7
968937944,7
907341801,7
714713013,7
422682714,7
541578272,7
586517207,7
413187085,7
516567048,7
322907171,7
1050542698,7
825539821,7
934548601,7
690530290,7
452247761,7
473127413,7
1072468846,7
30090882,7
675440961,7
1062209727,7
726546009,7
714781334,7
542740063,7
918374225,7
411742908,7
445388218,7
527952431,7
11739928,7
315862477,7
742857027,7
1069555973,7
1051165672,7
607733181,7
987600720,7
803499469,7
961749856,7
736680173,7
648043131,7
36711178,7
1080544077,7
930512157,7
1062230170,7
407426207,7
118756888,7
730443314,7
978139402,7
1077429354,7
164459577,7
478790208,7
514018058,7
1063692808,7
1052209121,7
499246415,7
727499101,7
939807812,7
946113143,6
1040629128,6
648600544,6
1044957073,6
924646660,6
1079753470,6
1037810477,6
781564362,6
523933985,6
907117902,6
1050940303,6
1728717,6
968989450,6
995925549,6
718820642,6
1069765450,6
1045636578,6
10370162,6
786879189,6
996305282,6
650089974,6
1076950138,6
994645565,6
988007664,6
968882581,6
1018368332,6
1018370165,6
579136191,6
1018378606,6
1081688119,6
396105421,6
400481004,6
1061570994,6
607919103,6
975066513,6
666713856,6
1072658802,6
487044099,6
636112442,6
1000632227,6
208974963,6
943386044,6
90379353,6
992850251,6
816426259,6
1081290203,6
656025354,6
606355400,6
533112091,6
1049984742,6
945608186,6
966856803,6
961775346,6
965040797,6
980530440,6
451284197,6
1018455127,6
585504733,6
1080827691,6
1023753979,6
674235201,6
91464895,6
422666151,6
1001631388,6
957084064,6
1021250372,6
489866984,6
1061957325,6
906985078,6
884344607,6
990348622,6
583768,6
653559432,6
1078107050,6
555458030,6
541885258,6
996807697,6
615284349,6
1059184287,6
1022788153,6
346993095,6
882185204,6
728464113,6
912185280,6
1077501718,6
1014860058,6
41707478,6
296878768,6
524389714,6
1011699697,6
955895127,6
993159549,6
615886627,6
952951203,6
181407056,6
960967477,6
872034068,6
23267140,6
23267245,6
998108919,6
952488737,6
1081334262,6
760484736,6
1077345652,6
1072029414,6
1075427673,6
915809169,6
1040205049,6
1039161786,6
254234311,6
1072008433,6
1007003312,6
1004862062,6
490007286,6
1064788962,6
921176377,6
897593788,6
1070604268,6
1078600311,6
1037935542,6
987186415,6
370105959,6
868660137,6
1010551933,6
1077307124,6
376585305,6
760756130,6
1012693500,6
1028823257,6
1071764284,6
628755114,6
873125841,6
118757248,6
1030787431,6
556572218,6
1034790025,6
920785856,6
1021504477,6
1076570875,6
1008393864,6
409938720,6
1054568980,6
1048065318,6
120787373,6
545937525,6
50033810,6
1027140345,6
236758231,6
715768497,6
810632067,6
1052429197,6
1082982917,6
1079599759,6
1058566652,6
1024724212,6
988639532,6
1074018359,6
592160658,6
940864036,6
638756854,6
566477766,6
982220522,6
992216318,6
970278471,6
199060798,6
1042497735,6
788057590,6
24271303,6
1076621064,6
1006576604,6
1050204911,6
1016024304,6
992476340,6
1048651625,6
533045968,6
1080441917,6
712020255,6
979692562,6
1076164978,6
889764316,6
1070843317,6
1004821699,6
207459238,6
37836116,6
756382757,6
961356009,6
152436958,5
564517102,5
1068515926,5
837539342,5
291003722,5
98572687,5
1080761348,5
292558611,5
332477974,5
964469373,5
807524487,5
992129800,5
825817742,5
817794928,5
1074399730,5
697947210,5
669746280,5
907759731,5
979113015,5
181226886,5
10015792,5
162947657,5
921530093,5
1071301887,5
1022918307,5
1057423666,5
202395548,5
929533535,5
845220709,5
585028661,5
1066887863,5
924766226,5
1018372290,5
1079293755,5
170161442,5
1079751085,5
944233007,5
1047443827,5
144790962,5
987495254,5
1053306559,5
712018854,5
20245032,5
896102161,5
1039360822,5
559715871,5
555075895,5
618352817,5
529515093,5
10437249,5
14352503,5
1036063911,5
683317635,5
245405138,5
181219777,5
678120851,5
1063729280,5
723444535,5
870299189,5
285951157,5
1058578107,5
1035446092,5
482007354,5
960853314,5
871535456,5
996783849,5
1055935397,5
1006070309,5
485237566,5
1022840265,5
49905542,5
1042800976,5
466280544,5
1026188125,5
993020035,5
1034020350,5
525674709,5
851644109,5
730624606,5
455367174,5
955904505,5
662445303,5
1080336107,5
536109611,5
1064913826,5
987646245,5
1039022113,5
11932410,5
1045355706,5
698120028,5
1068016796,5
1067968017,5
815938308,5
118757567,5
979955276,5
1034632188,5
874753594,5
83837160,5
685271634,5
1057772315,5
976295365,5
1076790780,5
581179,5
1051483711,5
1037324170,5
746340154,5
10118726,5
785673555,5
805012247,5
546642257,5
749926113,5
1063975603,5
953768947,5
706924774,5
864483709,5
621401848,5
1069899672,5
964392727,5
1073531386,5
414559765,5
1058109096,5
415581226,5
592515072,5
1044937531,5
709085610,5
879023712,5
1049981896,5
1064529803,5
972651333,5
1061708820,5
301411780,5
667227402,5
889076123,5
848693886,5
950090437,5
960638560,5
925972361,5
1080927300,5
678726037,5
924680630,5
992407138,5
721762989,5
1043282317,5
956465825,5
1066012906,5
964790438,5
996856318,5
1055894685,5
314682372,5
645982517,5
813476961,5
786810178,5
490043390,5
1038704581,5
167847370,5
692503910,5
991072415,5
1082852612,5
736301120,5
424971836,5
694626227,5
992192549,5
10001052,5
505962576,5
1077505581,5
888653296,5
875742643,5
195354749,5
387495937,5
913693876,5
934684698,5
1018483837,5
949479317,5
1000793651,5
977543287,5
1013613136,5
514450416,5
530866206,5
1067755913,5
24268506,5
728145563,5
825590845,5
1057330671,5
802806858,5
1071115126,5
1047832347,5
953047109,5
1076239667,5
915447085,5
554052359,5
1056850833,5
975058733,5
1581299,5
676569542,5
927238750,5
473469375,5
782579907,5
1028956103,5
922187269,5
489159823,5
685512802,5
781037465,5
573926783,5
980118341,5
585264629,5
989698619,5
341589959,5
1035914918,5
751611988,5
892291302,5
726002527,5
1080650176,5
844398265,5
1078220020,5
544563489,5
1080337352,5
544957870,5
1060198925,5
832639000,5
561792137,5
930838037,5
910580721,5
480911173,5
1017395447,5
874577743,5
109671801,5
1000231804,5
964974675,5
1009986029,5
1034249856,5
629689422,5
1075265219,5
411998035,5
24269131,5
383408540,5
941729111,5
1036700013,5
1082343145,5
1059957942,5
1078745971,5
1022837625,5
1055252111,5
489732450,5
639864695,5
71656786,5
993918018,5
1043497789,5
332332044,5
1082887851,5
1052244839,5
103069687,5
964741852,5
959488521,5
887172546,5
846806457,5
1054762208,5
1048505268,5
534744931,5
944058675,5
652932390,5
960679103,5
1010691829,5
937356529,5
610386428,5
838807145,5
971702241,5
134170516,5
532296023,5
342262181,5
603180153,5
1066140948,4
1003785401,4
985998104,4
1027424749,4
832808640,4
1036327383,4
730150555,4
1080659927,4
872841772,4
540410576,4
399999432,4
1072558675,4
891264248,4
952653249,4
991964753,4
1043647908,4
996401281,4
1013746645,4
100305183,4
1026942234,4
1062248784,4
1005395572,4
1077225867,4
890267288,4
547025035,4
1038269749,4
1081300662,4
1050078487,4
1073714510,4
1075409455,4
898616421,4
1053714283,4
98461862,4
1000862052,4
375833236,4
1022143432,4
894338835,4
1072754633,4
821693301,4
625387217,4
1071004592,4
225451527,4
349573519,4
595802333,4
1064552444,4
868722611,4
1060787603,4
1079166141,4
1015426192,4
1068180435,4
430818531,4
277391857,4
1048528009,4
1047167246,4
953687988,4
1011822837,4
646825234,4
1074099752,4
585252186,4
986612812,4
1080698953,4
862218620,4
1077497568,4
908335092,4
997342007,4
1071066615,4
897592247,4
619927044,4
983317236,4
470265419,4
833144401,4
991783013,4
1080428083,4
569518355,4
1044990282,4
871573713,4
1052743926,4
472511702,4
715871950,4
1071274297,4
536110192,4
806439923,4
1076754991,4
827960224,4
139025103,4
27676406,4
757942046,4
969600535,4
1080188123,4
960644619,4
1075709300,4
1062233195,4
93637087,4
701414754,4
1037963367,4
560492168,4
452962434,4
964239154,4
910569024,4
1066215287,4
1061374930,4
1056890226,4
1062088426,4
957177925,4
1046937253,4
724741369,4
647716451,4
95026708,4
11710850,4
804643621,4
1047220584,4
667972970,4
806588173,4
1051864128,4
1047229893,4
877353569,4
633130337,4
1069589498,4
1056989349,4
1030443496,4
1046843216,4
1056647282,4
1067865853,4
16148827,4
872998151,4
727469864,4
826217429,4
1053750314,4
544572937,4
1081335970,4
862113363,4
880565554,4
564128664,4
1064517703,4
1059329661,4
200774879,4
1954637,4
1051234933,4
1064672259,4
1027615604,4
1040116017,4
930300174,4
986853759,4
960618971,4
587971315,4
1079745751,4
1068841864,4
954003008,4
1045917465,4
1029702049,4
586658367,4
1077653549,4
846567479,4
1035249826,4
705028386,4
1080654170,4
1074082731,4
1034460095,4
1059080047,4
1056952055,4
170254299,4
337862748,4
992616229,4
844126634,4
21977436,4
991469968,4
807334330,4
942825874,4
782983948,4
1072669189,4
1060543134,4
533847318,4
1061164671,4
734582467,4
967533173,4
712022548,4
1013769671,4
908006363,4
856544003,4
1009733321,4
1009459221,4
959609651,4
420889793,4
964009479,4
544968966,4
1070351970,4
331223613,4
998091864,4
20659353,4
451608216,4
1047514237,4
874486858,4
322928511,4
1069481601,4
393240099,4
811255144,4
938011469,4
330932296,4
1079592283,4
2176968,4
604669338,4
123704022,4
943629718,4
1046955859,4
1065481050,4
793710542,4
271010234,4
781233102,4
455986754,4
897805076,4
1059191740,4
1016517497,4
648380106,4
544563785,4
1062005733,4
855607135,4
846775338,4
991841618,4
1059776596,4
832663177,4
965827980,4
404041613,4
686697124,4
951266498,4
1038024154,4
24271192,4
798558275,4
960757850,4
1057609734,4
607355988,4
961322739,4
1077593655,4
1036518952,4
739823631,4
1007800085,4
601801234,4
1049543882,4
621613275,4
1016885758,4
988784773,4
211958,4
995161871,4
1018701842,4
932892326,4
1067534366,4
1003612049,4
268054172,4
1013999278,4
767043914,4
1038207430,4
1050743285,4
1009367803,4
678548616,4
1062033428,4
1067287758,4
1080802670,4
961792608,4
519023930,4
870112255,4
1070384864,4
1072288407,4
1005099222,4
1079257533,4
222972802,4
926210919,4
996782986,4
927017586,4
950616701,4
729110005,4
1043260193,4
478260051,4
875511193,4
1069940899,4
878024571,4
886410780,4
3005045,4
1005341715,4
488105813,4
1059217381,4
996837673,4
31671558,4
1062070907,4
27270175,4
383077074,4
995638236,4
621064886,4
1048188676,4
566786858,4
1028182264,4
1054464548,4
901025505,4
1080637349,4
1067922793,4
1000541073,4
854177677,4
935718955,4
945123672,4
946780942,4
560272876,4
711295534,4
191992478,4
432093390,4
1051893874,4
1011782259,4
400000805,4
1003825797,4
960209875,4
155760969,4
721121922,4
1081892239,4
1053691502,4
683760116,4
1041926368,4
11826597,4
1073111477,4
1066770905,4
1071068601,4
227069842,4
960258748,4
440303192,4
944951044,4
513795604,4
1056749747,4
1074301000,4
201169716,4
925098639,4
732780800,4
1048342640,4
1042276290,4
967226318,4
922760576,4
890815944,4
323030842,4
927587045,4
206806888,4
543830255,4
1064732330,4
1005323142,4
192205406,4
412475626,4
707360058,4
944265982,4
1070349798,4
890628429,4
826245710,4
281812634,4
912028527,4
114155805,4
176237867,4
56923424,4
865006612,4
1044007266,4
714801193,4
793383109,4
1002887045,4
1047266852,4
231181527,4
1024332927,4
642959008,4
997161719,4
10437476,4
832836154,4
1053305385,4
1077583337,4
911964846,4
1068750100,4
185332779,4
1020427543,4
951052592,4
741161286,4
614526998,4
50029544,4
1063008304,4
420105038,4
996665350,4
649947047,4
1018071028,4
1063389727,4
483164498,4
979676889,4
991146544,4
1081360922,4
1075087963,4
198929042,4
1061774828,4
1083122040,4
809975639,4
21554369,4
108566337,4
1075300626,4
569247444,4
1001367870,4
1002593662,4
874373776,4
782203559,4
569893514,4
1023897043,4
938493928,4
611418589,4
1026938758,4
1062857051,4
957721628,4
1040215751,4
322561783,4
710023318,4
533287993,4
395954706,4
1018727272,4
938227640,4
825755104,4
1067526297,4
786282127,4
1076632886,4
917437955,4
185346,4
1026653559,4
1055169145,4
908025635,4
1069339108,4
493395463,4
886173803,4
592526918,4
721677623,4
1062725792,4
952357252,4
1020211252,4
871689858,4
1073684596,4
996306547,4
1074156593,4
504344780,4
914295924,4
1043832280,4
1063712054,4
809635454,4
851764166,4
1054415869,4
798422955,4
986422965,4
784705780,4
963089419,4
189057541,4
875810300,4
87880120,4
957253193,4
823872487,4
1064955140,4
672685294,4
686837731,4
377874630,4
1037173671,4
951547654,4
1009854458,4
840645441,4
1068601933,4
767682985,4
894824726,4
524091422,4
203956189,4
906460613,4
1040936595,4
1024307131,4
884507,4
15857080,4
880566119,4
475953356,4
947483513,4
821437243,4
410934248,4
403626239,4
1046367708,4
1076166024,4
1065572713,4
1025979510,4
1029160139,4
988973813,4
528563913,4
1043403152,4
929130565,4
877435449,4
1022061569,4
1051235566,4
1080567037,4
888765264,4
933469571,4
524609600,4
485684952,4
1059215551,4
957508390,4
789213181,4
250884701,4
1010001949,4
791577255,4
1007307604,4
807674099,4
1066604710,4
1003225728,4
158510115,4
731861226,4
885593924,4
753164295,4
1077395523,4
947046713,4
679797779,4
892395631,4
923041360,4
301513668,4
899965154,4
26953261,4
1077640979,4
548866331,4
937824812,4
554663550,4
971876462,4
935942453,4
1062586575,4
858003255,4
1030315133,4
524886196,4
794125215,4
806423631,4
1013836484,4
951720511,4
80240522,4
332026728,4
524905192,4
1077008811,4
1074086824,4
987526283,4
808317891,4
988827811,4
326993994,3
101758327,3
1066579840,3
1014953166,3
952263756,3
1063040603,3
250669876,3
500260826,3
1033451349,3
911447339,3
477011459,3
723881034,3
1007747094,3
1014327679,3
1077860692,3
871901214,3
406893588,3
872275528,3
731010401,3
1052086034,3
73029398,3
829802648,3
874986107,3
1000009994,3
1072292035,3
944475817,3
785535738,3
810149770,3
355012289,3
945495790,3
934690397,3
463553665,3
1017555925,3
827373405,3
969855699,3
1077103700,3
1080516133,3
951380970,3
1071853585,3
1050373992,3
1832932,3
729537554,3
1073443966,3
1072910611,3
824976340,3
1069167877,3
574211530,3
1080865059,3
451291995,3
872774351,3
407732993,3
993575812,3
413195926,3
781853296,3
952458103,3
510186917,3
781312197,3
117148947,3
1077634756,3
952417697,3
1063761210,3
1081270851,3
1048422223,3
967756453,3
960917677,3
1068093144,3
883534462,3
907460940,3
919261469,3
1037758700,3
1081295918,3
162128723,3
523050526,3
911907393,3
701186553,3
533013373,3
962436411,3
146300580,3
1052475449,3
1046965872,3
704676520,3
1053712874,3
749882994,3
880410190,3
733656258,3
268496421,3
1023068731,3
1013261006,3
1071185181,3
543175498,3
1038989753,3
950997172,3
910409041,3
957707741,3
1065623805,3
1074416445,3
1077584323,3
1056538787,3
1068757249,3
938626414,3
895215929,3
908086030,3
1080932071,3
280187352,3
1048624559,3
504432362,3
1033151399,3
1005132480,3
1033696006,3
10093008,3
699100102,3
1072421109,3
1007510404,3
532601394,3
1050104342,3
1075167855,3
995552614,3
439817219,3
126348269,3
833595771,3
756260639,3
1004282575,3
168039957,3
943733386,3
887696474,3
964628101,3
641565546,3
953352276,3
795448960,3
1050397369,3
123613401,3
1068738322,3
1045292490,3
888080269,3
900834969,3
893132703,3
158072213,3
937791417,3
945865812,3
1027539148,3
986066962,3
1080814486,3
659120206,3
1000370454,3
1050365055,3
475708408,3
1073504209,3
1003195174,3
213401374,3
1000347677,3
937111269,3
992251380,3
1057705753,3
867809661,3
1071203076,3
1047816700,3
949810833,3
949131493,3
141113842,3
468915960,3
1017559563,3
1022709425,3
690594415,3
400349603,3
24271446,3
967474975,3
600037241,3
245970184,3
951865668,3
557246225,3
798495131,3
994037344,3
1001003090,3
1048412028,3
985887164,3
978864351,3
264644026,3
1056176796,3
662849788,3
1080917109,3
867379057,3
966766514,3
965365257,3
441081785,3
1044610906,3
1080611788,3
1026869259,3
664498665,3
969119451,3
938198668,3
1076119142,3
24271560,3
1004279892,3
779329403,3
704142949,3
864086064,3
779846867,3
1044715764,3
1061941884,3
92428547,3
1077742688,3
615634894,3
640538205,3
847375327,3
671909648,3
664034350,3
991818858,3
876219808,3
544563697,3
917819847,3
288215476,3
424976426,3
1051628575,3
1072526647,3
1080625293,3
1040611918,3
24269097,3
24269070,3
1009593717,3
1067671165,3
1062142281,3
620655591,3
945456043,3
1053787306,3
760472608,3
1038083164,3
950779046,3
170093179,3
1004765762,3
934755359,3
996287181,3
1063769856,3
1052324851,3
1040222825,3
161119746,3
1079246125,3
1034473272,3
1060291369,3
1063500165,3
884236089,3
1076363904,3
1040010700,3
970889051,3
850390005,3
48528260,3
392737859,3
1040620853,3
399999897,3
494286285,3
957529809,3
1082776239,3
356500307,3
964796848,3
1068845920,3
730573518,3
1053672485,3
1051053323,3
588034033,3
1076547118,3
722188298,3
788651958,3
680197739,3
1029860928,3
1070991753,3
554445931,3
806735664,3
534372263,3
985905568,3
1049178798,3
608356312,3
36087908,3
1024657856,3
888759163,3
957213706,3
1000860576,3
270939991,3
911518778,3
1076514352,3
674258198,3
624358144,3
832798343,3
981961384,3
1024619644,3
786776074,3
402236195,3
938126353,3
979543562,3
985793455,3
901021560,3
783500878,3
1056527163,3
980746039,3
947463513,3
1019575368,3
1049160388,3
998618865,3
556451127,3
978399700,3
988483365,3
618900789,3
794235715,3
700399250,3
651274255,3
708274897,3
964096290,3
1045767772,3
73250,3
992216922,3
1065266540,3
1053246568,3
1077626957,3
1054542676,3
863303470,3
1033670178,3
501260461,3
86853231,3
118054460,3
887394155,3
743042683,3
524351390,3
997867442,3
1000007099,3
743114202,3
1070307276,3
678775323,3
983446244,3
217906020,3
811805586,3
12714608,3
381964564,3
1052881933,3
791414331,3
1009291965,3
200339383,3
963073165,3
832423313,3
990458873,3
1046088653,3
828329836,3
872093782,3
891343018,3
832310401,3
1077977026,3
824433370,3
1023801415,3
401933075,3
940690324,3
1009743291,3
92496225,3
850664814,3
1080760218,3
1069689031,3
403599527,3
950560043,3
1077540355,3
1000312055,3
865951583,3
720423322,3
116623131,3
1060259345,3
1048778490,3
196685355,3
1052655691,3
1057026985,3
1061957522,3
691532098,3
1009857581,3
473463675,3
304829435,3
964508081,3
1045231728,3
992623367,3
867592174,3
923813258,3
1009974006,3
1006379668,3
931025987,3
954742661,3
466377749,3
984413239,3
992181091,3
466567888,3
1030830535,3
1048730446,3
1079614572,3
912122835,3
914713215,3
702576825,3
1066681985,3
1061824826,3
1051333377,3
1028230785,3
1079534037,3
249339626,3
947027361,3
237334413,3
318000627,3
1079537836,3
1078154178,3
634206500,3
984286680,3
987855689,3
1052469808,3
1062312990,3
1043489107,3
980244314,3
992754092,3
1019115524,3
208969438,3
408304274,3
208712459,3
1068703188,3
85107020,3
901727316,3
167347915,3
1030289561,3
613235080,3
967509626,3
1050571884,3
1081705325,3
115337538,3
906640559,3
696288262,3
967635131,3
1018183836,3
1027438284,3
1022723321,3
1080841905,3
826747157,3
912026711,3
1043656583,3
681495909,3
619025745,3
1407575,3
1059865894,3
771115744,3
964926916,3
472077983,3
1060969903,3
142513657,3
1017657184,3
984011461,3
820447939,3
1018377958,3
478751564,3
142161533,3
749896547,3
903352037,3
873365716,3
1061220238,3
648802333,3
942077048,3
863836732,3
926581906,3
377770020,3
1048109530,3
1080323931,3
1056900792,3
1074617602,3
1070956901,3
1051915559,3
1051509485,3
831603644,3
16795490,3
142247121,3
142205931,3
1047721427,3
953780075,3
706884099,3
465702392,3
902957396,3
617554569,3
142189786,3
1066067145,3
926861541,3
850344420,3
959527068,3
609230073,3
992640890,3
1054086397,3
1038771786,3
1027115417,3
983997111,3
1039016266,3
760744949,3
1026887452,3
875770208,3
1038173101,3
829638320,3
987364365,3
909118772,3
898102530,3
959783068,3
480646291,3
1027110307,3
229207800,3
1054685456,3
356318443,3
1077208785,3
377042059,3
647206049,3
374769477,3
1071659581,3
790441971,3
1000458747,3
1021624004,3
707985334,3
1018274130,3
966588766,3
611535559,3
1080462405,3
1025098406,3
1069174330,3
1075819617,3
1056919016,3
764758049,3
198443829,3
1046141093,3
18262469,3
948815221,3
1058950060,3
1038056289,3
930861209,3
782673281,3
744451362,3
1013824952,3
163181597,3
1077352723,3
1040244368,3
1020982993,3
647802721,3
992144434,3
712759563,3
1040836626,3
543225824,3
409122312,3
827366645,3
1048826641,3
1029888057,3
953845661,3
1081834278,3
1079791426,3
554219772,3
931599392,3
647325315,3
1044608461,3
841070127,3
1037444644,3
1047394608,3
947433739,3
1051199052,3
420422318,3
1080789491,3
1056576184,3
1055160496,3
1077166220,3
1075813979,3
646357902,3
1080520752,3
2508289,3
1076389458,3
868123000,3
976994845,3
450074108,3
484589328,3
682585370,3
1082321126,3
22693977,3
566880259,3
1064628430,3
1078718606,3
784933388,3
970600220,3
14122566,3
1052153099,3
1028044573,3
802628612,3
1073589464,3
987442501,3
1043124806,3
989780550,3
1064959128,3
919138176,3
1066539883,3
278827421,3
1045597129,3
1008663053,3
861300526,3
1004371407,3
1070126682,3
944680403,3
114861627,3
1039175939,3
1043657952,3
1079734711,3
1026955342,3
993290822,3
595356801,3
922311910,3
743134845,3
1078086304,3
410164202,3
997117757,3
1018162784,3
1077089798,3
992025366,3
1034418889,3
1060854576,3
534875317,3
1070877740,3
751257414,3
920479849,3
761839955,3
26999060,3
1080626702,3
546931104,3
1075585917,3
829253413,3
1040539803,3
1027680020,3
138833384,3
993390597,3
960576635,3
785420121,3
1079110489,3
894145641,3
1036809850,3
390254855,3
996775893,3
991827607,3
1080535480,3
998244354,3
226126428,3
929570102,3
1000360994,3
1000952989,3
700588810,3
884410653,3
1033205765,3
963761539,3
1000302518,3
553535316,3
945972122,3
420987785,3
1050194516,3
89959055,3
959571772,3
782540993,3
729169446,3
639757284,3
114019829,3
1024163249,3
1053310505,3
1071289888,3
1008510487,3
137860435,3
1042298769,3
1009684252,3
1070557326,3
1060800214,3
1060341612,3
564702046,3
462281509,3
1004981653,3
874693690,3
604027331,3
1002688994,3
678418311,3
799473051,3
1005055750,3
171598233,3
670568101,3
795848119,3
948571714,3
810079355,3
1052215691,3
708023109,3
132333657,3
433296825,3
292267338,3
428265264,3
1045594912,3
493151123,3
612480024,3
1052591256,3
551907844,3
341500675,3
545938766,3
1079262470,3
996775058,3
215681125,3
536109275,3
536200345,3
1063624847,3
1063625190,3
456020283,3
1020629457,3
511201220,3
876857061,3
949296399,3
944407853,3
61292876,3
1065607690,3
965009817,3
1056936343,3
611216515,3
620658396,3
1062507027,3
707683959,3
1077235354,3
1072428159,3
434315707,3
1044083496,3
1042402549,3
11504999,3
581224661,3
322436600,3
1054850391,3
11186480,3
701023054,3
819924069,3
725195876,3
1070504590,3
1040722306,3
1043520213,3
906347005,3
1018053661,3
996470777,3
17432735,3
18213966,3
1029511798,3
1077574038,3
719989475,3
675008152,3
988494347,3
914101367,3
984310610,3
712392515,3
1051069215,3
876810780,3
1034684023,3
845044186,3
880781016,3
954772104,3
1001473906,3
947395958,3
569231982,3
969181305,3
903370077,3
1060843263,3
982267543,3
977993365,3
1052544789,3
1069904345,3
1030169678,3
1037881301,3
1068161882,3
1015735460,3
41582728,3
807850420,3
885402533,3
22407467,3
1038039171,3
870305708,3
1048000349,3
94547276,3
958044257,3
176171644,3
1070946765,3
828704046,3
1078819939,3
963633359,3
1064486396,3
833839374,3
1029505057,3
941424735,3
971505835,3
602468498,3
391229022,3
621840014,3
167237474,3
1054795620,3
442577509,3
1080689214,3
302541573,3
958286486,3
897857291,3
1022821805,3
1047699976,3
476454939,3
615619480,3
843126610,3
1072780974,3
1054333082,3
472452637,3
829715642,3
885719207,3
1024401707,3
917764890,3
1071041228,3
995336566,3
668009653,3
855139756,3
950603819,3
591678543,3
879447112,3
1048841243,3
1079931684,3
918293508,3
962428671,3
955254698,3
1065168553,3
1078509405,3
1039263245,3
1077345348,3
550421622,3
864039028,3
912348853,3
1046458381,3
1063106189,3
1051963293,3
979976094,3
135786607,3
1076382117,3
971359353,3
236394375,3
873949975,3
1040667102,3
980048262,3
277114703,3
1081219940,3
844209089,3
2627758,3
726726205,3
950451756,3
917761754,3
657450654,3
1038188637,3
469533641,3
723834010,3
880230356,3
1079215871,3
1071132313,3
1075487301,3
1076105451,3
1058947044,3
115521428,3
1068277413,3
964683545,3
1006066185,3
602494408,3
935303429,3
927081508,3
950683800,3
1050128406,3
972720099,3
1064735986,3
966385543,3
939292384,3
996260425,3
1024425451,3
1053224763,3
948969806,3
961542355,3
1070621142,3
253536125,3
1078701438,3
630280611,3
326536537,3
904858025,3
904375997,3
1064744479,3
1030515703,3
1014030714,3
1052145188,3
980686198,3
410200966,3
749437650,3
909033162,3
934311921,3
937579556,3
852902561,3
961189051,3
1072431263,3
2133,3
1043134151,3
391296594,3
322216983,3
524619067,3
1062522260,3
1004915418,3
335935823,3
1066119534,3
78985318,3
978323488,3
1023153254,3
953046105,3
1052759656,3
1059004650,3
974450578,3
21261603,3
639733873,3
707869151,3
894554234,3
1009912655,3
659168736,3
222998210,3
902682620,3
702601492,3
630476850,3
625844898,3
1060925266,3
322147835,3
1070966603,3
1076595288,3
284081932,3
622964245,3
1049499943,3
1073865907,3
880112464,3
684475014,3
1026433086,3
959065301,3
1064985815,3
1064104370,3
1043646342,3
1082517328,3
934096307,3
11845395,3
944820020,3
869788319,3
360788467,3
714928860,3
842812152,3
1070172056,3
983868108,3
991213527,3
543623319,3
940955695,3
1018860303,3
416659519,3
564435478,3
1079289386,3
1036361836,3
992361181,3
737792768,3
1077250606,3
1018317944,3
917328299,3
1068821411,3
784812583,3
1047782678,3
942284343,3
1043645448,3
784845174,3
301561237,3
1034682029,3
1048687733,3
531492281,3
992492168,3
1049258852,3
1070793264,3
1076920651,3
668911204,3
774779814,3
826109594,3
783267559,3
957456148,3
472120032,3
1056566527,3
943137611,3
1057094066,3
1064346763,3
546266119,3
772633210,3
1057211546,3
1059107441,3
1067677915,3
1075803612,3
1074865877,3
921325860,3
656167287,3
1077535071,3
578605403,3
414354867,3
1043204350,3
246913552,3
1071869600,3
686491518,3
833424273,3
993846807,3
935042118,3
1074795446,3
621329896,3
611716108,3
867857160,3
1027080853,3
570649381,3
1081950864,3
1064474684,3
750041851,3
523566371,3
1048403684,3
989682070,3
91331917,3
1055734927,3
810199394,3
839851202,3
817804073,3
1050623157,2
712238482,2
966419572,2
1000525014,2
950786905,2
588584792,2
556520618,2
912704187,2
81618452,2
967119790,2
339028508,2
1077101017,2
996817545,2
301467083,2
670279012,2
733168290,2
1061924487,2
995541682,2
967515019,2
519325355,2
1038033585,2
13148284,2
1017524743,2
804892376,2
1071091086,2
785203116,2
789927264,2
682563311,2
1036713883,2
637331106,2
1056663308,2
1052332388,2
1051540560,2
1038017991,2
406385657,2
792977784,2
1028474246,2
1020187503,2
549375478,2
994379479,2
1050396899,2
1064210905,2
567118467,2
1074265330,2
785100793,2
422617167,2
618712811,2
1064566475,2
990888372,2
1074157962,2
775604023,2
661707871,2
898706596,2
923009465,2
1002789051,2
893175479,2
898706947,2
842545354,2
615371894,2
695667462,2
890235891,2
1052622164,2
1020741172,2
861822121,2
902782333,2
510145525,2
876773363,2
638574231,2
12413368,2
457647893,2
131270192,2
1017604904,2
934578386,2
802337224,2
966391934,2
891655502,2
634997324,2
1070840597,2
1079313044,2
845211561,2
671154886,2
1016525538,2
886923679,2
203584820,2
1054700722,2
1054348150,2
59437614,2
896463611,2
819131054,2
1069454127,2
979793274,2
1080566943,2
1077023164,2
1011326638,2
979783181,2
807496945,2
853828075,2
970745149,2
1074389653,2
396109510,2
729672391,2
1077404954,2
965680551,2
547369953,2
909715969,2
1049252842,2
1235440,2
1074432121,2
379948644,2
866750098,2
611590049,2
776489863,2
519867101,2
1009544047,2
737182764,2
900416945,2
795070663,2
676280044,2
1059033330,2
718070118,2
743046133,2
1066390174,2
1068074600,2
1000257359,2
1079883481,2
1081911997,2
917854530,2
967585504,2
532131031,2
666813949,2
795102387,2
890955771,2
1041476645,2
1043269322,2
1081955392,2
591613846,2
399746290,2
1077096277,2
1074160403,2
1082151841,2
609067459,2
551762694,2
886886515,2
923397511,2
1078751356,2
881696124,2
1008578089,2
149147042,2
1045680932,2
584981563,2
912203465,2
481110885,2
1009625234,2
942008883,2
951436874,2
478228484,2
886377592,2
734183709,2
1037790043,2
1013706306,2
277396056,2
647741389,2
871867262,2
1034095882,2
843320692,2
1034559382,2
1059906632,2
1020369823,2
968385598,2
1080578384,2
945434406,2
140093419,2
173888368,2
1054385844,2
1021762022,2
945109269,2
1044871379,2
938483936,2
474170658,2
1075559605,2
476653105,2
1043483696,2
707539274,2
1037849185,2
850157320,2
881677426,2
971759293,2
724358508,2
996760458,2
852144067,2
661713918,2
1010576339,2
939823358,2
1073084857,2
1056839641,2
650489530,2
830229680,2
1054792127,2
989188368,2
761977524,2
756053353,2
508340998,2
649207929,2
915587918,2
821784408,2
525704327,2
1064558757,2
1034416708,2
1044658460,2
998038659,2
942531666,2
968887946,2
1056890881,2
1014255224,2
854168207,2
572356312,2
311737314,2
174921297,2
929032912,2
947736721,2
998099457,2
1082063168,2
131960596,2
965194537,2
739820163,2
266699069,2
783260278,2
1039043888,2
130542265,2
997833030,2
817669455,2
727389904,2
957401265,2
1049598057,2
964237782,2
630392647,2
405490219,2
915028617,2
887248252,2
294167351,2
2718643,2
1000577318,2
958609533,2
294167213,2
427299553,2
105507510,2
1068540287,2
1062564905,2
1047455755,2
1080196245,2
695665423,2
942967369,2
826068454,2
965701159,2
904378966,2
1228678,2
454255442,2
942876745,2
1009622205,2
962214503,2
1023038324,2
1054697478,2
1053865268,2
1067975472,2
706601830,2
1080376242,2
406554103,2
314526758,2
1034419948,2
1050110534,2
604268320,2
1040234153,2
1013731912,2
946114291,2
894233010,2
983662987,2
367349894,2
937654661,2
1033121045,2
930262354,2
1003009618,2
960897742,2
984078769,2
968292084,2
1004750524,2
1079882345,2
1064772516,2
239413419,2
1003067000,2
997178392,2
649607525,2
1014631070,2
996735740,2
1030547045,2
1048681931,2
368652007,2
1048794443,2
957670324,2
1031403601,2
229570036,2
308611204,2
847424365,2
1035153007,2
762589303,2
945852371,2
530304797,2
893971335,2
524442258,2
918115027,2
894142945,2
1078415912,2
1063449130,2
820280128,2
1066611741,2
878619234,2
864028412,2
171090986,2
984368036,2
889700211,2
112008562,2
741395541,2
582183978,2
967056930,2
501838094,2
862211991,2
1075047569,2
1006163402,2
976336983,2
1081579176,2
856254678,2
325593630,2
878415620,2
1004263700,2
971740868,2
1029510603,2
1080711726,2
1060398169,2
583121355,2
1068075624,2
958282238,2
1034402569,2
476488105,2
1077098626,2
620974877,2
1038528660,2
235855522,2
868819098,2
1015661565,2
708597479,2
498792602,2
620344833,2
1070840070,2
413711316,2
996798894,2
21930820,2
913070694,2
781760027,2
1034178665,2
1051879858,2
964282228,2
904936947,2
1073723007,2
1049592426,2
1016470973,2
1018626880,2
1045017510,2
981301477,2
21932548,2
21931136,2
21926450,2
586618446,2
883699605,2
282322030,2
753765170,2
474361428,2
276932192,2
627577269,2
412791308,2
996668469,2
1052420410,2
900448506,2
959081739,2
997392458,2
1046964261,2
1047084085,2
1077327539,2
968242590,2
992581421,2
1078398448,2
882377398,2
1077626231,2
152360312,2
1012913056,2
1070340151,2
1061256022,2
124890189,2
387469130,2
1753075,2
532399197,2
101720316,2
714565015,2
1030940645,2
771709692,2
996801561,2
1040776021,2
897650205,2
1018590427,2
1060483076,2
1074139898,2
975443707,2
1038670655,2
1037853809,2
975557315,2
1062436085,2
780550249,2
1054760018,2
1077507021,2
1041013826,2
1035919202,2
1047547254,2
967681072,2
1055317443,2
240103862,2
41299510,2
1000671991,2
1023243594,2
1071196712,2
796831829,2
1009706095,2
632735776,2
894159971,2
946109835,2
1025681150,2
875988473,2
1037563437,2
1038086835,2
960886171,2
749500532,2
1073511702,2
736546586,2
754653592,2
1072649137,2
590546522,2
1061752781,2
1052379821,2
700859518,2
1051836822,2
1034149526,2
390868969,2
760737208,2
363278735,2
905736812,2
634064078,2
1045454877,2
1061339100,2
1018177311,2
854440494,2
1026547838,2
1017124937,2
815917140,2
946374202,2
921758792,2
963562188,2
55938074,2
491727790,2
1048613200,2
198467600,2
1000614593,2
956345264,2
77278452,2
362432136,2
1004724017,2
915560632,2
1001578195,2
1028169144,2
847915138,2
685100750,2
836879845,2
1022914620,2
1018113529,2
183117602,2
941247680,2
1073202156,2
1043356146,2
565808818,2
625810330,2
1039686474,2
1062985171,2
414853264,2
819044660,2
1058278245,2
1027241898,2
1023407947,2
1071726911,2
975802303,2
1073401170,2
904625865,2
223470508,2
624921727,2
1013670242,2
1037822924,2
1052679499,2
1051249527,2
955276439,2
1016037849,2
1056644515,2
806689906,2
396629056,2
1071341907,2
1071071062,2
768098385,2
1015674326,2
1041010175,2
1059117707,2
356086858,2
491359026,2
948655613,2
654965821,2
741790535,2
1005753721,2
1079317302,2
900518385,2
1065927714,2
1000328794,2
1074306118,2
1037756767,2
604875481,2
996889966,2
264044864,2
1002961515,2
915716442,2
1047404049,2
632307285,2
1000611496,2
1058348106,2
693109403,2
1081646876,2
1035117190,2
881383379,2
915648957,2
572467223,2
865939670,2
1052212297,2
994691746,2
969499076,2
771415637,2
712801157,2
1048320126,2
942910763,2
968805854,2
959116412,2
1029663241,2
947832652,2
1078140016,2
578692922,2
18024207,2
984065242,2
1068340593,2
12684770,2
891336781,2
676333982,2
781251646,2
736169087,2
795837119,2
1046435263,2
1018349851,2
894650528,2
1027118572,2
1078627137,2
716286788,2
556211140,2
784918132,2
1038296521,2
659916954,2
998489130,2
261136141,2
879370105,2
1050118122,2
1009548077,2
1058659400,2
904926756,2
1034580657,2
979776149,2
1047935707,2
1027361886,2
722441721,2
714782728,2
1014077966,2
65289560,2
1052819710,2
875658543,2
143650076,2
1076184183,2
1002441270,2
1062144265,2
475529587,2
1029844908,2
1056277251,2
871132676,2
913806756,2
1047953683,2
1070593929,2
193082936,2
977915769,2
381280770,2
1064763676,2
48046944,2
921129661,2
882378207,2
992489176,2
901082464,2
1044634019,2
902858946,2
58959734,2
980132054,2
1077437744,2
14319469,2
864832296,2
1080667263,2
1063201201,2
1070896108,2
98850437,2
943865039,2
688978,2
445824887,2
1037304767,2
1042508383,2
245783328,2
958523057,2
954834169,2
947578838,2
564026066,2
700312600,2
1043267612,2
584243597,2
854161593,2
643603813,2
1034898944,2
394122755,2
1071434535,2
1030215724,2
977254202,2
564817585,2
937606972,2
775099418,2
923063701,2
604429581,2
1082511723,2
523007623,2
282795602,2
1074487552,2
1080124767,2
1041935930,2
1067883651,2
1059872902,2
988893115,2
696169086,2
428510300,2
1049271714,2
962691183,2
468058581,2
419117788,2
996088499,2
238247547,2
854270831,2
1037935721,2
1045410345,2
1009283467,2
1041719888,2
935985013,2
563141407,2
1014800803,2
1013668165,2
739856901,2
1018059475,2
1028083979,2
25681978,2
939508793,2
905584826,2
252707248,2
100404579,2
731107979,2
744148355,2
744047713,2
1013113102,2
314475209,2
868620037,2
942374499,2
1067919432,2
992528646,2
901231839,2
796108432,2
782940618,2
349588571,2
879476896,2
1067728765,2
503767308,2
1021709641,2
412819457,2
1071120826,2
11873404,2
743012253,2
1022701893,2
996772750,2
960218500,2
410921384,2
1050421293,2
959102201,2
992406100,2
552572612,2
880913420,2
930643890,2
996136384,2
1040378695,2
773409694,2
1013247163,2
997294401,2
564396227,2
955590718,2
782939512,2
782940064,2
105680927,2
890921414,2
629545144,2
724954727,2
1042874771,2
991906251,2
1043536557,2
74606644,2
1011095967,2
625285065,2
698989994,2
1059233660,2
606059276,2
921524518,2
1057711268,2
189659114,2
974490603,2
1069385948,2
1061897275,2
320025044,2
1067749421,2
1013730113,2
941290049,2
1046681131,2
637296860,2
798871989,2
296241889,2
385157456,2
970493914,2
998594575,2
892916017,2
1028740871,2
356441789,2
579132712,2
170092744,2
1000508989,2
920703266,2
873497331,2
1062211285,2
1070849797,2
1029693676,2
834605234,2
1039690663,2
1076666279,2
1067513053,2
1035577565,2
767078314,2
640473371,2
839159826,2
511192104,2
268427902,2
1066529938,2
969846274,2
946996735,2
963983423,2
676060834,2
516345342,2
972852260,2
1064941647,2
1018613827,2
941651234,2
1060200673,2
115491715,2
839486346,2
1006103735,2
933914075,2
977226339,2
1022619096,2
848284929,2
704669719,2
269177776,2
1049160580,2
1023477614,2
406098015,2
427782331,2
971024523,2
1077304776,2
874229520,2
1013712998,2
584687868,2
642138548,2
700417485,2
403015703,2
792630469,2
429581878,2
717178182,2
1066022963,2
966288725,2
954092432,2
679150961,2
1052682587,2
995536101,2
1017555611,2
1052398039,2
614511450,2
1027440888,2
994818388,2
1022642978,2
581180983,2
790835736,2
996693872,2
815610908,2
831274817,2
881980503,2
992468356,2
327547948,2
1059360803,2
849572208,2
992674633,2
445290536,2
632359777,2
455508679,2
693710101,2
1048393327,2
1012960355,2
541169495,2
658987812,2
725755221,2
425923337,2
988448098,2
791383965,2
879599618,2
649555236,2
632391936,2
718447866,2
890759344,2
700562187,2
1022574139,2
1048149771,2
766096349,2
1009315284,2
963637643,2
337801192,2
101156212,2
897841367,2
725023814,2
824870831,2
754617855,2
1058123161,2
698670284,2
996771201,2
1013784302,2
1062041309,2
724485838,2
784472095,2
901021611,2
901033795,2
1013812263,2
992458243,2
979520839,2
996388276,2
1053357926,2
1066547776,2
615111916,2
1047186613,2
957274649,2
1005024768,2
1061934500,2
992357288,2
996203622,2
1000604848,2
967774492,2
994646410,2
1031468740,2
934218033,2
872681211,2
1019279870,2
714566172,2
1047837710,2
810177044,2
1071097842,2
981319432,2
754278274,2
1056506414,2
938717530,2
839380498,2
404800009,2
409644770,2
1055743798,2
1031215603,2
864557834,2
1053773731,2
869808652,2
527178818,2
1076082609,2
971239857,2
919094919,2
546906461,2
169066016,2
956750800,2
646707723,2
870450372,2
752055722,2
1063611819,2
1064778638,2
1067757455,2
937711737,2
751789140,2
1040524621,2
387365897,2
956631916,2
566610279,2
955822350,2
788594521,2
1003645249,2
1020252547,2
1067685765,2
1049035446,2
996789132,2
918348128,2
754651128,2
460257280,2
1013250371,2
926935828,2
203354232,2
937736430,2
472257896,2
1028333908,2
988291727,2
891327056,2
350522112,2
502530830,2
1022751259,2
679679073,2
996761581,2
1022314187,2
784275250,2
873521355,2
1063727788,2
944112495,2
1038186439,2
1018227540,2
835210108,2
968588684,2
1038040585,2
1054667350,2
871239212,2
201324797,2
954871682,2
1013661620,2
1000598944,2
1075617682,2
1063413563,2
1079800738,2
1080886067,2
537596167,2
727461210,2
1080365168,2
1045159904,2
487976135,2
477725565,2
75446012,2
1022919016,2
1074839447,2
1059369700,2
1051200287,2
193095669,2
1031021990,2
53796810,2
986023674,2
1034567395,2
553392662,2
1046059937,2
986024117,2
1036187375,2
984183045,2
1027892952,2
1072193828,2
988999008,2
1078926542,2
836043905,2
988525313,2
887536518,2
957349135,2
655087011,2
968558819,2
1016392527,2
1067539844,2
1072431668,2
1073464323,2
848119779,2
1049336912,2
630170905,2
680856397,2
1079197486,2
1020607969,2
88564231,2
2938053,2
1057025456,2
623651538,2
1019187160,2
1045827137,2
1042272092,2
992597559,2
1022533125,2
970974930,2
1035306714,2
1051521074,2
342110358,2
989718823,2
907668746,2
1077147863,2
870098720,2
988870447,2
665049940,2
734839555,2
226357204,2
991810053,2
276660763,2
681187823,2
1057329047,2
216781768,2
1048006027,2
843925500,2
1067908938,2
1062166131,2
527610623,2
1077580027,2
1056766364,2
779698593,2
441347814,2
979444799,2
446443035,2
459631207,2
938620752,2
1077215534,2
976458245,2
1081336503,2
941137347,2
1032798629,2
1080656334,2
954851982,2
1055620890,2
940986032,2
1055436888,2
1018114150,2
966382890,2
832414157,2
508796454,2
1015006565,2
956984337,2
404950182,2
817537489,2
1024276522,2
219287102,2
2087410,2
105448689,2
545625395,2
946093834,2
1057729041,2
1043331600,2
1070897569,2
1079285179,2
1068998603,2
468842275,2
1018568492,2
563504251,2
1061732916,2
985710325,2
1068032505,2
383851214,2
1060250900,2
419598774,2
178216563,2
404063728,2
723606932,2
894709280,2
711057649,2
1046709354,2
1070980526,2
99838016,2
1074054319,2
625601251,2
1066107088,2
1062242033,2
1073625917,2
1010230731,2
951281633,2
999448149,2
1073255339,2
554690423,2
665719610,2
476417305,2
714798947,2
865866763,2
1071985700,2
1058928545,2
1058442486,2
11269827,2
718085371,2
1034491160,2
480611963,2
1031542648,2
374494449,2
755640654,2
782578683,2
782573424,2
782547438,2
1066053278,2
782547563,2
1039217967,2
1074395411,2
812028588,2
1074722104,2
1023152467,2
166194260,2
77548070,2
1018802169,2
964111718,2
1059187323,2
1027959651,2
503135628,2
1076675276,2
782820052,2
894011637,2
895716250,2
229425472,2
572247738,2
205049008,2
807245483,2
116134475,2
701659307,2
1055015857,2
1049478713,2
1059143683,2
705760595,2
1069124213,2
1078563980,2
825638532,2
509381713,2
896239272,2
693555919,2
1074034563,2
1058056547,2
992615597,2
1014043268,2
1048575222,2
931201,2
390873073,2
915813508,2
838840359,2
589251347,2
1078778897,2
753365957,2
38041040,2
575611681,2
869140396,2
942047992,2
782161220,2
239889655,2
1074357514,2
976436640,2
1000356730,2
1045460692,2
1040730889,2
962672585,2
865990236,2
365138810,2
881670882,2
10148531,2
265327349,2
776180774,2
209070554,2
922880680,2
1067288849,2
1074419676,2
1057848691,2
636103578,2
974575056,2
677065493,2
858370472,2
858315790,2
993943106,2
1018074466,2
560070511,2
832946359,2
582287199,2
990514992,2
976348206,2
831856188,2
954064836,2
962606360,2
997010026,2
652073284,2
1039296396,2
1049618558,2
341464831,2
789970226,2
231966303,2
150463650,2
148624501,2
1075064978,2
945693332,2
1078001079,2
876183659,2
1042714304,2
958972617,2
832580072,2
818935483,2
1054006158,2
974456161,2
1077244849,2
942021296,2
328893713,2
1064736576,2
658030694,2
985535285,2
775532060,2
925227304,2
1073999072,2
1056060834,2
12239450,2
1070554753,2
1041625507,2
946800412,2
1075378778,2
1006110683,2
1005078275,2
1017268063,2
1049794576,2
1048533346,2
540934427,2
943042047,2
977970381,2
600556589,2
1080327644,2
961007009,2
853115489,2
984204506,2
520671340,2
925437299,2
1074646092,2
334168117,2
919485595,2
941275955,2
942569157,2
958779123,2
967461689,2
1055158091,2
991204359,2
829068343,2
676742540,2
345745494,2
905242101,2
1000737795,2
797711527,2
904977134,2
1023057987,2
345476254,2
1009575993,2
647032584,2
742737668,2
94425003,2
480529343,2
1046198546,2
480521955,2
480525585,2
480521141,2
1063252538,2
1014510712,2
111895447,2
420903180,2
503498991,2
1028783198,2
104844546,2
949119985,2
482810546,2
1045206909,2
757047918,2
1064753055,2
449734507,2
785417769,2
250636584,2
897439425,2
916132804,2
444410966,2
743152619,2
1067621406,2
951499071,2
1037101259,2
157990299,2
954679914,2
1064922209,2
868959699,2
1000909281,2
1000924829,2
420134019,2
780520134,2
1000582669,2
972146735,2
998069157,2
1062366632,2
1047310866,2
992042118,2
766177151,2
930850736,2
947136424,2
954622254,2
1031811262,2
1036581492,2
982186221,2
838833140,2
1046876898,2
964990679,2
1040625565,2
979842537,2
884283336,2
1056834011,2
1025765169,2
984565979,2
670144127,2
1059894168,2
1026098863,2
879667665,2
905007833,2
854036139,2
1013947445,2
980077818,2
1056261123,2
1079534689,2
621872341,2
483947556,2
1071819597,2
1082780921,2
996200520,2
1054550509,2
444053173,2
1011365388,2
908790688,2
1043233761,2
1009500940,2
682297682,2
934503420,2
872823526,2
1057881231,2
854398200,2
245664219,2
1077253063,2
1007755349,2
1018403105,2
457946831,2
991908163,2
675732972,2
671810432,2
456343759,2
1050346473,2
1049275108,2
1013881714,2
1024939962,2
543326973,2
874025316,2
1036729774,2
1057972921,2
873323096,2
964499997,2
328933149,2
1034324976,2
1082219356,2
939975152,2
644086244,2
513679515,2
468059517,2
1021012198,2
1061966098,2
479802414,2
40842350,2
314620903,2
959684857,2
269484659,2
1010817929,2
702883011,2
1014125162,2
1019423324,2
1015678161,2
1053629304,2
1013860413,2
988472884,2
1019228670,2
1011800594,2
1080872919,2
799450070,2
1067809438,2
944885732,2
1051236066,2
1018909087,2
383913452,2
1049028444,2
1052812382,2
943263758,2
1052606756,2
1056559819,2
1079704004,2
1048696900,2
991497887,2
706742857,2
717107419,2
1074532339,2
1048288655,2
783396722,2
152403998,2
690552369,2
171267346,2
1015690589,2
930902423,2
1061359658,2
1027623174,2
936556163,2
1005027247,2
869064047,2
1048466108,2
1078957477,2
1069418241,2
964805689,2
601776477,2
711358842,2
235630566,2
917779342,2
1052354876,2
911879122,2
981336236,2
666353367,2
989719446,2
25716804,2
1057388701,2
790633497,2
966429751,2
866428459,2
934389029,2
927384383,2
1038542749,2
779612786,2
937861972,2
1041833329,2
171181805,2
1076138499,2
969666568,2
1077172327,2
1080306373,2
1061764487,2
36092820,2
1008624197,2
1062504197,2
1027323882,2
1071342406,2
1074052317,2
982262500,2
1078142251,2
1027277739,2
1074408343,2
520816796,2
1082485061,2
1005293479,2
704164499,2
896610844,2
998382844,2
958755520,2
1074828266,2
782604663,2
991854,2
723474353,2
958793366,2
1083001873,2
1029729288,2
559220957,2
1064653650,2
992790041,2
657663480,2
1050944180,2
1068040180,2
1038849713,2
1073821783,2
1052650641,2
775478958,2
782639287,2
1083338840,2
1082030362,2
1075083770,2
547548276,2
569623924,2
857657906,2
1034156639,2
844518082,2
1079639871,2
598478579,2
103371112,2
1040580518,2
958238039,2
909823873,2
945966990,2
598146640,2
996048928,2
979978004,2
960977334,2
936456971,2
541615666,2
930389135,2
956797584,2
106960075,2
387613229,2
484978783,2
220215099,2
396840414,2
1033758854,2
402752925,2
960857319,2
1075036133,2
1058751542,2
883672795,2
1067715410,2
963028113,2
1013579428,2
1075069093,2
482808921,2
677962326,2
833622700,2
1040209858,2
956533809,2
579906623,2
1040868736,2
886837893,2
318661645,2
1080478847,2
987642695,2
781668407,2
113321949,2
140751896,2
655787872,2
1009382724,2
1065390479,2
1038054749,2
945287318,2
789695426,2
1037701809,2
413514059,2
563960212,2
604365857,2
975869354,2
1079889667,2
1074604136,2
1022361482,2
1071742114,2
1077410525,2
709573718,2
833955406,2
987837298,2
620943587,2
995442827,2
995940939,2
847492589,2
864055170,2
646845542,2
954536426,2
948890456,2
940392984,2
740178078,2
1028954034,2
1070061851,2
483299924,2
880163761,2
709369745,2
743705309,2
780786850,2
119343003,2
1010792511,2
1032323725,2
534694646,2
872090041,2
1037632332,2
1039797811,2
1049074662,2
885814151,2
1060756928,2
1052281786,2
1051636944,2
1029762042,2
901480521,2
960588878,2
1029592074,2
1062080884,2
1055992555,2
870430511,2
510416257,2
103137194,2
653108896,2
1053390760,2
995657765,2
930594653,2
928866735,2
943948318,2
835776648,2
809623321,2
753823539,2
970011992,2
1051987979,2
1078226756,2
1074297210,2
950621098,2
984467607,2
544564053,2
1037752191,2
994246573,2
102729447,2
1071306733,2
310961652,2
1065593844,2
531323649,2
940999098,2
953775271,2
1081142330,2
56987758,2
773726157,2
948394412,2
804371611,2
1059820165,2
925634420,2
719094800,2
845771231,2
406472147,2
171260887,2
1079299674,2
119999022,2
145876983,2
1071160555,2
1050959818,2
750239618,2
1041417916,2
1073804818,2
63957956,2
891662317,2
1044434613,2
1011680011,2
1035366933,2
170009169,2
849128739,2
981434493,2
1033542450,2
944840509,2
960672669,2
982607973,2
1034136176,2
666015747,2
1050290509,2
1018160572,2
992442132,2
814185396,2
1064177171,2
1014882567,2
906594005,2
1052209710,2
1075299409,2
1078883097,2
935897503,2
805008798,2
991396764,2
1055181507,2
1046961501,2
1031002020,2
599848800,2
586471752,2
1058171364,2
1079857843,2
1063637149,2
1066041103,2
912407209,2
1052030922,2
1060768906,2
960965674,2
1052280301,2
920798416,2
1057866540,2
247827595,2
1040564302,2
1078799398,2
1036295582,2
1056253065,2
1063040053,2
89178084,2
1029681778,2
988539953,2
960027697,2
675413201,2
532794861,2
639476789,2
322341152,2
996502495,2
782187655,2
121545735,2
575208979,2
680539548,2
804638292,2
1018882484,2
1013688296,2
854582826,2
980702151,2
955260254,2
711993276,2
1065768268,2
903922062,2
995035749,2
826107217,2
1041925842,2
1042389735,2
72949276,2
956965010,2
1018917270,2
402476422,2
1007088897,2
733161192,2
57615346,2
1071148574,2
843174647,2
671253570,2
478723552,2
934322651,2
585804266,2
1071375533,2
441851148,2
996207268,2
945513166,2
47278070,2
943639503,2
888848476,2
944525670,2
957455689,2
670754400,2
897878642,2
944884081,2
1070445733,2
995756307,2
302111838,2
941128185,2
706565096,2
945827106,2
549545945,2
941761596,2
570624224,2
760488484,2
1039875690,2
623322934,2
1041777660,2
1005336062,2
1037808035,2
418203025,2
964711779,2
844261179,2
170092455,2
1041274778,2
945631363,2
1049750323,2
1069768995,2
988617292,2
910193938,2
1017176812,2
975532471,2
1056593855,2
29738690,2
1007947012,2
995907488,2
992883392,2
985951502,2
1075998693,2
996157778,2
961009435,2
885360699,2
1068266850,2
1081449813,2
1071610129,2
992101926,2
839376396,2
1003770216,2
979414421,2
1077627618,2
863073037,2
1049846375,2
426089527,2
619178383,2
960536187,2
960904623,2
1011459427,2
701165709,2
1049363404,2
1030611113,2
909983631,2
571882797,2
934359056,2
436977279,2
1025304236,2
1014087827,2
985818427,2
888760609,2
1031495003,2
351730967,2
767817309,2
1042647963,2
1079170434,2
134851546,2
949217944,2
1046880071,2
1023061617,2
793738804,2
1050031691,2
1051693129,2
317312910,2
679167050,2
295028889,2
296887232,2
671205328,2
958090181,2
843179776,2
959568777,2
436754979,2
1056642970,2
1051540016,2
1005178492,2
1065588272,2
713395744,2
1064953390,2
862014723,2
771848131,2
984285795,2
1029238478,2
1001969752,2
674359044,2
1055442986,2
595202582,2
87816445,2
726205049,2
425526171,2
951968452,2
909366403,2
1049966203,2
1073898365,2
1071450813,2
1072904924,2
981784283,2
1073072550,2
554599015,2
1075029905,2
1059951775,2
332424530,2
965579021,2
996311959,2
994927243,2
1004519585,2
510191754,2
597883145,2
886173585,2
1075536860,2
631470393,2
1078505516,2
1073681892,2
411716278,2
1001637656,2
1001549033,2
893192116,2
1441229,2
1051137704,2
520730432,2
1031846716,2
753197027,2
990351982,2
1002461518,2
628920326,2
1041380131,2
1028367131,2
1051729358,2
835026816,2
911481785,2
1054425622,2
1071204444,2
322186024,2
1075238427,2
1070881648,2
1067644850,2
1081865003,2
942458248,2
1047858688,2
706538698,2
1060297095,2
1070978581,2
1075157833,2
923379798,2
1047419296,2
839676460,2
779182956,2
1080798916,2
954583958,2
1005017330,2
1069688384,2
1053068496,2
904897054,2
377785579,2
1066756876,2
1030435186,2
1041026557,2
1056254412,2
728635866,2
412511420,2
1055690488,2
1053587660,2
458630758,2
1057969257,2
1069386676,2
721967129,2
1071688690,2
1014031785,2
992326664,2
649932368,2
880927601,2
1078624329,2
1039674307,2
960240810,2
940130065,2
723749239,2
362253555,2
737287415,2
802578072,2
923943889,2
1074248843,2
285675327,2
1052528738,2
444266900,2
1053564553,2
854306056,2
784981499,2
918988469,2
541871375,2
995441099,2
338838206,2
749873336,2
646653369,2
711030818,2
1006942397,2
1048972741,2
245744567,2
1074205470,2
228615322,2
1074484379,2
1046644662,2
945447681,2
1048510949,2
1009897911,2
768034428,2
927101527,2
450312661,2
604745326,2
988575425,2
1000919495,2
882959818,2
982648509,2
622753799,2
1014032594,2
839391847,2
838681677,2
134204916,2
967612457,2
637869993,2
709049894,2
716328966,2
949938620,2
978778079,2
1053351444,2
1034553326,2
1032911406,2
1031867204,2
1031647674,2
796861078,2
1063602062,2
699372219,2
573378130,2
958652881,2
209386425,2
142193517,2
479023615,2
1051870756,2
980885942,2
302352657,2
1081898083,2
424884101,2
1065828187,2
1022728701,2
1079701070,2
138055212,2
564663140,2
913119602,2
854443157,2
1021056707,2
828667064,2
414563538,2
835932588,2
965239535,2
871378671,2
804918253,2
139081013,2
1057571698,2
1027392139,2
943690673,2
1033118317,2
964130911,2
1055464082,2
612126631,2
1080506207,2
1063462091,2
894353023,2
492353101,2
1027407579,2
1022121474,2
1062732588,2
1066113609,2
1075775469,2
1071208403,2
71918578,2
964561868,2
556357642,2
410538360,2
945950949,2
1034252937,2
314252389,2
763105913,2
1000977778,2
511345021,2
808494838,2
910147789,2
1049447535,2
1080660446,2
1078201992,2
833683229,2
975555743,2
934253602,2
882195301,2
538555502,2
1059268394,2
995367021,2
1080518050,2
434877139,2
1045194905,2
1013604687,2
1024461468,2
1076157678,2
1011831378,2
930649562,2
1021476788,2
806218639,2
1035517012,2
722328287,2
1045176470,2
926985886,2
320585377,2
715762737,2
1008168882,2
954886123,2
889995509,2
723081310,2
573354163,2
984283079,2
983323556,2
998022834,2
976374024,2
1078149621,2
1046207267,2
870414871,2
1009403709,2
1050619293,2
1075637913,2
720059962,2
372824868,2
908854947,2
387899379,2
112508276,2
433036784,2
348002364,2
1076079437,2
398758264,2
359251558,2
1054905108,2
965912989,2
22812498,2
319586583,2
261210064,2
660380814,2
115401767,2
279287752,2
408121589,2
389577981,2
946340187,2
971141748,2
845738556,2
870861826,2
872302250,2
1003419987,2
899811732,2
961122670,2
263595582,2
962415521,2
1082535360,2
655245761,2
357451469,2
727073380,2
775974996,2
1078305136,2
1059079408,2
969043955,2
607227886,2
950973643,2
1071475832,2
822620655,2
956431326,2
432201844,2
1075086020,2
299731457,2
497795294,2
757292321,2
990403238,2
143618360,2
986906375,2
791650015,2
983525449,2
1077159100,2
1049877092,2
1014538552,2
92497432,2
947046524,2
1072331963,2
1075003331,2
1037607047,2
971877000,2
971930406,2
499793913,2
1049868577,2
1047826239,2
992708784,2
1071322956,2
1080411606,2
1079721172,2
1049595557,2
554298058,2
498194609,2
120775923,2
415385999,2
1058715775,2
1035882470,2
636470547,2
927811716,2
1069193977,2
781851957,2
749564038,2
953538926,2
664832165,2
763872563,2
411432427,2
52288136,2
277263331,2
382035329,2
520060226,2
443100142,2
975776278,2
1039367313,2
1042505236,2
1048257681,2
608871948,2
1000766753,2
1049510613,2
1009336873,2
422632612,2
961737513,2
626056419,2
997639879,2
759809661,2
376959893,2
990064184,2
150162839,2
621132217,2
756895543,2
1051873947,2
962800542,2
970460148,2
921526404,2
765575421,2
1013592693,2
791588342,2
319076081,2
868458754,2
187139359,2
1045762965,2
87814375,2
580033660,2
683229528,2
383773482,2
889988825,2
504792834,2
781709835,2
719596398,2
781113520,2
534798216,2
698673719,2
490369832,2
1075199716,2
759257780,2
426553719,2
1073585826,2
747508128,2
647278317,2
725723627,2
995106024,2
1054523739,2
1038020829,2
637302089,2
1072369049,2
1056694849,2
1049282180,2
804160829,2
383108730,2
426548673,2
426546890,2
428652849,2
1045540712,2
836062966,2
1058097005,2
227096037,2
478869423,2
1058958132,2
216665593,2
865942382,2
416605101,2
521850059,2
1074423753,2
810044914,2
1053868292,2
810977975,2
1051250418,2
1029423517,2
790283740,2
1018556025,2
795098302,2
477864320,2
871232791,2
1055053451,2
1074241498,2
620496095,2
620495662,2
919089942,2
1051180891,2
1055173912,2
1059235723,2
1057110812,2
1061703701,2
167219636,2
989850631,2
77397428,2
1009622635,2
1071418794,2
928899169,2
994820461,2
644991865,2
313295916,2
1040902471,2
1017477502,2
1017334146,2
905088065,2
938307210,2
1045412908,2
694540239,2
783606041,2
1062829712,2
1045442171,2
123912632,2
854661185,2
117702023,2
1060337445,2
1023144076,2
1023068178,2
235984784,2
1066495276,2
1065454233,2
1040789998,2
989967202,2
990613362,2
621172683,2
1051245057,2
541277590,2
1034562706,2
923325406,2
1009374578,2
424054321,2
669828978,2
235984889,2
916544361,2
964762211,2
17209672,2
947434852,2
1080621484,2
1072362067,2
1018377808,2
1043978281,2
798823777,2
1056099850,2
1034631979,2
991783327,2
86958095,2
1050038445,2
1068762742,2
1079560844,2
1001557515,2
817619814,2
494669771,2
907312030,2
1066556985,2
456857547,2
993131318,2
1034382458,2
1080165699,2
894774866,2
1071368836,2
781709661,2
1074312544,2
950804304,2
854398085,2
995357557,2
1050544465,2
936961888,2
1063689132,2
566748861,2
966650904,2
622835147,2
694270125,2
788181280,2
1074143855,2
1043962358,2
950091129,2
1047068780,2
987637260,2
160479864,2
964599643,2
1075278509,2
1051216399,2
1004927479,2
1037852073,2
1078174633,2
823148412,2
992231586,2
1071629056,2
1062489129,2
1074124811,2
1067708773,2
297837040,2
924201934,2
1010102781,2
1073108511,2
1052344907,2
708778664,2
1009413716,2
911464510,2
992410700,2
997243869,2
885251856,2
1009617708,2
905656169,2
1044197401,2
983949379,2
948695798,2
443168164,2
1030494123,2
347842012,2
1054650452,2
521622325,2
968494337,2
1075382233,2
825865971,2
1065866326,2
332437466,2
247299020,2
1077261251,2
1042071048,2
898287314,2
1070182780,2
224896574,2
1027533291,2
964854994,2
31876,2
791882347,2
766754234,2
1000368450,2
1064371869,2
1040478265,2
659024733,2
10247904,2
1077137586,2
888116540,2
726528870,2
735945201,2
704844016,2
517203610,2
701379040,2
673085747,2
1022616821,2
763721091,2
1018353538,2
704834751,2
1022791705,2
963100670,2
821416519,2
841512666,2
1077237471,2
1011052786,2
897903299,2
1030942860,2
579384992,2
1077223610,2
378863692,2
1064570354,2
1062108627,2
824886040,2
308771655,2
981439279,2
570932528,2
1063864562,2
979466983,2
1004984773,2
702629923,2
1081711134,2
1074011095,2
142168775,2
1075796439,2
1053009359,2
959958447,2
996806459,2
1066543460,2
964330635,2
680244322,2
708613903,2
1067686497,2
902600586,2
972053347,2
884476505,2
884477453,2
887471984,2
971597259,2
967225506,2
1064070209,2
767660172,2
1065593064,2
975694904,2
102478772,2
115041162,2
975383548,2
991625682,2
977754436,2
943331750,2
1067908826,2
922266206,2
314433102,2
874312400,2
1013543743,2
1077251780,2
988264034,2
945297512,2
613257660,2
16291089,2
981403957,2
952813428,2
1062517592,2
636545561,2
1043962942,2
951367993,2
564194152,2
527598524,2
936602105,2
1045519384,2
569953639,2
1064584263,2
1071118993,2
737470088,2
737471493,2
21793978,2
1022236684,2
1038531451,2
1074173037,2
1034372285,2
697552131,2
1073976334,2
1046103229,2
991780012,2
983432039,2
992020873,2
344347407,2
962385234,2
431210948,2
1052563450,2
1052272715,2
998684327,2
1045856869,2
924785532,2
1059405046,2
759772690,2
953503377,2
881696532,2
894739772,2
1022301131,2
955199767,2
706965235,2
1038087227,2
930690948,2
603274711,2
1051659096,2
1077276723,2
788636935,2
858995301,2
992102481,2
781959584,2
152950958,2
1075456708,2
855445766,2
1052703178,2
1043859009,2
991140671,2
449853648,2
624372915,2
877070520,2
1059919776,2
1020191837,2
412702440,2
486632504,2
148769358,2
1072702113,2
799960534,2
877362076,2
1039522160,2
503258334,2
471688706,2
1027088913,2
1030458620,2
341445230,2
282519373,2
34732242,2
1077418170,2
993457589,2
1082285203,2
483112694,2
1049823028,2
692762296,2
966039446,2
937872450,2
900097991,2
1048748946,2
1043094970,2
527340948,2
699520705,2
636138921,2
586249004,2
193216,2
608077189,2
23652549,2
961958174,2
948183467,2
569047300,2
1044974425,2
510410779,2
1070553806,2
710334366,2
881140993,2
1047903544,2
894183415,2
1020384861,2
886358738,2
930491111,2
1070410571,2
1023598853,2
939621057,2
956581347,2
1080542784,2
315943507,2
169936361,2
684065914,2
995230379,2
992946604,2
1044197616,2
1064797635,2
318927435,2
600469280,2
357420083,2
833965982,2
337665977,2
1074125268,2
849227574,2
912503222,2
520625786,2
514140660,2
56534898,2
587166423,2
1061954021,2
330441247,2
702206457,2
1062217583,2
354078147,2
1005196154,2
1059995784,2
891253116,2
380390521,2
10012676,2
377076239,2
619152978,2
811375440,2
1080210897,2
1037164040,2
1010317531,2
720027854,2
432552617,2
505514665,2
953530944,2
1063005251,2
844845546,2
443449805,2
481024743,2
138138574,2
46587498,2
1070098570,2
546101800,2
323984271,2
1045853386,2
440512473,2
323363385,2
60165802,2
1069499980,2
1001411666,2
1071263639,2
713735815,2
991499100,2
1070996816,2
1043738671,2
881212857,2
963580180,2
626889973,2
885329020,2
979372174,2
588234070,2
573535522,2
1067897168,2
1027118966,2
1062323690,2
1061689224,2
701327240,2
1043493430,2
1075079921,2
885791797,2
1030449094,2
992308909,2
882044658,2
1028077752,2
1018776871,2
1077109903,2
970837387,2
282590509,2
1051854855,2
1060225274,2
1078398419,2
1035068096,2
662838720,2
1024209604,2
1024573942,2
280903931,2
922633816,2
819784573,2
1073660196,2
483376122,2
588498740,2
1060683481,2
843010744,2
746921714,2
1028104836,2
1068396064,2
807661818,2
712511942,2
1078086665,2
943410468,2
1067793905,2
1053685806,2
247987287,2
590694522,2
1075542061,2
61357632,2
1043378820,2
1059457241,2
1055465772,2
1041570813,2
813688017,2
1038360081,2
536199173,2
912317441,2
668727795,2
787562783,2
320954606,2
746501468,2
1077574883,2
1040863799,2
115692078,2
1046645884,2
1027108653,2
924023865,2
591695833,2
1004732140,2
484441532,2
1040847886,2
1077214155,2
1075145796,2
996730480,2
205764177,2
794262893,2
311064090,2
279143573,2
996652377,2
581566334,2
572351658,2
1055802472,2
1067926868,2
1078716524,2
1047992173,2
1071385092,2
514247378,2
1005282696,2
1062403926,2
1060882959,2
1013213215,2
703480148,2
1076594229,2
1051324660,2
973875249,2
690521265,2
1075978290,2
1061536495,2
1073977894,2
947415150,2
636166006,2
39521030,2
712444,2
1076102736,2
447064182,2
388987572,2
1034625096,2
1938196,2
630394118,2
1064314882,2
895919268,2
1014449224,2
913680191,2
934147813,2
99112829,2
1009662374,2
1025408648,2
21974463,2
909439762,2
630477552,2
423426343,2
988791953,2
992481079,2
299154963,2
1048201669,2
927111186,2
997320480,2
378656728,2
1070803838,2
713101837,2
1004780713,2
843366527,2
544850699,2
827988329,2
1043817870,2
636729942,2
872779136,2
1029156612,2
876483373,2
989607654,2
1080638584,2
633811072,2
1019572092,2
836181098,2
992149724,2
994492892,2
889895626,2
683693427,2
297252376,2
928818609,2
961050513,2
1057054138,2
1082288240,2
1075213239,2
345854304,2
994768671,2
534143797,2
1027387164,2
1017281344,2
1062422076,2
1078740602,2
798558952,2
527738191,2
1049125565,2
950993341,2
548036312,2
238650780,2
1010755190,2
288960530,2
935201048,2
942871899,2
996703462,2
965660739,2
74221074,2
1000429296,2
1032489835,2
1081236879,2
1009666452,2
185926176,2
780731861,2
953442595,2
1027192993,2
1005715081,2
890840149,2
439882670,2
24271475,2
753164503,2
993100260,2
953430477,2
966422060,2
728427561,2
510827399,2
1045595112,2
1079565148,2
891737721,2
901176231,2
1050609895,2
556428681,2
1058118557,2
320976540,2
950383059,2
1074363935,2
94376973,2
1065403098,2
1052576217,2
964320618,2
1073102281,2
1010814015,2
995027339,2
1043331993,2
397415629,2
984364139,2
1034075225,2
1073843859,2
782956352,2
945175737,2
1080767286,2
203470090,2
924529014,2
1001133336,2
92268324,2
899623113,2
1071385534,2
869173488,2
662519850,2
391912630,2
115423818,2
743945889,2
1054763014,2
1020983943,2
1027295005,2
996363281,2
1069742793,2
964196205,2
1036945698,2
1080610307,2
765701516,2
306111276,2
1000000000,2
934236843,2
1062769431,2
964890030,2
945005560,2
1068110063,2
785728544,2
1069298354,2
794836283,2
1056903249,2
1060203388,2
873504253,2
888758671,2
983018954,2
834267964,2
943713167,2
1018480866,2
1081007990,2
764182453,2
738787580,2
1001546446,2
972182393,2
1027424493,2
934033182,2
173326301,2
1056969383,2
200558180,2
908708298,2
802938377,2
643069686,2
813980842,2
1034610827,2
551326688,2
419664712,2
1056840299,2
1073967758,2
1027424215,2
337760078,2
995794072,2
755304176,2
1033549667,2
1058633339,2
318997406,2
889074021,2
628958539,2
798353991,2
1071038978,2
16487313,2
712799385,2
863746212,2
784561626,2
847533470,2
1036818778,2
992651209,2
1048234863,2
1079029947,2
1061269689,2
1048686111,2
1000836631,2
683381819,2
676534335,2
1058618601,2
1073606842,2
844130758,2
1030547643,2
1050555003,2
946100992,2
1022807348,2
1057407303,2
943414926,2
628075445,2
543984172,2
950235557,2
659039700,2
1053664905,2
1023779743,2
1005112025,2
919878818,2
1045646600,2
1059206160,2
990954028,2
1051947187,2
677998465,2
945373511,2
1065586781,2
1052622872,2
1037143073,2
666145130,2
664361630,2
1068247481,2
931171362,2
674053257,2
840392394,2
1079737251,2
901480952,2
736397112,2
544328663,2
606175880,2
222121280,2
731361771,2
870343038,2
1056613631,2
876901529,2
1050439402,2
986285140,2
1000913873,2
808477470,2
1079871771,2
681158449,2
1058983745,2
1010964480,2
1002097887,2
1074019203,2
728286315,2
1000572023,2
1019725316,2
1080810616,2
1077615669,2
864092047,2
1069398594,2
951976049,2
1003242363,2
1053654368,2
995510960,2
1081220861,2
1080786080,2
1049782780,2
1061809706,2
1048471189,2
1066550536,2
559332735,2
1073531748,2
1004917199,2
1059114078,2
1047547128,2
1059354602,2
901080748,2
1027135984,2
962326750,2
1044695903,2
1040947134,2
905001008,2
1006659221,2
406381091,2
1035513716,2
1077132037,2
1072489637,2
1030979229,2
1038079980,2
1077238845,2
994106728,2
492134015,2
1034685199,2
979865386,2
1004804551,2
721617140,2
950338676,2
1057314163,2
647353913,2
10007151,2
194164289,2
1080901756,2
969470731,2
1082204021,2
830287245,2
1003006858,2
177651488,2
946172465,2
1033730362,2
573230491,2
1030651866,2
884695745,2
1047614000,2
1074321362,2
1077711582,2
983888040,2
1038282186,2
1070895026,2
891057589,2
519557087,2
975506800,2
238257457,2
787216798,2
1062029673,2
963198269,2
960483681,2
556624705,2
878362079,2
404005169,2
1080812545,2
997650218,2
552216556,2
1030894643,2
138345047,2
601230417,2
1078148855,2
975498387,2
514218721,2
1043234338,2
972938289,2
808719977,2
1067225405,2
906618769,2
1000009808,2
978003720,2
1043323442,2
959863870,2
535723691,2
926593174,2
1027178625,2
1070292202,2
1057620158,2
1055399297,2
714772195,2
1042355841,2
1073501637,2
999474776,2
922366811,2
1076098938,2
846540283,2
319254043,2
167163265,2
968480634,2
993615432,2
1079082052,2
684326165,2
1067742052,2
1068925125,2
1067617980,2
995387689,2
994652222,2
1079872721,2
154866875,2
1075363195,2
996382154,2
1080592144,2
930655286,2
971043262,2
996525895,2
10014986,2
207938760,2
1050123888,2
1058627232,2
1058497902,2
1004936676,2
1061774965,2
1055370199,2
781596057,2
1073620527,2
430014275,2
1049062743,2
938635029,2
681580864,2
1077612105,2
129251746,2
1058492088,2
106425884,2
930621726,2
1045598605,2
1009671448,2
801810510,2
383979751,2
966336577,2
1082016759,2
1080553956,2
800479517,2
945267398,1
519999724,1
958202199,1
943105477,1
660884679,1
1006854797,1
1077578163,1
1081828782,1
1022842296,1
833725386,1
1018342062,1
832033632,1
2639973,1
895242870,1
1034694842,1
801193572,1
958293958,1
985207409,1
1076291587,1
725184661,1
1020782684,1
932664811,1
546389035,1
1016265711,1
989023641,1
701217842,1
1076286434,1
1076293670,1
1076287851,1
1081095938,1
106247816,1
1018102840,1
1031822866,1
969152934,1
760747753,1
1059217396,1
1053990910,1
1081077202,1
1082126855,1
1068323972,1
386021768,1
951866680,1
1082744756,1
1050396184,1
1005045188,1
1048418643,1
1066027196,1
1052853703,1
470207180,1
1062044984,1
983029732,1
1008700423,1
1024915028,1
854340385,1
787814,1
582260513,1
1013898827,1
1029830810,1
1077801537,1
1005123039,1
416215860,1
1030650854,1
1015235101,1
990220939,1
1078937157,1
890222916,1
308188728,1
738789994,1
846191999,1
1059155478,1
96931515,1
1037233343,1
1078955841,1
1017831267,1
961161985,1
942572613,1
984400299,1
302049667,1
1028759715,1
1060408306,1
2564853,1
1072937396,1
1019464641,1
1017285879,1
479161187,1
1052210565,1
104779800,1
895333626,1
1067530195,1
1018129623,1
776312438,1
881284863,1
880257523,1
1022868435,1
1055951393,1
1011604519,1
834546021,1
1074832172,1
760701231,1
857740061,1
985015547,1
783541218,1
1016726841,1
907720219,1
971450271,1
944744441,1
1074262113,1
1030907189,1
1012792149,1
1027741994,1
1078969727,1
1059252476,1
645495313,1
1007659861,1
1080045490,1
1081531124,1
847493097,1
1062089363,1
718871302,1
919172513,1
794481441,1
967121316,1
945669309,1
916668922,1
920583586,1
955564079,1
835713229,1
887490506,1
1083064324,1
1016284140,1
1022547954,1
558198678,1
1045513139,1
1004079883,1
1009600758,1
549266285,1
1079791898,1
1054604197,1
889123388,1
1018260700,1
1009377764,1
859726152,1
1053875950,1
289192277,1
1048298935,1
938080845,1
642592022,1
1000396721,1
1018478981,1
439485646,1
933970800,1
1004164985,1
791422180,1
1077664018,1
914282440,1
1020306208,1
766945923,1
833566856,1
820370531,1
519674425,1
808361832,1
531860505,1
784353744,1
1077094167,1
1062335231,1
840160128,1
1035710592,1
1028606141,1
723886484,1
1074235178,1
1038695083,1
764652348,1
974440848,1
838296361,1
1080877215,1
1004305809,1
1059492198,1
989062626,1
892651085,1
544630061,1
611319974,1
378465033,1
1016473505,1
821070303,1
1006100542,1
989001259,1
964699697,1
938390661,1
95307236,1
991169865,1
902399095,1
850775918,1
970093438,1
931212635,1
970093683,1
1064890867,1
1051965604,1
625940004,1
1013796059,1
1002621934,1
908956906,1
877835508,1
1022760117,1
158690713,1
892085452,1
930869689,1
1061954834,1
158546930,1
901822104,1
956445925,1
381998163,1
961212845,1
736489644,1
894103887,1
1072800754,1
1030956172,1
1038338382,1
1054125151,1
1043657790,1
1044502435,1
988336701,1
1050505646,1
854357669,1
972353805,1
816234572,1
1028825608,1
1050159645,1
1018754364,1
833098332,1
832771509,1
1003840434,1
1064833871,1
1030770428,1
596231700,1
1038304344,1
1054792002,1
1068153801,1
958345996,1
1030624158,1
494321585,1
1037478980,1
1015248551,1
1030840203,1
996781498,1
979143542,1
971984024,1
1013796603,1
680948488,1
721960003,1
1058609398,1
662690925,1
498693422,1
1080974983,1
1080779148,1
871928227,1
974053926,1
1068260261,1
889453175,1
1066319622,1
824165629,1
954237034,1
1068663685,1
1061808161,1
1011127758,1
937895589,1
96920643,1
723536047,1
1052569075,1
360723154,1
475461128,1
907961211,1
1050281790,1
1004918111,1
783596389,1
1046677718,1
22767543,1
1049109968,1
936215000,1
1019871251,1
144553576,1
134590847,1
936142858,1
866667989,1
1049856047,1
1062533222,1
1045840451,1
989736541,1
1049087416,1
1056880414,1
1004935192,1
830973144,1
1071141187,1
1046242772,1
804660696,1
578951501,1
1012448101,1
1071061812,1
1051647664,1
1041572728,1
240262428,1
983145153,1
374423770,1
886192701,1
981777925,1
662853910,1
1071594261,1
23971014,1
101283213,1
1047759513,1
515461553,1
927351690,1
1077132232,1
68324248,1
969194206,1
1000001730,1
67591748,1
601652866,1
912451462,1
1047853698,1
973984621,1
880607909,1
435976036,1
996355627,1
21945212,1
848036191,1
728489450,1
1021478231,1
920998624,1
1021111146,1
1080925215,1
1010940948,1
170066748,1
956216600,1
424369699,1
1045431288,1
981697048,1
1066488144,1
999544686,1
1053454014,1
1006907060,1
725077955,1
14600176,1
924831375,1
432470260,1
151442525,1
821791313,1
1081932109,1
807796958,1
820234596,1
814612195,1
16342442,1
957547362,1
546982086,1
958066357,1
1062919809,1
922268713,1
566544432,1
947063746,1
556858190,1
997141619,1
1040290828,1
707673536,1
786334384,1
732433692,1
1038104876,1
936899635,1
114742859,1
1063606484,1
920085520,1
386362892,1
1034273170,1
1013749364,1
958800964,1
1053850608,1
1053955265,1
1068046698,1
216347445,1
326436417,1
912973048,1
496197466,1
976439324,1
776362892,1
662830065,1
980170004,1
508331951,1
1079551852,1
1055179954,1
862337960,1
994320751,1
1040081736,1
1043932338,1
811788913,1
1040889988,1
39783394,1
983097218,1
1033147219,1
993519895,1
1058988304,1
660823648,1
1046879816,1
1040712393,1
664982542,1
481509944,1
201755348,1
988744956,1
995341308,1
1063974974,1
519947049,1
322948760,1
437336918,1
72899504,1
1045830988,1
552434211,1
259348481,1
511466864,1
521654898,1
1048723177,1
19715412,1
323777574,1
985969455,1
998460963,1
594371432,1
931873466,1
967897343,1
896426618,1
919982475,1
893963628,1
918337503,1
1071153615,1
1062674753,1
1050383449,1
1051738026,1
1061505079,1
1075636312,1
1080038672,1
983759591,1
813753873,1
1081375472,1
967081221,1
984740079,1
1000655568,1
979919524,1
1073626941,1
1042972110,1
834016939,1
997210608,1
706968967,1
871318600,1
865545497,1
990524971,1
736121327,1
966929362,1
840526625,1
1000953120,1
850589570,1
953455721,1
922789781,1
1063147744,1
1030016289,1
397606925,1
1051123095,1
1016993561,1
1028575062,1
621696431,1
980494671,1
493978347,1
919982362,1
230309502,1
1019700,1
1043051328,1
1043974570,1
1044093927,1
1040259624,1
1049146231,1
726236709,1
975555931,1
494222025,1
1052656250,1
1056394193,1
189944056,1
859565669,1
1043418659,1
139781741,1
1049228996,1
149756429,1
568642038,1
1038211897,1
1026046228,1
418395523,1
771082145,1
460727373,1
1033186703,1
1049835434,1
874071848,1
1051502127,1
835524552,1
846146323,1
897453151,1
1072911359,1
735325294,1
636980301,1
605815272,1
1043612561,1
1003709687,1
1075008542,1
971420106,1
945523871,1
621468379,1
1018209855,1
1032238080,1
951848216,1
869057104,1
1051412736,1
1029317833,1
1007355194,1
996510640,1
864425170,1
1052237874,1
1061712822,1
1040230790,1
1077466001,1
996513928,1
936429672,1
970001463,1
1013697915,1
1052224563,1
1071143745,1
1077781687,1
1037792929,1
1057326722,1
606698108,1
1069890732,1
1046778766,1
714405807,1
1045515361,1
200465667,1
1077329583,1
994730294,1
845646829,1
1045543907,1
419648670,1
90537458,1
375018700,1
936126091,1
934693272,1
950563272,1
237401937,1
587600498,1
790875411,1
782434689,1
384118020,1
441209940,1
485101763,1
947432763,1
381416965,1
957260948,1
568176590,1
584870978,1
749460711,1
586651551,1
869937941,1
1048752245,1
1064012364,1
545416795,1
1060765888,1
172225181,1
1077525323,1
1015080379,1
1074464080,1
963671642,1
1078174262,1
944217215,1
997767108,1
861050271,1
1015396356,1
1016161503,1
1017997795,1
1021267077,1
989611461,1
1030639529,1
1044309555,1
1025616540,1
1054451139,1
460868307,1
1003358791,1
1011459871,1
961764854,1
876002227,1
1058986403,1
1079312343,1
952532601,1
943311181,1
41015498,1
956017997,1
946096571,1
1058690894,1
1058836154,1
1023867254,1
955167073,1
909366542,1
912396750,1
957412984,1
953945416,1
808456483,1
1077112090,1
948868371,1
1068497413,1
594207483,1
940993661,1
1017237163,1
721587499,1
167929820,1
977051727,1
971999195,1
860797555,1
930452347,1
849272308,1
488012993,1
904258456,1
938065472,1
979459402,1
947729549,1
779135829,1
1008205006,1
764778816,1
1000939711,1
1013616634,1
1012188122,1
1051824696,1
965785823,1
172387081,1
773981478,1
1034409920,1
947279251,1
878355598,1
914866599,1
926734772,1
922200188,1
922293064,1
1026325518,1
952277131,1
1030099238,1
995219044,1
558439621,1
835829903,1
770500957,1
354668576,1
1007775814,1
181369776,1
23354824,1
666059247,1
927017742,1
366533527,1
393716932,1
620125306,1
241651753,1
904532173,1
550320133,1
978087554,1
1021603861,1
779069975,1
1064917610,1
1061963818,1
557173933,1
1060332115,1
940631588,1
721224423,1
1034351625,1
739771757,1
1067825914,1
1018369638,1
991130193,1
559929103,1
1043474324,1
459242575,1
1071470364,1
754644552,1
965943568,1
1031887023,1
1080851201,1
1077953851,1
1023058159,1
936806853,1
1077910822,1
1027972953,1
1052566744,1
966390481,1
558031598,1
997222853,1
876337731,1
888629149,1
731639580,1
790111460,1
551291097,1
838818419,1
996293432,1
951647490,1
946789602,1
941176340,1
829604539,1
886725211,1
1074636823,1
770765222,1
1021151859,1
1049878848,1
1067763904,1
1063688059,1
1044907724,1
992150602,1
1043444489,1
789320218,1
717799121,1
407397484,1
1037125161,1
1037418108,1
810368927,1
1049214141,1
1081208166,1
1063840287,1
783418673,1
575626621,1
1035044382,1
1058658616,1
725943987,1
630670444,1
1069198593,1
1079328854,1
1046423280,1
707696293,1
651137597,1
854577483,1
1014251544,1
1037956721,1
1077905104,1
1045163008,1
651685156,1
860813904,1
1081252994,1
1082375867,1
1019571892,1
292976436,1
1047770959,1
360622604,1
589738230,1
1077478365,1
288971004,1
468225619,1
793419116,1
797974474,1
203384014,1
1047064055,1
1042503125,1
888696050,1
853998742,1
907125033,1
1053884886,1
767787478,1
981081090,1
572306813,1
967640178,1
880752680,1
294576828,1
815465670,1
593527261,1
881017526,1
743285989,1
716703039,1
667912370,1
999520528,1
1028778744,1
413571310,1
888894805,1
1052253502,1
1009500044,1
1051506724,1
963774151,1
562524599,1
1080978447,1
1031978709,1
1047536830,1
1050500607,1
859004523,1
1004779497,1
21435007,1
1040048209,1
538531287,1
488324082,1
487515032,1
1076574771,1
1057184985,1
1052192607,1
1036942812,1
1041857335,1
969188789,1
997642238,1
1034287142,1
1051214460,1
1000919991,1
1049594877,1
1011744208,1
625322527,1
963298529,1
966682571,1
596028256,1
986834188,1
597825564,1
967571258,1
129884697,1
962689414,1
858779499,1
525020703,1
780772365,1
777671351,1
1023620468,1
1023104315,1
945647408,1
513645177,1
1064482709,1
698041964,1
1023392751,1
884543325,1
725789084,1
862687100,1
612655873,1
1053655013,1
977913024,1
1052555494,1
351018410,1
727430335,1
894390562,1
631730603,1
1020257023,1
516695123,1
1061884927,1
960899856,1
1373901,1
1063701418,1
1000645094,1
1001262933,1
1004458602,1
942533134,1
993125079,1
650602281,1
1060756546,1
884250141,1
817685008,1
1077313933,1
1080399113,1
1080403150,1
790592368,1
1080443532,1
1080680879,1
961159478,1
1065005073,1
1073172745,1
1006073714,1
963671971,1
986978211,1
1059310882,1
275301084,1
1039082705,1
1056259449,1
1010708014,1
880513144,1
1080088662,1
1078234692,1
1080629949,1
987493142,1
905008032,1
1021968515,1
1004009875,1
893703919,1
1011467950,1
1027162712,1
1008963345,1
1037712843,1
892677644,1
894752059,1
845264580,1
1030919029,1
1078836887,1
1061916470,1
802274316,1
1024277235,1
969077457,1
918305571,1
1025921119,1
1022276202,1
1065933337,1
1026908521,1
865239263,1
1029474897,1
100684792,1
798438126,1
1027219257,1
760720369,1
1034329887,1
414814725,1
891765940,1
670943053,1
643635889,1
875573811,1
418087535,1
776617593,1
426912529,1
620131734,1
976093486,1
314593926,1
548009181,1
887994849,1
1061009343,1
1034100938,1
1064582003,1
1050435321,1
706924360,1
1077453420,1
1070724344,1
1071120238,1
103210870,1
743684566,1
1025346093,1
1071328030,1
1042661101,1
874731955,1
638465452,1
1037822206,1
960795141,1
847977992,1
850102878,1
327438731,1
1058300948,1
818681584,1
1046936190,1
945674686,1
1064283505,1
1064484460,1
647653991,1
910806660,1
926386957,1
622672902,1
1065013062,1
1010568024,1
698311780,1
950735370,1
971260240,1
1014792260,1
26787578,1
113929773,1
138290571,1
767568398,1
1067709987,1
1055878728,1
1058738996,1
981380231,1
947457885,1
781782460,1
1062648226,1
611848557,1
620057104,1
522523133,1
1048740032,1
287070624,1
898120914,1
798524350,1
1068370232,1
734438043,1
374614739,1
1067053219,1
1073940321,1
1071251172,1
416797652,1
1056035684,1
1080489052,1
967835562,1
103640359,1
1015962348,1
1017644343,1
1050182943,1
1063694077,1
718960073,1
832262185,1
310203888,1
1006798085,1
887382049,1
995766539,1
1015362636,1
220631109,1
467993061,1
673967071,1
2998543,1
131252188,1
416145943,1
398870927,1
1045660954,1
425349343,1
605866657,1
404652496,1
1046979883,1
327963128,1
314446004,1
1005850210,1
1048911227,1
1078872723,1
1052858406,1
855288021,1
239674716,1
1061856415,1
572472947,1
250856489,1
1067895146,1
893595766,1
849492642,1
1055220646,1
911400662,1
1080847821,1
927164502,1
1047134709,1
1041200629,1
862552007,1
930119993,1
896335637,1
803556926,1
259572418,1
895200266,1
1057672289,1
1045843815,1
1062552320,1
1076371438,1
96116358,1
890255432,1
75827806,1
1074491490,1
1058605568,1
964447347,1
1000451972,1
569641181,1
114375849,1
261631110,1
577923223,1
654651976,1
1012480386,1
1048942346,1
1077350704,1
1030719661,1
1081958705,1
1065428122,1
1082035389,1
857772316,1
912024694,1
951373444,1
989410103,1
1080615677,1
943330608,1
975679910,1
1030647576,1
1053903585,1
1055234665,1
1059199356,1
1077288431,1
964040412,1
647995169,1
987589360,1
16360843,1
990549849,1
1076041481,1
1047914756,1
1077014547,1
876541881,1
706980230,1
169332182,1
1042923624,1
960956816,1
908370740,1
676845704,1
372425358,1
375403735,1
383355621,1
385463621,1
388928088,1
1068506732,1
396336222,1
398285436,1
902032885,1
27732688,1
677553342,1
809816292,1
1020979612,1
787700920,1
744908625,1
1038177821,1
922367445,1
985175704,1
721117316,1
1029934678,1
571851512,1
243969434,1
1047249052,1
776257588,1
782968066,1
964098401,1
945028344,1
712686783,1
1076106177,1
401818799,1
924640658,1
917361874,1
1047930414,1
1048854432,1
400817692,1
1054724439,1
1055819541,1
1064029132,1
1067088676,1
920938654,1
937055106,1
335869127,1
434444152,1
775430517,1
518148775,1
420537040,1
1080824343,1
131108998,1
420912297,1
934781398,1
451312325,1
484255329,1
1073149321,1
783013932,1
899310507,1
968018076,1
151578509,1
617536452,1
2878338,1
1076011156,1
964892496,1
1050579968,1
1044636901,1
1009490876,1
733701030,1
771718436,1
1077635622,1
1053106703,1
730868507,1
888847269,1
971417328,1
527768476,1
579285415,1
436386770,1
591433895,1
587702815,1
595525939,1
553984238,1
730119038,1
750343660,1
537969138,1
401513172,1
574361573,1
468878334,1
1039988663,1
1062243259,1
1060655138,1
982283997,1
468519083,1
1033572511,1
580502329,1
1040984829,1
1004757706,1
1024394785,1
1051952786,1
1071711781,1
1072730484,1
1050780439,1
886834803,1
722797659,1
1000713,1
619224857,1
1066140597,1
1039282201,1
870747284,1
1079107098,1
1028592286,1
1079529399,1
1064562344,1
451155532,1
901098088,1
1070383808,1
998951411,1
1027285595,1
926837297,1
866823927,1
1065332301,1
1080821420,1
1054188965,1
1051172255,1
1067074750,1
1079865101,1
1075568057,1
1066472463,1
1061923797,1
1082457302,1
1083032311,1
527594554,1
854463971,1
553558975,1
238000330,1
526376629,1
427334852,1
945522235,1
796727569,1
749516171,1
1074456536,1
1081181732,1
828954315,1
621045811,1
504692364,1
1036817515,1
463853237,1
792807461,1
1040770051,1
1038250675,1
1009520861,1
915791596,1
911778938,1
465362951,1
1037920182,1
1025881489,1
1071987009,1
922792780,1
978277741,1
957514926,1
1039237579,1
928413179,1
775259329,1
949214752,1
1052527064,1
1064745142,1
1076631026,1
998140112,1
1032273141,1
1034135110,1
1032616296,1
1028540715,1
978181157,1
960873802,1
922896684,1
866176165,1
813376789,1
1037198183,1
1040853919,1
1022583928,1
964169327,1
984258674,1
904989100,1
533061638,1
520936558,1
1022634660,1
988340099,1
1030458514,1
1000733989,1
1017745776,1
991493344,1
991899343,1
996779352,1
988349322,1
941143276,1
989064504,1
990126158,1
950323186,1
396415319,1
943003064,1
472153597,1
1034331902,1
945659067,1
1075136541,1
997308508,1
998354357,1
1038669173,1
1040827493,1
1043328710,1
950538072,1
1073139723,1
1049046422,1
1064202685,1
993873687,1
1022723963,1
1062636331,1
711973071,1
937932243,1
1079506681,1
244573323,1
997145648,1
444479045,1
184938400,1
386131200,1
357239263,1
858619825,1
947284422,1
185484934,1
736669807,1
821786417,1
848778607,1
897508417,1
754851725,1
1018949562,1
753499443,1
882777360,1
1060526646,1
103004641,1
871724490,1
727019835,1
1022873072,1
544574218,1
1048653595,1
1044539440,1
870297421,1
423734756,1
1056456697,1
654709035,1
998024823,1
442886300,1
956069943,1
228631802,1
903236487,1
918970151,1
714075937,1
992177770,1
755627389,1
1054725439,1
715090524,1
838385624,1
543682173,1
880528833,1
874489257,1
800991494,1
934495052,1
559851677,1
886753769,1
906737901,1
401919085,1
771132272,1
872049876,1
872337717,1
964558153,1
882351502,1
587828533,1
858446881,1
1047498122,1
1055544394,1
873962125,1
1052433015,1
566327677,1
1060883478,1
1077123631,1
925481658,1
801824129,1
954860326,1
1054097766,1
1052264112,1
952558682,1
706988157,1
286141157,1
965321274,1
697678736,1
1070309450,1
940406452,1
1072401513,1
1069217820,1
939394319,1
936557083,1
1077628046,1
998693929,1
596208401,1
1011668880,1
1022901776,1
707031495,1
1077165958,1
1940445,1
1366920,1
22162012,1
540065366,1
665744237,1
1059446642,1
1030774972,1
1030754823,1
882413563,1
1075005080,1
1074262506,1
1080345992,1
781329976,1
391904190,1
966649623,1
864756581,1
1005873630,1
623195398,1
1043269156,1
1071491854,1
642611481,1
1055587517,1
966484249,1
1059623195,1
496544458,1
404564769,1
407851604,1
569336165,1
951204410,1
843809320,1
581535210,1
1068989282,1
981330622,1
731957618,1
1052199231,1
467659995,1
777922101,1
809664740,1
1061773473,1
897606166,1
43782728,1
1072791268,1
996280827,1
993466206,1
1034084047,1
986941382,1
935448922,1
462891551,1
1037787766,1
873218715,1
1076123090,1
1074349157,1
1068026664,1
809816634,1
1021512726,1
779057883,1
922409668,1
790309341,1
996105898,1
801699603,1
944127860,1
853412885,1
1052271412,1
1001085397,1
1077653443,1
926939992,1
973498588,1
1048086969,1
1075718549,1
1035328207,1
878127016,1
1009577896,1
976897984,1
1000246962,1
363284173,1
1080923854,1
658833671,1
797919504,1
11271869,1
988634930,1
1057753105,1
879874215,1
1022719892,1
883900171,1
751986851,1
622190020,1
1068145885,1
1068117806,1
779064838,1
399713868,1
1032154758,1
1025461885,1
968065829,1
1033638473,1
943166660,1
722312615,1
543741949,1
1073314319,1
864042440,1
808535677,1
1076985015,1
107917725,1
719411627,1
728888999,1
744721327,1
1073145232,1
1072215102,1
1069754293,1
1072153511,1
566752109,1
1034399614,1
1044631971,1
1074534234,1
652102487,1
1071850704,1
988649161,1
992141166,1
668970273,1
478714365,1
36777322,1
690594128,1
991667578,1
154031818,1
374433012,1
971316439,1
994242527,1
287179695,1
800094460,1
904816976,1
988678505,1
928394514,1
1020101607,1
1017284095,1
1015937791,1
788316485,1
786968404,1
804121,1
783767373,1
277364169,1
1040983502,1
884119798,1
230289020,1
1021890505,1
957395203,1
1030748115,1
950132615,1
1007888664,1
1042633147,1
953857967,1
807133432,1
1056905712,1
1064845915,1
1037540889,1
1049196795,1
985937798,1
946050117,1
831698155,1
947172951,1
874061299,1
1005296471,1
996449135,1
997431561,1
1015967327,1
97784921,1
801098472,1
809620958,1
767552749,1
1028158227,1
1019360931,1
1011570517,1
1014055099,1
1007666302,1
878347706,1
972450430,1
1054150875,1
368591471,1
171541159,1
325465324,1
1009422737,1
990396013,1
1041505972,1
993043376,1
263046428,1
942088131,1
1053465326,1
913183424,1
945712047,1
996789030,1
930535939,1
782906128,1
1063909648,1
1030459772,1
1064938054,1
990277682,1
1027113061,1
1056938900,1
955303219,1
731505853,1
848900200,1
1012966127,1
983909719,1
1033946505,1
1063030994,1
1064131241,1
945726970,1
1033528336,1
1066287623,1
266278124,1
17101352,1
935967780,1
931608892,1
947245019,1
987760664,1
305103276,1
866609979,1
935758654,1
915087179,1
907730961,1
993342667,1
170761694,1
690863794,1
976486421,1
962951753,1
602641328,1
1040138606,1
431961211,1
476258363,1
975333624,1
407862243,1
954067903,1
340741624,1
971043981,1
578220989,1
1014186779,1
974483408,1
1003264515,1
1003267260,1
775620260,1
207476759,1
895355678,1
481112823,1
939773046,1
859602403,1
1063667635,1
213998008,1
967331168,1
1011118514,1
961923884,1
27272807,1
1019020894,1
980751777,1
454365997,1
87821633,1
670682762,1
381137133,1
566687524,1
534541951,1
584791077,1
367197179,1
647098625,1
619024834,1
526879891,1
1058971726,1
1052456967,1
794656995,1
771819772,1
1055176697,1
940093625,1
1054455880,1
993185163,1
1034343229,1
984957745,1
1066128574,1
1054441990,1
1067893844,1
1058965014,1
427292209,1
1022883446,1
992063154,1
851663637,1
961106171,1
1067827141,1
759267430,1
753294421,1
897249063,1
1045452367,1
917866784,1
1005318907,1
773078592,1
1071299205,1
1072942280,1
1063474677,1
1042023699,1
1039590911,1
1036576816,1
1036379387,1
871447220,1
438742415,1
736539965,1
1050336950,1
1043481891,1
1021765335,1
818220168,1
927587711,1
151438624,1
151439101,1
218461965,1
593809616,1
832517365,1
537278837,1
588669735,1
915717816,1
694396637,1
23805528,1
513008184,1
299334201,1
564795007,1
812567409,1
1062785174,1
945005326,1
464940354,1
858440879,1
1027008648,1
702254132,1
860400600,1
61878872,1
825561217,1
1033273562,1
1042324430,1
1061853884,1
7943,1
1017270976,1
473,1
34156,1
2728951,1
1009341445,1
215259025,1
507,1
462917127,1
1068031770,1
1016554616,1
996997232,1
764064362,1
1053414175,1
1052260084,1
905716688,1
1060893767,1
1061524987,1
1054351146,1
1043833590,1
796273430,1
1080674327,1
935913836,1
1058599581,1
953691626,1
1080795985,1
1071924803,1
104601131,1
1080671215,1
1081389833,1
1064132319,1
801745886,1
986095185,1
761599523,1
780571068,1
1030421329,1
945931478,1
930622224,1
744307319,1
819927157,1
930520628,1
303926399,1
187385393,1
784690032,1
1036574249,1
732680170,1
383713535,1
1020202856,1
771373487,1
336924173,1
962383025,1
1077624381,1
436087622,1
932425005,1
1031614806,1
1059899444,1
1073253770,1
1025510758,1
1079873416,1
1050277639,1
420432214,1
894790550,1
1037198905,1
1034726850,1
984092518,1
1046635719,1
1054626865,1
980752607,1
964732417,1
818019046,1
1068854534,1
1012141000,1
1052990546,1
1018014202,1
1018305438,1
967001703,1
854362389,1
676499170,1
455790038,1
674911948,1
1062224233,1
747743669,1
173015424,1
604351180,1
248988372,1
118457534,1
155616733,1
1005104741,1
116137203,1
1030784279,1
1080351049,1
545257807,1
315929241,1
383326819,1
1038834635,1
270863387,1
1059367231,1
1030444977,1
534612165,1
1024973356,1
750887027,1
1026348840,1
567303806,1
327420509,1
882644462,1
1031954163,1
837461354,1
1030916582,1
416353615,1
744746339,1
367292726,1
173918262,1
965937145,1
244517402,1
675274236,1
831101688,1
928875465,1
424859565,1
838513827,1
1053664351,1
751281912,1
998152554,1
983801326,1
778821620,1
1000747409,1
1018690965,1
331110993,1
781049358,1
1002179447,1
929437335,1
965767860,1
867376418,1
998090350,1
117698811,1
605734282,1
367320962,1
686445394,1
976271745,1
1016506496,1
1044598070,1
964381741,1
123123,1
1050105655,1
716909508,1
892536881,1
19382329,1
3061540,1
960756118,1
988602764,1
407909611,1
1019961189,1
763075793,1
559542460,1
993359211,1
414750907,1
1002483474,1
773504150,1
1050860965,1
878426496,1
560448844,1
1051470912,1
1034349939,1
656118291,1
1009543086,1
602527490,1
170756601,1
945062913,1
986065131,1
973791884,1
960506888,1
55888546,1
706933266,1
753400503,1
1051489549,1
723755658,1
1004963648,1
944947988,1
1053191247,1
840446813,1
1043874637,1
781084158,1
273449890,1
963074277,1
370603869,1
632662360,1
883208099,1
1024057602,1
1033806212,1
964151919,1
953703399,1
972954990,1
1001257031,1
1006274785,1
665761775,1
1070323888,1
1080478692,1
1060216878,1
1038091502,1
1038027070,1
1059298228,1
1060790560,1
494867879,1
415134056,1
1029682876,1
997420385,1
1054185685,1
1047918075,1
88496023,1
21921915,1
606596069,1
982496485,1
727834351,1
254081473,1
701725984,1
647518168,1
655347026,1
704203722,1
1038194090,1
1065317619,1
986591269,1
947597934,1
889069020,1
964743809,1
885471073,1
902980567,1
961328540,1
896475725,1
670219433,1
959127142,1
1578200,1
654532220,1
1054594644,1
783804830,1
1030025349,1
1058503546,1
1024273246,1
915903160,1
880554164,1
857680840,1
1062621924,1
986624876,1
297256882,1
1035332063,1
933533233,1
349645475,1
888452056,1
897828169,1
880918556,1
891077279,1
904570210,1
907665674,1
347980631,1
600791445,1
968799523,1
599345821,1
685701690,1
1008827356,1
1012150905,1
1000966849,1
999062702,1
933507073,1
388371198,1
245545359,1
16743509,1
503278751,1
1040817324,1
1013812687,1
941931631,1
1051469994,1
1062902306,1
252451537,1
389663916,1
919192749,1
880308691,1
963613579,1
796930751,1
404570825,1
50032604,1
749425012,1
664870925,1
1052482007,1
1053157409,1
304798472,1
1032882137,1
337277556,1
883811024,1
1049923940,1
991956923,1
1059800344,1
966272942,1
1052968165,1
949723838,1
966831772,1
930132765,1
1048852614,1
1036493947,1
885822516,1
1076535291,1
448614837,1
908107939,1
794299858,1
1050564917,1
956471314,1
934202305,1
701194220,1
689747013,1
927262473,1
1067506494,1
1067660438,1
1067772722,1
1067827476,1
1074075796,1
1068033929,1
1071220663,1
957643414,1
708261761,1
937716448,1
638478547,1
715932863,1
979760719,1
584688438,1
392664535,1
378767069,1
894073904,1
897937779,1
1066451614,1
1020167912,1
1056301103,1
935074949,1
710095445,1
488382199,1
1056735364,1
923357601,1
1042536537,1
1049367132,1
1048640604,1
1066488856,1
893584281,1
790216193,1
988664009,1
897696219,1
891317430,1
936938904,1
909425255,1
843494294,1
849615773,1
1013619400,1
996179368,1
1056616076,1
900779778,1
869119679,1
1047146878,1
1047072841,1
728983044,1
830077950,1
728476399,1
1056455406,1
728303959,1
1080591283,1
1004762855,1
980913209,1
984670276,1
466342311,1
988815996,1
888522276,1
1056615697,1
1046133640,1
1082089750,1
540705672,1
1046598603,1
538340760,1
538359131,1
540148557,1
540169378,1
1048776432,1
540266029,1
525702947,1
911872891,1
338883941,1
627267293,1
971093772,1
897695204,1
966329195,1
996506379,1
1000466316,1
902533891,1
949012233,1
1021846080,1
701309943,1
889633686,1
933605161,1
962688756,1
1061616360,1
991372572,1
943933986,1
944032224,1
1015332245,1
945166317,1
929326945,1
776938221,1
817799772,1
1032291235,1
1009582405,1
1074494582,1
594621823,1
1080539160,1
1079126604,1
765254431,1
1082259246,1
979523804,1
596354323,1
1063156349,1
1064748961,1
915444962,1
1065568955,1
1040577065,1
559519696,1
1068006422,1
1028350508,1
1068156075,1
127243437,1
790541104,1
990045456,1
1064852609,1
1016754526,1
1024170058,1
378352442,1
554754328,1
851940736,1
699341816,1
932644246,1
1045362298,1
850219374,1
1047938999,1
1010458519,1
1077345314,1
1070653270,1
554286713,1
1022948745,1
1041909872,1
1059199456,1
1043456656,1
957522637,1
1033282644,1
934488184,1
1049224234,1
950312748,1
689739391,1
529822962,1
1050946880,1
1070274329,1
1010345225,1
989554056,1
1054675283,1
1038165309,1
441937877,1
674756347,1
1021212621,1
545196927,1
850466085,1
838145759,1
1067717471,1
1078132583,1
420119372,1
1057639877,1
264927410,1
882150581,1
1057730539,1
698765864,1
1042157801,1
678490035,1
209069597,1
1151932,1
1013732482,1
977718102,1
484289932,1
771687381,1
393301214,1
443570561,1
1011462779,1
717275149,1
118283450,1
995190877,1
996723402,1
1032606605,1
985418113,1
1030538898,1
674331273,1
523396144,1
944609913,1
1054001176,1
422346844,1
673170995,1
892060114,1
688924024,1
1070266815,1
1075389440,1
934501321,1
930647003,1
979181524,1
393806012,1
496699726,1
421212365,1
448640210,1
760850886,1
941678575,1
874766143,1
497580834,1
1008626262,1
102176247,1
1004643810,1
492030173,1
158207975,1
148283611,1
996778031,1
572277669,1
174091991,1
1051068856,1
950773021,1
421602062,1
1080409121,1
1050216539,1
914704950,1
1049347812,1
1076889646,1
1067253513,1
1049594041,1
889526629,1
1038190721,1
703695394,1
343323109,1
957814693,1
526140501,1
1035779618,1
2778121,1
29336830,1
930883613,1
914094012,1
87749087,1
709697676,1
876224735,1
941991613,1
741592978,1
1050166775,1
1062986120,1
1066385555,1
964153869,1
850297641,1
3242320,1
1074217669,1
505021183,1
817182354,1
310344,1
396167669,1
399308246,1
966521013,1
788447676,1
1039191658,1
1042277976,1
944559446,1
1064778945,1
1077482524,1
1054020431,1
794311193,1
965644542,1
1025284600,1
1059054533,1
1052512445,1
623240977,1
1028046003,1
489686087,1
773982449,1
569718503,1
742860117,1
995215342,1
1046753037,1
948718727,1
574311471,1
957882144,1
1075063631,1
908032150,1
1002678233,1
656373295,1
1022389622,1
1034540120,1
796913837,1
1009720348,1
880358667,1
870634669,1
937042841,1
1068053834,1
1073827046,1
1077622640,1
1070041358,1
712760902,1
1041354369,1
1075149797,1
1021713774,1
912024110,1
334259722,1
964786022,1
1058323842,1
772026373,1
788794606,1
773259603,1
552855485,1
922270672,1
629302704,1
620668763,1
580466793,1
1009060327,1
1068003741,1
1028146680,1
1028514378,1
1030267036,1
1067731818,1
1035117074,1
1034208583,1
1060781859,1
1059480150,1
292119994,1
457999988,1
985668475,1
421650934,1
800383520,1
326628503,1
918150176,1
169372661,1
730426260,1
724430264,1
602137927,1
941012311,1
832468381,1
1068110150,1
400418027,1
1013801263,1
888071994,1
805604756,1
1008139344,1
789177763,1
720774940,1
214635219,1
192456708,1
238781805,1
704271936,1
1070610481,1
1079621581,1
1027816642,1
1034603762,1
1058708174,1
992156729,1
1052651890,1
994979289,1
1027045901,1
506259224,1
1044834703,1
785182129,1
870771107,1
650803537,1
1052361218,1
1040240261,1
798495466,1
1056212596,1
1045202935,1
1043576048,1
1045306940,1
1051517535,1
1059822178,1
1013587573,1
974308874,1
996407879,1
773688814,1
886094678,1
1001106244,1
1043492494,1
1040343979,1
1068272328,1
1002659660,1
810851826,1
832489182,1
873072977,1
661412833,1
1012315159,1
771712776,1
1047790034,1
669425957,1
810768289,1
772792152,1
730504816,1
802534234,1
824112217,1
696595821,1
839772454,1
323319867,1
479256629,1
601142164,1
779508159,1
666261353,1
806858398,1
824813700,1
967534814,1
440652576,1
148260595,1
831852382,1
947349749,1
844632913,1
959119182,1
967426896,1
996877417,1
1043916243,1
862897575,1
1016950633,1
1073568518,1
783481332,1
848267179,1
980716711,1
743923503,1
607480579,1
1006644352,1
1034717869,1
409793901,1
270374347,1
1049697291,1
1071471632,1
489134424,1
400118490,1
1071266527,1
1047018124,1
1004712726,1
737527657,1
143968357,1
1054450130,1
631154023,1
1030251702,1
1059013714,1
1058168054,1
1035368519,1
1043547106,1
448481475,1
694496445,1
622136344,1
334939962,1
947299525,1
996144474,1
832883408,1
796006804,1
789000023,1
87623446,1
940973127,1
952024919,1
770697958,1
1080598956,1
1044934449,1
701913244,1
1026645360,1
439078267,1
469710615,1
66235224,1
3091507,1
1044057477,1
1046872226,1
563618901,1
1014386739,1
1018460267,1
879549556,1
572031606,1
1082904068,1
941071388,1
946391675,1
542589903,1
781926462,1
1061414417,1
915877289,1
946882828,1
963770685,1
1015017574,1
879682586,1
940637145,1
436739825,1
444001685,1
479949539,1
1014379007,1
694344753,1
987399932,1
766879054,1
999596980,1
1001838758,1
1013620846,1
1046480186,1
841768327,1
991633908,1
992557767,1
978735456,1
901931350,1
1006641057,1
1007482798,1
1007607346,1
1009644230,1
1005268972,1
1009232593,1
878295487,1
468694302,1
790349594,1
84520520,1
967730000,1
987668559,1
1029465409,1
1018223910,1
1068757026,1
1079239898,1
930234056,1
941324773,1
156751433,1
167243790,1
937617352,1
893394211,1
447874869,1
449737128,1
11984691,1
977721125,1
1004539037,1
1000826838,1
1000566914,1
1050910953,1
1040735819,1
978270625,1
944655142,1
415705601,1
1042389699,1
989141042,1
895952838,1
636956361,1
634030312,1
376620603,1
1064949278,1
633086350,1
1066494018,1
1066990656,1
821219941,1
1061169948,1
963287315,1
110122600,1
624324972,1
1000678210,1
1026343852,1
946376802,1
880482220,1
1057847112,1
1012401482,1
996593653,1
860237766,1
1013759940,1
993195034,1
996500727,1
963018485,1
888308931,1
1012739831,1
1000485134,1
940271559,1
997127588,1
951555661,1
402559740,1
930361904,1
901308596,1
960296892,1
1005853815,1
1003248360,1
1079740885,1
143488364,1
21924523,1
411663179,1
384628374,1
533028217,1
590882599,1
836607869,1
836402040,1
843660182,1
474640643,1
1074026612,1
1054699144,1
1074868632,1
1075501451,1
861301162,1
1067747327,1
1078735996,1
821117383,1
237897663,1
1040150130,1
802934159,1
1077799448,1
1057439340,1
1080414823,1
1080790530,1
1082738590,1
598782929,1
1023712176,1
820519975,1
1083343466,1
156888786,1
970138120,1
1054712760,1
1074281959,1
565196907,1
229902497,1
1051978235,1
954355918,1
1077270228,1
377922467,1
1072398017,1
381942213,1
718952088,1
991013024,1
490730666,1
867077926,1
1061172981,1
1018891982,1
604884890,1
558471484,1
661669873,1
754507957,1
735689056,1
574824042,1
1018252449,1
316665733,1
325264718,1
540733440,1
768112681,1
780172255,1
996165799,1
880538299,1
1019699396,1
1068108899,1
1015871169,1
998428182,1
782757159,1
908181168,1
996803906,1
588242124,1
505655988,1
991786573,1
1060429964,1
825134962,1
964378331,1
1080797399,1
992296637,1
1080814017,1
1050388864,1
995491915,1
1018236681,1
696136717,1
979446566,1
916803222,1
859411190,1
1013672101,1
244734102,1
234426821,1
1015628314,1
969217655,1
1019566878,1
41978220,1
882914966,1
1013558780,1
1019052164,1
1029498677,1
1018207154,1
1068900648,1
1048215357,1
977430825,1
866697965,1
751824178,1
552154309,1
872781447,1
602397099,1
1032966012,1
1049648867,1
1036709043,1
979023175,1
1048547546,1
1030890068,1
968297675,1
1040282246,1
1038077505,1
797854538,1
799696875,1
1035550418,1
824845390,1
625594832,1
945007024,1
949805535,1
968763760,1
1043591386,1
226956322,1
1034427054,1
994719666,1
1030257072,1
831041249,1
574011939,1
1064873565,1
671271059,1
1077774838,1
1064282548,1
533265843,1
2152228,1
999578638,1
122068400,1
410033938,1
566596214,1
988514067,1
1083045924,1
1075126188,1
942799950,1
1011714624,1
990471803,1
1049080744,1
728467856,1
989343556,1
986685607,1
946018210,1
1009639163,1
998086896,1
1022330466,1
874149665,1
1057540497,1
1062476718,1
1055771888,1
1001643170,1
1004073011,1
400571390,1
23840823,1
969199238,1
989459900,1
1032871881,1
985596950,1
996682257,1
978229036,1
1078011013,1
946007656,1
974618883,1
1048524366,1
928422037,1
1049730434,1
1003884681,1
904085576,1
945254236,1
997070999,1
900521054,1
901009429,1
927413203,1
900489478,1
1028185875,1
997934867,1
1074542685,1
1016494909,1
989269536,1
175900569,1
882206889,1
1013831173,1
509316618,1
994853733,1
1064685040,1
1023770952,1
1067615662,1
435510281,1
620789248,1
622537293,1
1067073890,1
1016727630,1
1065823206,1
869281999,1
987190611,1
983834021,1
950652588,1
822699713,1
1021966715,1
1000897812,1
1073454549,1
637596422,1
1059866743,1
850321404,1
2266737,1
879844963,1
1008010587,1
921305230,1
976279261,1
913477165,1
573429604,1
1044840657,1
209206468,1
973447202,1
1045352575,1
1074180217,1
1074004529,1
1040920147,1
1049103410,1
1057472288,1
1080182485,1
197029868,1
926712972,1
949226261,1
1000735760,1
934360790,1
710616168,1
991736307,1
720042851,1
1051957103,1
937202206,1
1034632094,1
1022635887,1
930819417,1
871873355,1
1065522343,1
1064081585,1
887622569,1
195878036,1
990254079,1
990286752,1
999777714,1
695452770,1
998842566,1
944914771,1
980940416,1
133603334,1
670107070,1
885772789,1
1042321162,1
869786559,1
1071185915,1
1011859113,1
994729646,1
961871320,1
792465152,1
945700324,1
913371020,1
912230269,1
942964687,1
992229923,1
996773127,1
926778373,1
966184356,1
1052653875,1
1066781270,1
1067615258,1
1010380995,1
821202351,1
973081279,1
917561795,1
964383144,1
1010903971,1
270075837,1
222653641,1
975515295,1
934363270,1
363328655,1
585065649,1
1008611605,1
1003800705,1
1011862490,1
918983870,1
1069148937,1
907482257,1
997441533,1
945804502,1
1009623528,1
1009666774,1
1004783749,1
1017130333,1
1021530082,1
1013591180,1
993227084,1
1039579279,1
1018171614,1
2713237,1
971660752,1
812619348,1
1018097998,1
1029697219,1
999471476,1
1059778014,1
621447524,1
268041868,1
554657910,1
923162176,1
889378905,1
611829848,1
62494932,1
989987713,1
775532424,1
1020533809,1
1019417288,1
949437672,1
718036388,1
1046619323,1
1068407418,1
1040555115,1
1073909204,1
1054345564,1
1077342121,1
1077661186,1
1081591929,1
1062113264,1
742874439,1
591670548,1
1043430405,1
978069261,1
1079419361,1
1052847074,1
1058283568,1
1009317210,1
1072440240,1
1072275667,1
1007266268,1
1073650136,1
117137386,1
201575674,1
541058248,1
1034023415,1
1004933339,1
171056321,1
971174433,1
835300836,1
947638859,1
1073491934,1
1078993377,1
548902835,1
965548555,1
1004585469,1
122694938,1
998608504,1
135125578,1
328145373,1
350088042,1
25236916,1
62960400,1
235524,1
53462502,1
1028357034,1
937861654,1
938174207,1
895355520,1
993859735,1
1003834799,1
302581653,1
956150074,1
60141400,1
424816655,1
1005225965,1
1080680107,1
1080818744,1
1059295913,1
1066491488,1
721412995,1
1048209086,1
70243206,1
320754143,1
1048133001,1
1046409919,1
283937426,1
706330688,1
107636415,1
485836229,1
1007581589,1
238939795,1
331965340,1
752649218,1
511742085,1
1043712958,1
968054175,1
884166670,1
1056370562,1
1056388865,1
1059170761,1
1060470673,1
804411851,1
742494733,1
1070979535,1
758000959,1
1011565190,1
1075067121,1
1061373760,1
1078882006,1
1076232031,1
1072438097,1
996420464,1
1064084869,1
1006868451,1
1019602801,1
1051936674,1
196944005,1
1021978307,1
1050428248,1
1045392429,1
1053065368,1
876258427,1
1071242222,1
821823222,1
1056298987,1
1059514880,1
1065139486,1
120756273,1
138647769,1
1057117315,1
1070871085,1
1076696625,1
270544115,1
934409412,1
878196116,1
466901403,1
949196309,1
996234421,1
996122401,1
991181688,1
1063843605,1
194593192,1
975375405,1
992425355,1
1004328006,1
996290484,1
1038050602,1
1058589038,1
734275924,1
469311257,1
214496090,1
1066063554,1
1075688889,1
944777697,1
1004684756,1
1009664738,1
117992328,1
120922365,1
708957300,1
600578845,1
351703796,1
669948627,1
633632943,1
574688663,1
762405477,1
698334193,1
474905722,1
714332929,1
995884761,1
826768914,1
715562605,1
932461233,1
698222075,1
876048258,1
673303011,1
590922695,1
881007055,1
1025384377,1
239170015,1
1045573973,1
345788278,1
1000482511,1
1029603654,1
1056993020,1
1080681711,1
971276540,1
1002127426,1
1011216247,1
1080827027,1
1004967287,1
1057489094,1
382801018,1
1061935526,1
308939149,1
876512515,1
856690639,1
1033345354,1
1040626344,1
1009384989,1
1057146717,1
310189856,1
654319646,1
145772928,1
902600889,1
1007641410,1
761685178,1
753074291,1
765405711,1
324144297,1
827082630,1
950386187,1
911890817,1
729075631,1
1057326396,1
904756181,1
1069643176,1
814723838,1
493686724,1
853997301,1
1070816851,1
863826067,1
489181688,1
708842473,1
786903843,1
1026897402,1
877134689,1
1038167637,1
918550949,1
907522727,1
1074384146,1
716599856,1
366449568,1
1046882973,1
1015010809,1
782117761,1
984010408,1
960834904,1
190268945,1
791494833,1
434869846,1
846764472,1
799800385,1
171945805,1
974553062,1
873538860,1
1081604184,1
769376599,1
850459337,1
1081611175,1
125918341,1
746291814,1
25942373,1
431890471,1
379696441,1
950835600,1
776427942,1
860052406,1
742503177,1
101542954,1
1027301567,1
1026884547,1
973794419,1
855239895,1
982145897,1
882200427,1
960228319,1
1030480334,1
245195282,1
1063248961,1
1061407666,1
1016550933,1
560308410,1
396675275,1
415395650,1
1028245490,1
961142280,1
1013414602,1
563672800,1
1017946675,1
945730308,1
741231811,1
1031498907,1
766104903,1
229545271,1
1035163435,1
961864969,1
1070822882,1
963922388,1
640419592,1
1018294847,1
783003278,1
260815201,1
722123255,1
984448284,1
1074058309,1
947326074,1
1083104024,1
886639515,1
932866465,1
942698738,1
971920500,1
974605533,1
132776898,1
1032914229,1
932019207,1
1077501903,1
623629028,1
1025227161,1
1030891026,1
131572045,1
1028076894,1
1072951407,1
1057293587,1
1035237236,1
970584724,1
62550236,1
1007526390,1
1080593446,1
800974485,1
993217530,1
998254570,1
1000627236,1
993632675,1
501216734,1
572752694,1
798982142,1
484408966,1
778667580,1
10823124,1
625399117,1
632300345,1
917532601,1
514103537,1
468548808,1
529001295,1
891761641,1
992116259,1
1067076410,1
1040181321,1
1031944195,1
1067085794,1
1046858470,1
1048595597,1
1052008844,1
1075051100,1
774776073,1
1043493379,1
1019817813,1
148118382,1
992905852,1
490576962,1
1040970525,1
991025661,1
962413145,1
286737837,1
397579706,1
505195414,1
996678725,1
971647172,1
979620681,1
266630993,1
214775101,1
134825995,1
466363957,1
576269760,1
168346541,1
357058951,1
356434242,1
1083079627,1
73133982,1
997340413,1
917371762,1
16064469,1
954437257,1
991500659,1
2685286,1
959332320,1
382040402,1
540055087,1
906102654,1
41015056,1
204032725,1
643321710,1
172353414,1
115419357,1
712008847,1
897629427,1
856658168,1
396047126,1
963950084,1
541121386,1
1056601543,1
724188229,1
1061697005,1
996534928,1
107980989,1
770577204,1
951348625,1
392405932,1
835079860,1
369308128,1
394889660,1
385200427,1
1082221679,1
1080235291,1
414354391,1
94474081,1
1079900959,1
195131750,1
1059971708,1
1002684544,1
845502,1
1081333823,1
731036,1
996781932,1
1000688495,1
952782125,1
716483096,1
818086417,1
400793856,1
944805239,1
967725277,1
46110224,1
1073973677,1
1073284377,1
685681918,1
614571506,1
429944117,1
946388429,1
457426467,1
1009669554,1
390771491,1
1058932278,1
404543276,1
681783027,1
979915100,1
996108247,1
1000552718,1
982257558,1
572404132,1
819490823,1
778377224,1
881411978,1
975521289,1
830605959,1
693257525,1
964482314,1
999139311,1
1006642423,1
1037709239,1
337680227,1
836218391,1
1052513634,1
1052487412,1
888333983,1
477063444,1
1035223241,1
521287337,1
591262795,1
485777587,1
981540109,1
987573097,1
989615200,1
991519778,1
877713626,1
1022653455,1
1075607482,1
997840138,1
666617656,1
740009013,1
981896717,1
1048155823,1
696612343,1
1040590712,1
198134783,1
373504091,1
782667287,1
1040916308,1
963335638,1
648426497,1
687672486,1
996346613,1
790329398,1
1023081102,1
726330221,1
1072383429,1
926904406,1
997204426,1
894150464,1
807025411,1
267593379,1
1018077604,1
1038832162,1
582227978,1
1057277287,1
573220930,1
1064810968,1
997495001,1
1004912732,1
1005112002,1
947618664,1
1004895576,1
1038668037,1
440435851,1
878028351,1
873315118,1
947408086,1
823434039,1
742857591,1
606158645,1
1062199588,1
626069449,1
604257640,1
511928626,1
481976959,1
979776391,1
1068739573,1
941996900,1
1049238121,1
436236321,1
61520878,1
1055183301,1
1014890385,1
25965647,1
1005326295,1
938027562,1
718561767,1
1050074045,1
537984814,1
1049870777,1
944473174,1
548658930,1
563714158,1
1082530641,1
1048117089,1
1067964197,1
1081254015,1
666069750,1
1081878966,1
771877502,1
783057627,1
988632153,1
978128506,1
831177576,1
1027085634,1
751522052,1
334802835,1
835790157,1
362522374,1
1052471356,1
730179789,1
500788037,1
618880086,1
621236480,1
119740716,1
1075017518,1
713369513,1
509813089,1
578143014,1
1042889965,1
1043314048,1
1038830120,1
230656150,1
1059173043,1
1039851361,1
786191768,1
993964150,1
996493701,1
1000600907,1
971754939,1
1018571626,1
1069722429,1
755309166,1
616065095,1
968543415,1
735164573,1
980312543,1
907732371,1
815912916,1
1004458715,1
96035336,1
142754038,1
242864388,1
446530955,1
726694951,1
504395943,1
155851099,1
227065680,1
1015376774,1
236408521,1
1041310447,1
821535634,1
631946676,1
534702486,1
670336752,1
595955012,1
910371165,1
1030908214,1
924689576,1
1009878110,1
975514754,1
977016857,1
781605055,1
1076815620,1
977819000,1
781601569,1
508569455,1
1065056424,1
1067675061,1
1074006964,1
541417863,1
1052320226,1
1010999510,1
1010103622,1
1005462274,1
1000988206,1
996855003,1
484283217,1
962701872,1
384299213,1
996864782,1
679975935,1
388508959,1
767271385,1
923710851,1
957896381,1
1041200995,1
336378222,1
494067820,1
834012,1
980963667,1
1064777306,1
1076920686,1
949130091,1
959008505,1
712231950,1
658918578,1
1077144184,1
1071115558,1
483945963,1
1002560535,1
492251254,1
431720686,1
1018830329,1
1077783087,1
1060402323,1
1082092400,1
880207267,1
832434245,1
891013623,1
213105976,1
184149933,1
894346693,1
994252817,1
73070082,1
369967135,1
200144924,1
199532043,1
811844588,1
932486035,1
86961122,1
454843759,1
1002574954,1
481099600,1
994029415,1
990517918,1
1074011612,1
1071361137,1
482204681,1
481270935,1
666646319,1
554679284,1
1060683052,1
334924812,1
519209383,1
826138710,1
1075270320,1
991070430,1
1074203796,1
1079748992,1
414454381,1
469725269,1
944991204,1
1050221585,1
116172792,1
1062470114,1
459041160,1
772179829,1
570618011,1
1068613559,1
892798142,1
510816396,1
970151410,1
970202810,1
970202636,1
970201757,1
532327,1
915414490,1
464234673,1
102118648,1
284682486,1
769690425,1
974074797,1
949058143,1
537601494,1
977237965,1
869044298,1
829459985,1
698329992,1
951846950,1
1003180169,1
1003690547,1
1003210561,1
968625772,1
1003475075,1
1051082208,1
1050958525,1
1047433409,1
1021056845,1
1028835835,1
1059112368,1
652388434,1
976165046,1
287021542,1
827504088,1
469766387,1
970713476,1
1045759605,1
1070869215,1
1046751648,1
888691856,1
826126746,1
980027295,1
1074745004,1
1068918799,1
997409209,1
992884442,1
1065586227,1
554298594,1
676507493,1
1021852952,1
1023779014,1
104571882,1
883532293,1
1045810257,1
1064509136,1
690686244,1
945537387,1
118633603,1
734986056,1
399723831,1
1023174328,1
940190047,1
1011823459,1
818476751,1
733436993,1
895842470,1
979688343,1
560069492,1
1050481704,1
1071562044,1
666446747,1
429725962,1
882599105,1
946238840,1
1049941474,1
97934435,1
735404866,1
373238984,1
1064999711,1
959746232,1
704961333,1
1003673131,1
951222857,1
1042215963,1
1004390363,1
975761224,1
941625045,1
788361197,1
969328273,1
980117512,1
980117883,1
600792137,1
1019177804,1
1020970444,1
1006870955,1
320206995,1
209472103,1
682315946,1
1017803672,1
1072749606,1
1077126516,1
978713845,1
115535306,1
784767328,1
1001405725,1
1005994280,1
863710989,1
1010431311,1
1014511227,1
592861390,1
1004991333,1
17100245,1
418924306,1
1035027482,1
705668597,1
1065431541,1
1066298233,1
724737505,1
1024196985,1
1008985652,1
904405976,1
884793212,1
1028157329,1
1020935524,1
1047921789,1
1050799965,1
945810130,1
946440283,1
1072375174,1
951925541,1
959758429,1
961654018,1
1077024425,1
1075547792,1
819892875,1
1012992511,1
997372222,1
495843755,1
827365740,1
831072405,1
813754645,1
1057242410,1
1073904262,1
808892873,1
945823205,1
1027264302,1
1079871708,1
957106638,1
965275924,1
958710043,1
975857456,1
965146193,1
1064059989,1
1043587050,1
992502233,1
918341317,1
1058939135,1
1030698707,1
1061276016,1
527887,1
1082306317,1
925292835,1
676457765,1
338000804,1
262950460,1
444965167,1
295772808,1
295751561,1
444974580,1
843497317,1
957320492,1
803549652,1
166482676,1
715260091,1
779697314,1
10000553,1
1060757899,1
1059284179,1
1028853410,1
954344204,1
295767827,1
443325172,1
214332094,1
370336727,1
712645552,1
985924653,1
289632442,1
530701523,1
791093151,1
396191774,1
539721120,1
331971746,1
1008583490,1
1012390007,1
1027315940,1
964335218,1
720827030,1
1034660873,1
393701060,1
647553947,1
972446232,1
1012634150,1
362928500,1
1077596716,1
1027259153,1
846699241,1
548728270,1
1018428180,1
442583789,1
1018438022,1
596588463,1
635643523,1
952506878,1
999194786,1
595104921,1
659587798,1
1042972385,1
919940003,1
962587687,1
1007496020,1
978737660,1
893733158,1
1040912511,1
882659926,1
1072077788,1
1071341896,1
984146195,1
1080324942,1
1023706953,1
1018603601,1
1018461192,1
1019637897,1
432176736,1
195485391,1
1067477721,1
1022837051,1
1020499393,1
1019658652,1
1054535866,1
1051714367,1
993261761,1
1062439627,1
1064916712,1
904954141,1
1018137750,1
937777675,1
824153446,1
1081201778,1
1081931697,1
1082518420,1
1083121477,1
1034662446,1
664904204,1
1024819550,1
1019889021,1
1035675923,1
1074977167,1
1052291227,1
713892238,1
434985654,1
1070925489,1
1055051805,1
709500201,1
81888930,1
1080898307,1
1064714336,1
1078166752,1
1080638465,1
961725593,1
1067912175,1
709840880,1
954176874,1
583189548,1
617190538,1
674887276,1
935194910,1
548164123,1
1050060254,1
998461914,1
1048898956,1
1077086607,1
3118061,1
1049552743,1
1079911904,1
988308725,1
748968097,1
1075555183,1
1078189100,1
1048154332,1
936561627,1
935944449,1
1050404209,1
1035963528,1
1050521576,1
1074466546,1
1030497173,1
1077137945,1
1023114358,1
1017471519,1
1030164955,1
943037013,1
421439504,1
775139167,1
896704267,1
1024196195,1
1030672120,1
1080834748,1
711236565,1
1067095443,1
203226324,1
1070836236,1
807810490,1
457581326,1
615966929,1
617070735,1
1054936955,1
934149832,1
1022676343,1
1053302488,1
1051209689,1
1029508531,1
1015856423,1
1059920288,1
1017294373,1
527726340,1
1071134832,1
1073995129,1
1012840751,1
1073174807,1
536745599,1
1070294621,1
949196918,1
539692587,1
158121203,1
930533051,1
988342300,1
970098294,1
957557442,1
994669359,1
983622036,1
991648186,1
1068787975,1
1070916639,1
1040589535,1
1053272020,1
943235900,1
941062595,1
930485096,1
1077333136,1
1074668628,1
1074343737,1
1006937650,1
1016319344,1
716559579,1
481297851,1
1062182524,1
1051963199,1
715228936,1
341409904,1
1064163330,1
410469311,1
989733312,1
776354620,1
900970624,1
1060378136,1
922908533,1
773704470,1
1058631446,1
1081421870,1
968179389,1
960960926,1
980147188,1
1018578322,1
1074658057,1
1078162185,1
1009959492,1
422576553,1
1054559691,1
1017112378,1
1022548020,1
1022555098,1
1022558602,1
711285532,1
1075153371,1
890014171,1
1010946810,1
909468426,1
1056781967,1
1074400594,1
944653502,1
1014147909,1
623706176,1
721528154,1
822665063,1
566843019,1
1060968106,1
1014171097,1
966004306,1
730542032,1
1046219094,1
1055859692,1
1047201209,1
975349106,1
954681198,1
991959501,1
730710884,1
992024222,1
1031006607,1
956486617,1
940110736,1
984013610,1
716440102,1
602818392,1
882313175,1
1036048097,1
978460089,1
562824044,1
375350431,1
998548665,1
973787777,1
118824744,1
432288826,1
1070211321,1
1073810841,1
1068642210,1
1080614717,1
961719502,1
16574557,1
944838524,1
105325768,1
1609079,1
497851100,1
1040312458,1
950496567,1
984591694,1
1040143796,1
687983264,1
1041645106,1
325568610,1
400504863,1
109782737,1
631740143,1
264901571,1
235389588,1
771423000,1
992631461,1
868588050,1
989720450,1
604693871,1
993634020,1
874082941,1
51207440,1
1037545354,1
1074323244,1
748896557,1
95166343,1
939317762,1
396678630,1
1044409605,1
1018233520,1
848110680,1
204933359,1
13226590,1
72457700,1
608682101,1
595927746,1
306125945,1
676033254,1
1071908860,1
583677706,1
708341154,1
643317488,1
1067011219,1
1059269574,1
945070304,1
944623253,1
579397341,1
897619003,1
567402183,1
1073780876,1
582712075,1
872608051,1
550943586,1
1064803730,1
532788991,1
1038094509,1
977427885,1
968553020,1
1032788252,1
1012030995,1
984383422,1
958925261,1
319616675,1
962354728,1
1067801044,1
129034122,1
366205598,1
439368399,1
1035919171,1
1078807491,1
1039130703,1
1082537124,1
996740430,1
1075578506,1
1078742327,1
1082265372,1
867242526,1
977891258,1
1049278492,1
1048238827,1
682289458,1
1044429102,1
1065985608,1
726199579,1
1072625180,1
1013958643,1
1081889294,1
1071488096,1
1056795945,1
1074065835,1
584384740,1
935780626,1
300891070,1
1040852900,1
1069324502,1
1018934940,1
544928141,1
1062976817,1
1079379858,1
1063518074,1
1050664827,1
1080857164,1
1048985644,1
769694402,1
1074250069,1
943187029,1
903900333,1
565337626,1
1013960819,1
264925745,1
1054366761,1
1056449996,1
975721973,1
837569383,1
1082487487,1
1071255352,1
1081218722,1
1072428847,1
1071021213,1
915942132,1
930564709,1
892199371,1
438261125,1
849879730,1
875355152,1
1050533098,1
757507636,1
471930254,1
946067223,1
1054047855,1
23492058,1
370499387,1
1012383321,1
1013959608,1
1016580386,1
1013963436,1
1017983697,1
1043310004,1
943153291,1
1013956109,1
963746578,1
24954334,1
47002836,1
991963570,1
973547493,1
547864843,1
706669723,1
473003002,1
1080600241,1
857932083,1
1073947661,1
825666787,1
1056421036,1
1070453372,1
826862242,1
121629468,1
98506770,1
720812980,1
730328237,1
25050422,1
883977822,1
1065844658,1
736531174,1
959683285,1
969898058,1
757660935,1
1050829751,1
1072040396,1
1071003691,1
1062040997,1
431317365,1
1056755033,1
1074824089,1
1057209070,1
992189393,1
1061738157,1
1073750269,1
880801498,1
872929112,1
798472537,1
300948243,1
829669018,1
923298701,1
399402112,1
1052437539,1
516590726,1
407585893,1
1033502961,1
1032149419,1
1042923592,1
1056411024,1
1065426452,1
887597854,1
652822328,1
1052365363,1
1075896054,1
1076675247,1
966065056,1
791555174,1
1075034903,1
1080450275,1
686860668,1
1075877417,1
962307258,1
966125359,1
920918955,1
1005087692,1
643991074,1
772213073,1
594300534,1
552702723,1
1071259806,1
1059271868,1
1050388565,1
1043415676,1
1024150739,1
1020161363,1
1054721891,1
1028034003,1
1055090019,1
1055818730,1
1045530969,1
1068238640,1
1062825600,1
1062499561,1
1047881255,1
1055749047,1
1056933057,1
565311960,1
1056642851,1
518132640,1
655785040,1
996255901,1
988577158,1
1076277433,1
647799680,1
1059219507,1
905393680,1
876563171,1
1060805192,1
1069286251,1
872913200,1
211635273,1
262833415,1
651379768,1
409202901,1
146087623,1
277494078,1
685324065,1
845311670,1
860921143,1
839471356,1
844188191,1
578662148,1
1008879616,1
1052394865,1
1074216640,1
980746691,1
988660710,1
1005305121,1
183925478,1
160006766,1
628983003,1
618895774,1
571976174,1
812493482,1
374460000,1
1079452454,1
875425052,1
1046576822,1
1068416157,1
1067679138,1
782737917,1
1074261662,1
10057011,1
996831556,1
733311358,1
1042938824,1
695341409,1
1009781958,1
706958461,1
715814008,1
435399668,1
725625316,1
705289841,1
642089391,1
345593656,1
875790524,1
444863908,1
1043438650,1
876496985,1
651347445,1
1004713071,1
1034395775,1
1018541491,1
1045489299,1
1056949374,1
778463345,1
1071018008,1
977672316,1
1018581306,1
1018626685,1
630198485,1
450627402,1
268508690,1
491989300,1
993763306,1
991985285,1
966494633,1
755283720,1
992547512,1
1024054296,1
1031204002,1
1049575878,1
1005059184,1
390431363,1
878748339,1
832153456,1
945416208,1
1021762314,1
1025190371,1
922281844,1
1004919056,1
995699886,1
991197917,1
665086886,1
732656600,1
916872946,1
1020536782,1
1018387454,1
1040879442,1
986747709,1
2137588,1
456581652,1
917520720,1
1239311,1
885797913,1
777658054,1
843323512,1
966053880,1
724533824,1
885118246,1
1040968573,1
1048604004,1
740239256,1
1048787868,1
114171174,1
585657321,1
1049413875,1
540903914,1
19901239,1
484121503,1
1016298386,1
996490847,1
996744630,1
997168103,1
1024102409,1
716885964,1
941058652,1
1009859265,1
447400491,1
644427988,1
3125763,1
1066331222,1
993919003,1
1032743684,1
704346187,1
1068960118,1
592387526,1
844331395,1
828861748,1
604681896,1
864640298,1
824039526,1
475121206,1
988582232,1
967902057,1
533913899,1
1052294271,1
1048761761,1
947820616,1
1026980232,1
1075571152,1
261989758,1
806359169,1
1182753,1
778202953,1
720006710,1
737010978,1
116338515,1
1040601960,1
1926070,1
991555118,1
1039635979,1
986597543,1
1064888709,1
713178252,1
642969181,1
1074989966,1
884054287,1
1040167670,1
919072176,1
881499757,1
317618182,1
1048062441,1
1008637037,1
1075097929,1
1080376310,1
177004738,1
240487795,1
1076072913,1
1077319392,1
1030752473,1
943440274,1
658960152,1
996288747,1
366632945,1
1071083302,1
1061928833,1
667446306,1
619791652,1
1059041392,1
1045241463,1
1056738688,1
1014156709,1
971439737,1
1061905503,1
1067811775,1
464931073,1
698016712,1
953713645,1
199103292,1
752731968,1
272919244,1
1054269223,1
1012889321,1
217751798,1
1071057000,1
1021478406,1
210144279,1
954712749,1
1030473731,1
1034214233,1
947677941,1
1034573507,1
1082377642,1
889251925,1
1044094706,1
1045447335,1
1047291042,1
46948898,1
1050522574,1
1001232872,1
1013973369,1
612506632,1
982321264,1
1019070719,1
1022952870,1
1027313161,1
1029500012,1
1031071550,1
1034517874,1
991512301,1
1079751212,1
1053925772,1
1045683700,1
640674985,1
1034422089,1
790176075,1
1080388757,1
998983333,1
994053233,1
1005530157,1
880469525,1
1009866940,1
996259343,1
894543830,1
1040661047,1
1043668037,1
95739260,1
945344159,1
948647694,1
1034526226,1
203954138,1
1028063585,1
1034215401,1
1007950382,1
222667233,1
839050611,1
1049274334,1
1066733720,1
1077590740,1
1080497319,1
1077149491,1
1014828484,1
1073939383,1
670017415,1
964426089,1
981440069,1
1079303797,1
733726253,1
460199284,1
814608177,1
824838250,1
140715883,1
356973048,1
892500605,1
1049846471,1
1048851796,1
920834668,1
1037864679,1
906690415,1
714449677,1
555215477,1
954043485,1
351685862,1
800095717,1
1078026292,1
1061988954,1
1080945760,1
1079901580,1
1042814995,1
646804542,1
1038517326,1
711892878,1
1024827294,1
1077058481,1
1030167917,1
911102702,1
795299513,1
694222640,1
993077614,1
977189442,1
960604898,1
886355895,1
1018568897,1
1055049126,1
967793724,1
1046877679,1
1018555051,1
1024187231,1
1056922774,1
995641041,1
1072508839,1
1041516148,1
941428562,1
981493853,1
702087362,1
1042553406,1
991189887,1
992134556,1
886731803,1
1073722328,1
1055528156,1
853435140,1
159385739,1
980772219,1
947386673,1
509989002,1
876090559,1
947600517,1
984213173,1
1065374680,1
1067662633,1
1067572104,1
1071088400,1
1071070633,1
1071618171,1
781787844,1
975130420,1
584032485,1
361474299,1
1050472909,1
960622828,1
708200322,1
854085086,1
816820477,1
140188485,1
17365445,1
1026863087,1
580984686,1
1067998561,1
567884900,1
376447445,1
55750952,1
495411232,1
402206879,1
780216900,1
151767310,1
908659258,1
620209324,1
1051614173,1
216188456,1
1032599011,1
1054419869,1
1050987281,1
766432432,1
1013467391,1
1027492871,1
1027498357,1
1032252136,1
1062115878,1
20251676,1
809661395,1
966877090,1
1074459727,1
1074943887,1
355734916,1
265785448,1
996357063,1
904817960,1
734065817,1
865320643,1
647728412,1
1070613626,1
1050451982,1
1012831170,1
360632588,1
690898086,1
943232353,1
913932178,1
871629395,1
1041653396,1
302047380,1
947591626,1
871028527,1
585163987,1
643386819,1
643122174,1
284198081,1
228802511,1
560618645,1
1050617010,1
484749646,1
1059066305,1
564490611,1
975490359,1
450017907,1
99142638,1
1072327280,1
732113944,1
821893774,1
1072179794,1
472045289,1
421556030,1
484672522,1
1022271021,1
878553825,1
1081926261,1
825387586,1
584589524,1
1082530911,1
1082997904,1
971506980,1
1077384947,1
1080247253,1
759999299,1
1071295171,1
1013830037,1
868787516,1
1050240495,1
638963971,1
1056483203,1
1071272564,1
1008329378,1
720723636,1
144927215,1
1054760699,1
798272481,1
998921975,1
163405704,1
789604567,1
647431428,1
1061741150,1
471471424,1
846813506,1
999838473,1
992512719,1
1045614063,1
1062251666,1
696708324,1
894681837,1
276679395,1
880915753,1
707652608,1
850672998,1
164524254,1
529532710,1
615341488,1
961781962,1
965835348,1
982133909,1
215643967,1
384983049,1
566856019,1
981414852,1
825986735,1
1005267605,1
1035866217,1
554231820,1
555152629,1
469202529,1
562285581,1
673976701,1
759691063,1
535736775,1
520995150,1
316217791,1
1044873303,1
972447930,1
1000804703,1
1075488491,1
1002130889,1
1072912813,1
1076876458,1
1080544157,1
983993853,1
579809961,1
1025037058,1
1005266613,1
1052491051,1
1014156595,1
720523536,1
1014157761,1
858117318,1
1015819317,1
1014815952,1
968438901,1
954175823,1
989055657,1
803573976,1
782586089,1
992590111,1
957082008,1
481937652,1
1052186406,1
415256939,1
400414549,1
1059195869,1
810046014,1
1022457732,1
1050332239,1
1067873431,1
236344989,1
162489428,1
699243226,1
838962053,1
1046926852,1
666405576,1
988251957,1
659802803,1
339999,1
969564545,1
650602528,1
980742249,1
967949454,1
923693904,1
1028786836,1
872979882,1
225155200,1
1049405184,1
981796344,1
411935450,1
1034412150,1
954613304,1
1041441285,1
1047669512,1
1045579669,1
1056473503,1
713505990,1
806858318,1
1011516181,1
958215815,1
901240058,1
666225342,1
616973495,1
58030966,1
998794073,1
364425504,1
294526,1
947484148,1
965823177,1
1067638854,1
1047836303,1
1067994810,1
1060648097,1
721739134,1
1076857645,1
767101555,1
1060253270,1
1057782892,1
1071227263,1
1055019791,1
1064925832,1
1067930152,1
1064084563,1
1031054886,1
1067666825,1
1046833430,1
736636566,1
1067960461,1
1038469461,1
1075002363,1
1061740611,1
1047352192,1
1073005879,1
1023029335,1
1023527370,1
1026557673,1
1027968792,1
1080342805,1
1081300757,1
1028641007,1
1028906788,1
1028907740,1
1030254138,1
1031260927,1
1041024650,1
1066421258,1
1038468334,1
1039066723,1
1021607320,1
1081166941,1
99640277,1
878817180,1
1041284352,1
401465097,1
402883782,1
402844632,1
403466382,1
404102505,1
405079071,1
405689055,1
959634113,1
303772179,1
935905760,1
404433994,1
407904192,1
905482568,1
884797958,1
407926031,1
908349814,1
1048649823,1
402375495,1
404662876,1
799711509,1
326491283,1
1024136553,1
599597610,1
1059116878,1
997617536,1
1024993689,1
780361859,1
339637675,1
205937309,1
430646955,1
957350461,1
721920880,1
754473961,1
1049867213,1
1065012855,1
820095924,1
1033815526,1
399713258,1
822085530,1
97511158,1
1049344915,1
885354689,1
1004715501,1
795905721,1
953857180,1
889028926,1
551717535,1
897894427,1
454392062,1
559517890,1
406213423,1
880687178,1
890660206,1
178553696,1
895266200,1
1015853708,1
363613706,1
1056708513,1
1076594542,1
1067327216,1
1051941423,1
108483009,1
1073660618,1
574339766,1
290817374,1
393474264,1
648515979,1
801060639,1
900968600,1
907765488,1
372423180,1
1033050883,1
996602296,1
984649604,1
949003199,1
1045400576,1
1074143508,1
1051491975,1
1078885418,1
1053326556,1
1027960286,1
996569378,1
940625210,1
1079349246,1
1075008531,1
1079832666,1
1026125077,1
1067788381,1
1068153764,1
1028594285,1
1051414242,1
1064729977,1
791368712,1
521909736,1
921554668,1
596163859,1
1059163471,1
1058902472,1
440022640,1
486985327,1
1061836051,1
1077358182,1
1068621469,1
915739517,1
1070308878,1
996495779,1
869470440,1
939417162,1
971293586,1
1054655711,1
1060541852,1
1054723132,1
1047970867,1
1061792390,1
1071572229,1
1076443132,1
907014654,1
1082287387,1
1081930789,1
1080817233,1
1074227423,1
1070888317,1
946043162,1
430355057,1
984105590,1
755137487,1
1065397934,1
1065042060,1
1000861561,1
1071282687,1
739813585,1
970126351,1
1056701182,1
1034284098,1
1047676396,1
923153358,1
993085419,1
919458031,1
951192505,1
1042668229,1
1051603516,1
919100608,1
992942346,1
1053492079,1
1059022971,1
958785567,1
1058981624,1
635671525,1
446787648,1
966356821,1
653251608,1
861100889,1
863575903,1
1030495882,1
1066859316,1
913535725,1
917678738,1
1058099535,1
1056663891,1
574241265,1
981292177,1
1037081770,1
1000422543,1
992397277,1
1029812909,1
981781870,1
854193423,1
728758036,1
778252378,1
1020303233,1
1019911547,1
1018485346,1
1003098226,1
1025069336,1
1041248180,1
1074538151,1
666475859,1
887734757,1
910303273,1
401558842,1
548650432,1
1008766531,1
350350456,1
1021797135,1
1022998408,1
507015422,1
804286244,1
1012497934,1
592293181,1
798735133,1
725718898,1
1030604982,1
972894840,1
117395736,1
975650365,1
952925087,1
947198295,1
1000265271,1
1050709095,1
1009472819,1
973830114,1
244698177,1
1064836502,1
772634246,1
810192938,1
545539104,1
1038728798,1
541672857,1
899780016,1
1077340768,1
962054129,1
1061384332,1
963843518,1
662656594,1
806636883,1
852167342,1
13079871,1
1061743990,1
1061938586,1
1056617389,1
451060755,1
857982932,1
857985440,1
857986399,1
1072873667,1
1067153339,1
994452111,1
720890436,1
1072440583,1
1060707013,1
356025942,1
1061652958,1
747418585,1
967961996,1
1013541175,1
1060559621,1
1071343201,1
736368635,1
1065078676,1
1077314354,1
1077587198,1
1078838218,1
284880613,1
998381442,1
801053901,1
371868021,1
1058016912,1
975390271,1
73529332,1
1019255923,1
721949099,1
752063046,1
1066976955,1
1067915786,1
716695209,1
966296234,1
862669575,1
849942945,1
846357359,1
692859615,1
873682697,1
867156626,1
863163920,1
706685210,1
925939312,1
1011446726,1
1000834164,1
822727089,1
1014012424,1
971106994,1
1050133684,1
1052347749,1
965549651,1
1050097166,1
999761748,1
360447041,1
159649897,1
660957165,1
12072686,1
1014079212,1
989153321,1
1080494515,1
1081650842,1
1083167719,1
719950086,1
428040440,1
11906235,1
914293202,1
1052831152,1
1011362958,1
799271140,1
437684099,1
1067933712,1
401787469,1
674759723,1
1064674539,1
841637700,1
934560918,1
1048742767,1
1036300673,1
1051663592,1
752060592,1
614586501,1
975261860,1
713873801,1
914934311,1
1008411586,1
817629470,1
942984768,1
816711121,1
785070349,1
315300218,1
1053113799,1
1060090848,1
554054786,1
969923698,1
749485695,1
392502625,1
794984952,1
832463744,1
486513085,1
802354080,1
341554734,1
789647480,1
732770381,1
883665019,1
16803922,1
839752257,1
978523152,1
1052961656,1
978193305,1
455401447,1
1044089458,1
1064111186,1
880098086,1
974472222,1
917180063,1
780810911,1
1081822133,1
1082001515,1
954166746,1
1063530891,1
772537508,1
1052646994,1
754861205,1
958217446,1
573324041,1
776109040,1
399047817,1
833771330,1
937745133,1
941169842,1
837422504,1
947029321,1
262163227,1
1045159636,1
1045155130,1
1048643889,1
1065418852,1
1049017132,1
1050544057,1
1050137017,1
1054358887,1
898110129,1
1061789877,1
959532878,1
1008644226,1
1000491633,1
915304916,1
828061873,1
808028429,1
798734255,1
791347720,1
1051254130,1
1052672103,1
720948712,1
725603696,1
320521869,1
97858260,1
246921934,1
944313824,1
1007759945,1
639735047,1
1008518845,1
19478422,1
91873917,1
1060648750,1
1067897147,1
1067324276,1
1070868358,1
716553822,1
1054735003,1
635939382,1
1077941684,1
1078504733,1
1077075405,1
1014878432,1
423996929,1
1004110961,1
99452558,1
880114914,1
2310347,1
938760076,1
662407742,1
417986470,1
975447634,1
658484861,1
1047440073,1
1077962363,1
502479505,1
842988356,1
126387830,1
877773307,1
891710382,1
347563185,1
314518515,1
144788643,1
858093530,1
1050877011,1
1081837849,1
556797326,1
914761130,1
912718358,1
1033655198,1
825785703,1
1023705556,1
2278520,1
1037578535,1
3302142,1
1051941475,1
393107707,1
1057256841,1
1059116321,1
1056755777,1
991986779,1
1057044846,1
987303492,1
774996399,1
1080937769,1
853503169,1
1011768248,1
1074598040,1
429990654,1
3012309,1
2719516,1
203569588,1
337530912,1
852885411,1
167900121,1
396786358,1
571340297,1
396166156,1
408785525,1
396278272,1
658635567,1
18040987,1
834195137,1
903958789,1
859047474,1
128227746,1
414849042,1
810043879,1
1077000599,1
947192212,1
1080845548,1
1080854180,1
1082716615,1
10305810,1
996802612,1
24362421,1
988997514,1
552656423,1
988982882,1
62047948,1
2666333,1
1036009404,1
930765835,1
53841860,1
742137809,1
919523822,1
454975304,1
1078188662,1
1000932161,1
1065001385,1
662409627,1
630884955,1
769716795,1
993269856,1
1043508890,1
564484274,1
1041081194,1
25034853,1
1038282398,1
1030787937,1
1020298459,1
1034685612,1
1030986726,1
1027492771,1
1023145483,1
1058126073,1
1048894517,1
1068110225,1
425057629,1
1048553413,1
1080972020,1
921292103,1
1002036963,1
880202584,1
1030497045,1
1035957561,1
1037957535,1
1033544655,1
1030856580,1
916578940,1
397731658,1
930171098,1
818536654,1
983855142,1
1020000618,1
675996456,1
1004718834,1
1034693083,1
604676694,1
391019665,1
843018004,1
245885305,1
947256735,1
1038141590,1
974092333,1
1039505608,1
534745838,1
924767197,1
935613845,1
1037746005,1
1037361681,1
1034702170,1
973873020,1
987809709,1
958994848,1
885866244,1
664916507,1
760552247,1
864718312,1
864718587,1
1030344049,1
943084982,1
996263541,1
668806980,1
872266807,1
870017336,1
992563496,1
833037306,1
991628545,1
531244747,1
894490266,1
1077536322,1
998253832,1
1068092315,1
1051998001,1
1066816060,1
461559366,1
842110463,1
791110678,1
1077331454,1
1082547865,1
1001580902,1
863921520,1
810030858,1
172431554,1
941308131,1
492790775,1
115303217,1
624142296,1
815086628,1
1022334585,1
1019114032,1
747425065,1
957262603,1
922983580,1
1023050191,1
832796333,1
1048430003,1
812881017,1
362634721,1
1043672682,1
997605052,1
91217601,1
1075028512,1
1025355940,1
1070878177,1
529405644,1
631702702,1
967447248,1
873214072,1
810112779,1
115674767,1
456251712,1
1030706061,1
1047307987,1
1016732352,1
1060348919,1
1044266435,1
1077367817,1
1005105002,1
1012663561,1
746776056,1
835710990,1
1020769854,1
1079357509,1
427200928,1
735701925,1
1043515297,1
764033776,1
374638221,1
970348310,1
701435319,1
515591554,1
480480563,1
952967229,1
772229219,1
809076026,1
490461571,1
1077430765,1
127064575,1
472995698,1
271926653,1
744497687,1
181469092,1
955878780,1
728862521,1
902065607,1
1040703068,1
944741602,1
121853464,1
781327004,1
776115249,1
1070564135,1
954196218,1
852679901,1
1046453888,1
1061714463,1
700114957,1
1014222445,1
991729737,1
719121078,1
397629971,1
975759080,1
975503345,1
859624527,1
1070858730,1
994465606,1
554489840,1
1011984238,1
739998395,1
479777120,1
323904889,1
959687101,1
1073301942,1
545776082,1
86198511,1
567274242,1
64932348,1
988786991,1
66623722,1
93604068,1
960767998,1
485227564,1
955847775,1
388281578,1
743238007,1
779132772,1
1000507522,1
1008341054,1
1009644562,1
1058905379,1
1019173342,1
1018606156,1
1018607773,1
956509933,1
967699780,1
1021195443,1
1029564039,1
1030359302,1
813512135,1
1052150426,1
15144826,1
1049007793,1
1054778911,1
1048182445,1
1045828876,1
1071210252,1
1073359918,1
993015196,1
1074488466,1
1075363599,1
1074240024,1
1040640668,1
112528773,1
1043424938,1
18820610,1
762934992,1
1015574666,1
1061591534,1
1061598325,1
459270910,1
1071055047,1
353419799,1
1022425304,1
665528568,1
531016807,1
1011241851,1
1072119726,1
1004866696,1
915621249,1
917340278,1
1030420756,1
324852418,1
1065956310,1
631523983,1
1066028882,1
1037139039,1
947615951,1
1055800110,1
1059013375,1
1056665159,1
1038770625,1
904941184,1
1053948782,1
403639800,1
1075714486,1
1076290884,1
1078885838,1
983715267,1
1075707259,1
1056881992,1
1047419466,1
995299187,1
1033458592,1
904377103,1
809053025,1
958371451,1
813765455,1
943420800,1
1081473227,1
1081657863,1
1081679013,1
500431601,1
743519581,1
442130403,1
824791938,1
956778938,1
812684430,1
1054262523,1
957896811,1
891411187,1
1012012235,1
1030663900,1
1055900027,1
928973275,1
953929279,1
871980461,1
939863973,1
1039608752,1
1052914273,1
886330591,1
1044890969,1
547742301,1
1067070495,1
817836547,1
446780526,1
869589083,1
1045585435,1
340312620,1
819929577,1
1014035762,1
781875474,1
894210005,1
829743535,1
1024530783,1
886202548,1
992397164,1
783490815,1
1002408046,1
1050526231,1
956435318,1
932537945,1
805804459,1
1052600220,1
907846633,1
725268484,1
507670223,1
731605126,1
497243184,1
1059339454,1
71181936,1
848105455,1
806996643,1
1059187067,1
1025187264,1
1028781387,1
869298907,1
937447749,1
965208871,1
444106521,1
1043481295,1
978495257,1
979809485,1
606830865,1
988289907,1
668625550,1
1038099491,1
910418757,1
1013821346,1
409082439,1
1006534563,1
1023455382,1
1026759002,1
967632287,1
189929049,1
360841871,1
1022570794,1
179929592,1
1009465965,1
782615243,1
1026055349,1
1006463017,1
1077267158,1
1065584809,1
1074908915,1
991660974,1
546394023,1
1009734392,1
1017207635,1
309708423,1
364278697,1
1035910049,1
837541132,1
27107579,1
1056118530,1
536208404,1
895782182,1
1005282506,1
961748178,1
1050448229,1
1051915087,1
882280590,1
1078135231,1
996440707,1
997994392,1
996356850,1
1078630606,1
1065337701,1
373573965,1
1052327902,1
891338497,1
1074223316,1
944477814,1
1075881184,1
93211432,1
1078248023,1
1009847212,1
1048245367,1
1043386946,1
1042854114,1
1042759452,1
995548404,1
1000361446,1
950106082,1
1000684468,1
998710265,1
947303370,1
993126902,1
999459572,1
2091077,1
999828592,1
1000824351,1
1002765195,1
1056790920,1
1032243858,1
1037786364,1
1040790597,1
1040481093,1
1065459014,1
988352738,1
1063470779,1
172274450,1
757656912,1
344363225,1
244851847,1
1054765355,1
167862360,1
192030165,1
570501663,1
835134763,1
790446641,1
835975782,1
868592669,1
728076242,1
1067295708,1
1065115871,1
818198012,1
1074162128,1
786471396,1
1079092255,1
1081096388,1
1025400135,1
350145709,1
958712812,1
1061714782,1
71369562,1
422550977,1
1608668,1
469172168,1
98099308,1
3278616,1
1021657958,1
1074283383,1
1071272529,1
670248155,1
284455176,1
891214443,1
1082469825,1
202752084,1
100485179,1
996566122,1
943337029,1
999571708,1
1015238648,1
997121869,1
979228986,1
994309741,1
997917975,1
1000818762,1
995683990,1
1005095103,1
1000622242,1
1037196158,1
1052771625,1
50281508,1
1038631804,1
843242866,1
1037421297,1
1022995828,1
900482585,1
871429751,1
415195296,1
994731522,1
1034642900,1
975385578,1
936685924,1
329398624,1
786508783,1
224294231,1
1073904489,1
1068893531,1
1064330560,1
874980511,1
1061593809,1
1002429934,1
262059071,1
1068071302,1
996218811,1
94851118,1
1043963996,1
1038361292,1
1009318545,1
173824749,1
1034407068,1
817790201,1
403103329,1
719408417,1
977851315,1
798745819,1
886157293,1
707880357,1
969749467,1
298653449,1
396105103,1
476616820,1
194793098,1
269767690,1
564597373,1
998822867,1
1039646475,1
996413615,1
1027435494,1
996637862,1
980628479,1
326369307,1
915126061,1
552012238,1
1032531032,1
1030996506,1
992524106,1
926036573,1
1052274280,1
964807753,1
1029973042,1
1071902358,1
246846565,1
1078126575,1
907359831,1
897739609,1
267816412,1
132852170,1
870161766,1
514298609,1
406456495,1
1078918693,1
1076271770,1
1077767222,1
1011850724,1
498793987,1
415189582,1
42672510,1
891823468,1
436497054,1
1003000515,1
1027939690,1
939540732,1
944141529,1
925515522,1
169850648,1
931793521,1
239446012,1
930462927,1
881877829,1
711330010,1
1013054910,1
26357549,1
769739943,1
888275435,1
862233310,1
778730193,1
980987112,1
738919642,1
764649879,1
767504399,1
912347405,1
975865641,1
656439456,1
1064872010,1
613817662,1
547651176,1
853531683,1
1012707939,1
10079800,1
22684419,1
429679003,1
166721927,1
1040957585,1
1071380003,1
988853802,1
1014847772,1
420439619,1
1008416774,1
985158330,1
1073182416,1
1045383276,1
1072950115,1
667083363,1
677283025,1
724931544,1
867647039,1
1071264323,1
892587631,1
456016368,1
1078137836,1
38778692,1
1078664462,1
551844917,1
1021558767,1
997731682,1
964606216,1
1056829498,1
880111505,1
984121871,1
960956912,1
894448447,1
1056978018,1
991791827,1
427343175,1
992542540,1
713582117,1
810072920,1
397445096,1
1073066013,1
1074106192,1
914770891,1
1071604139,1
840669958,1
963446591,1
960965709,1
991792769,1
945033457,1
18714911,1
22297057,1
922209134,1
1009212694,1
1048254570,1
992939630,1
927347532,1
963920720,1
1015010759,1
909955108,1
555226384,1
1058021895,1
1060497199,1
1077587524,1
1017840431,1
1064685422,1
1030735171,1
948226599,1
18494879,1
1052630237,1
932666509,1
21253099,1
956218426,1
992561620,1
941468691,1
416116675,1
995413890,1
3228595,1
925572162,1
1012858674,1
22345884,1
24352309,1
11498260,1
751456024,1
1100267,1
716956381,1
1013233009,1
966583769,1
927108304,1
650408008,1
1041995930,1
527788649,1
1074703577,1
1069115625,1
1068006947,1
941485819,1
1045926608,1
1011433961,1
767536247,1
1078076807,1
765898870,1
970986183,1
1080196580,1
859948964,1
992636494,1
1054037627,1
779929379,1
697976880,1
996630273,1
1054403548,1
1028436448,1
1070760881,1
328944218,1
1041908079,1
878987446,1
972392644,1
1049527762,1
1004996730,1
1074017129,1
767549689,1
998243433,1
665371204,1
1018324039,1
874064758,1
1022700463,1
1033981701,1
1030745941,1
673984277,1
1040832167,1
1040988119,1
1032385066,1
1808912,1
228289892,1
308988046,1
992972933,1
658459662,1
660118020,1
974263210,1
552276181,1
323357196,1
582628353,1
960045757,1
977003820,1
1004276569,1
628830143,1
1059297108,1
963597514,1
1005244032,1
993308826,1
989661256,1
987909564,1
792489744,1
884112157,1
657959999,1
397783604,1
629091891,1
162964014,1
1082139523,1
1079089821,1
1006918426,1
511138696,1
873061237,1
1082053721,1
149861420,1
958366571,1
598818211,1
187527254,1
1078182548,1
2186606,1
1071304938,1
1071151166,1
983846478,1
944110859,1
878012246,1
36061026,1
468229027,1
949749645,1
1000621507,1
914355055,1
269403852,1
725957602,1
552478034,1
195595163,1
38342178,1
831114385,1
1004788889,1
686613394,1
1005870265,1
993440607,1
885347814,1
173936813,1
1018625737,1
1017465443,1
822008968,1
1022406499,1
405800260,1
939825710,1
965649234,1
817193825,1
1022127448,1
701220313,1
890999245,1
19735853,1
405770056,1
1071236546,1
1075277397,1
1076222556,1
1077660448,1
806421662,1
1079407618,1
1079932882,1
1080456411,1
1082345105,1
1002304647,1
1080820805,1
730983532,1
835183917,1
1080936423,1
1036063788,1
871284267,1
968585152,1
1038778090,1
1081098722,1
1043407951,1
944889832,1
761966413,1
888690692,1
650426293,1
957369006,1
421482001,1
95181829,1
810746618,1
293174332,1
600582668,1
441039579,1
824487088,1
822557916,1
884315248,1
793940212,1
850128983,1
1074298582,1
318213127,1
1001184831,1
999610958,1
993867801,1
123735012,1
1054688361,1
55829760,1
977100295,1
984322296,1
1023547313,1
971684828,1
887296918,1
985212893,1
979383238,1
1005018193,1
947616409,1
740057260,1
749210197,1
664696410,1
835171001,1
1056285038,1
1053347245,1
317114336,1
199336219,1
520716879,1
18396413,1
52747022,1
1020169014,1
1012139722,1
858131932,1
1043724967,1
114573732,1
1027197111,1
644238772,1
433596858,1
964966359,1
999520612,1
882697318,1
1070200597,1
1059822867,1
1027166185,1
585273551,1
1041353592,1
1043390631,1
1034137039,1
1079405132,1
1016441561,1
1047447803,1
984896084,1
1056846196,1
849169568,1
1067893857,1
971488480,1
948486163,1
1064283789,1
1052495302,1
1068872867,1
1052424979,1
952354362,1
584898911,1
636290232,1
236053872,1
548349815,1
1067835452,1
332674297,1
1037018888,1
797101912,1
1076288035,1
1077160652,1
301458599,1
1061183807,1
1064669078,1
988974348,1
114239342,1
1080481836,1
751004231,1
638056427,1
1081705254,1
1054619335,1
1054799029,1
1039292864,1
1050842109,1
283694426,1
993146945,1
1031117878,1
987184451,1
980061154,1
1032436238,1
733140239,1
951336207,1
1050240717,1
1011881269,1
711276116,1
1009436004,1
1022360743,1
1031448321,1
1019241387,1
1021706444,1
494203826,1
585823183,1
926701081,1
1025269192,1
1065976985,1
904371840,1
1000588647,1
802733590,1
872291676,1
909422699,1
708238664,1
1030057906,1
1018071378,1
1034256964,1
560029641,1
1043446660,1
910548019,1
873125808,1
945315997,1
912472466,1
945326251,1
960690035,1
730445150,1
817539544,1
926701895,1
1000873980,1
1077462597,1
1000872451,1
400396643,1
1050483855,1
588065650,1
1080347027,1
486970136,1
451583736,1
15918745,1
572122556,1
1071299203,1
292243078,1
14313693,1
275303870,1
1078172944,1
1068037938,1
1003616423,1
1077638352,1
1067700000,1
441451300,1
968864465,1
705178040,1
971435700,1
840534452,1
875075331,1
1000834075,1
999471012,1
996449319,1
879420268,1
896856065,1
855076629,1
630943567,1
885209677,1
946636800,1
744034702,1
995156675,1
981968150,1
985000798,1
746422638,1
1048603457,1
829805634,1
1008311435,1
1068710493,1
1008272690,1
784177058,1
1074440122,1
1076504028,1
1078515234,1
1078665105,1
1079807006,1
1071860363,1
427445854,1
1077060754,1
1007725858,1
1009393918,1
877554559,1
381797946,1
290812622,1
807125088,1
953465041,1
777016646,1
700917154,1
789729683,1
962020199,1
1075076657,1
727929584,1
923154678,1
624410107,1
764586948,1
840740221,1
624428614,1
1003238546,1
1008523911,1
1062124060,1
777711204,1
880784622,1
1034483074,1
3055432,1
791029226,1
991836101,1
521427582,1
957858816,1
1035862546,1
1074580354,1
720216919,1
1007137854,1
690399521,1
502937198,1
801721943,1
975786375,1
468338679,1
391170191,1
350898298,1
12380822,1
168353791,1
579045371,1
392788960,1
288146101,1
147197225,1
704217742,1
940831464,1
1019161401,1
1054351993,1
444573883,1
236590546,1
1073413695,1
983019364,1
117287104,1
1067801093,1
655319675,1
1030519055,1
945269573,1
990039802,1
981840029,1
970513316,1
1045497605,1
1077089445,1
875408255,1
890960091,1
1040562402,1
1076108351,1
1075862271,1
1031115994,1
1076330355,1
705123435,1
394333083,1
1068105785,1
1067546428,1
684827812,1
1016454558,1
1042170577,1
1021228358,1
1014156645,1
1014110475,1
1014492989,1
856520469,1
718612133,1
358874562,1
1081343142,1
390374651,1
269424307,1
415078928,1
1078720792,1
1076118694,1
1064633578,1
1065177802,1
834562663,1
1058697205,1
915235556,1
844166216,1
823650189,1
504914135,1
923880599,1
172633972,1
14394340,1
735868438,1
1049327339,1
637068686,1
1054617154,1
930292472,1
1057286659,1
1051237185,1
975110119,1
961110225,1
1045228007,1
921129876,1
1030373176,1
830020117,1
848944788,1
878104290,1
635957052,1
1068003180,1
1071410704,1
251232812,1
947514170,1
1040601898,1
1014183162,1
319745095,1
1040025424,1
1054636158,1
520161179,1
633509136,1
634124815,1
1042447577,1
1023082053,1
619951894,1
652935396,1
1001963,1
357234119,1
1041098179,1
839010459,1
1066993188,1
1035180705,1
1019810654,1
1040860221,1
1063106630,1
950274704,1
525670804,1
156853085,1
1023044779,1
1081790550,1
156839408,1
1007873331,1
944866771,1
1034243090,1
1045624649,1
608263763,1
1064134499,1
1066299441,1
651243632,1
649716108,1
1068037931,1
896302852,1
996892011,1
429826938,1
769986016,1
1045200100,1
1043625193,1
1037408683,1
1038371281,1
850263062,1
778334981,1
1041922532,1
1040872995,1
937586409,1
1082423296,1
512830607,1
1080434149,1
1077662145,1
1061182653,1
825706410,1
726132223,1
289316068,1
392781378,1
679539050,1
965260440,1
983020991,1
968526739,1
977994479,1
988633299,1
999753378,1
1080680965,1
1049914434,1
994402006,1
1013657014,1
1009814914,1
1030376172,1
1038786627,1
929148941,1
810917338,1
722922200,1
102810300,1
500802970,1
347622556,1
607738028,1
1078529095,1
1076628333,1
1070996089,1
1062013318,1
1070426529,1
1068613651,1
1064093635,1
1069321062,1
1068880838,1
1054648138,1
919402405,1
1072849145,1
1060807678,1
1051959901,1
1075687440,1
1077008595,1
185732974,1
555248459,1
1057103496,1
1052349329,1
882023206,1
1067938296,1
1062452086,1
1081093482,1
713858882,1
1059217419,1
1074361783,1
1083421755,1
1027262662,1
1058470987,1
727415364,1
494227353,1
170724578,1
985753731,1
1051237475,1
826191697,1
977980953,1
1061801657,1
889129491,1
203954101,1
697878633,1
766561296,1
1004259521,1
896630075,1
1037857264,1
1013653125,1
872951692,1
1013628996,1
149070889,1
11874981,1
527779387,1
960671335,1
172319627,1
831222751,1
960362513,1
822142836,1
929619583,1
886377067,1
840885117,1
964624097,1
408632634,1
1068036038,1
893034146,1
1043667176,1
1052407425,1
1075008863,1
1078701059,1
1075547755,1
1080886212,1
1043403499,1
614057738,1
1083064753,1
960662423,1
945000108,1
951168158,1
421288188,1
975132598,1
1044998905,1
968053363,1
605184263,1
395105696,1
1005013628,1
961362356,1
931368237,1
951360515,1
1056667134,1
1061163570,1
847535185,1
244398386,1
932570083,1
975214030,1
649873980,1
74564776,1
635955351,1
734352824,1
1051142272,1
1056571411,1
643371657,1
605426046,1
1079017421,1
107764847,1
1073993986,1
1030467477,1
976675006,1
817590639,1
889375348,1
960646717,1
1066100922,1
1022602230,1
850572209,1
883245213,1
1062170419,1
1066787482,1
1076858970,1
963601023,1
1075405221,1
1075010370,1
1081602466,1
1040498915,1
1078309451,1
1028891052,1
987524546,1
1011691883,1
622878820,1
877070950,1
967645385,1
1080640663,1
781620076,1
989258191,1
514016800,1
845828388,1
1067924357,1
1076834176,1
1047793835,1
963978730,1
989581325,1
1011399265,1
943374599,1
1013853208,1
1001492049,1
1056770955,1
1075048813,1
536527725,1
584642753,1
1026538714,1
1030016721,1
280829571,1
1069254585,1
485984915,1
1047547683,1
590997301,1
508515300,1
663004191,1
732483759,1
368361244,1
1003436010,1
1044098628,1
1012047339,1
621614435,1
1031682279,1
780169407,1
1030497530,1
1020482667,1
1029085910,1
240023570,1
493322966,1
1073727196,1
943949433,1
894273505,1
1009696322,1
894732197,1
1031191560,1
1000639697,1
404725529,1
398408655,1
819656322,1
1010002468,1
1064573388,1
988977192,1
10318822,1
819888308,1
916927168,1
755094788,1
975255848,1
819889165,1
110397780,1
968223845,1
909841212,1
964879481,1
1059286169,1
680824060,1
957710424,1
1023317019,1
783841411,1
1022922596,1
1057313677,1
1058451836,1
1058091826,1
1063508609,1
964877402,1
1009559500,1
1072943883,1
976385637,1
1068625369,1
960474969,1
1012274228,1
733893458,1
1057936000,1
636622965,1
849552721,1
1011039120,1
916045944,1
1052388754,1
96190552,1
879259071,1
911781580,1
972302811,1
1012016443,1
1018316774,1
1013573769,1
1018453180,1
549765547,1
1018290530,1
1011074490,1
1018655313,1
1035941983,1
1039272181,1
3040418,1
925791260,1
1058909692,1
1052378989,1
1052725575,1
1003140806,1
1040265577,1
832191545,1
1017209487,1
984247899,1
376633849,1
1025353483,1
832223708,1
1048609318,1
1075669412,1
1022065728,1
1052945110,1
1073323338,1
1073992350,1
719932276,1
1054561745,1
1011333167,1
1023809355,1
1055841600,1
884260522,1
1055994805,1
1080060648,1
1008018743,1
801777704,1
997716204,1
929653362,1
994372593,1
875443418,1
988571433,1
915570261,1
991093164,1
926809338,1
418407145,1
884048673,1
976801916,1
993537450,1
493745015,1
153352092,1
260464048,1
979811656,1
999493821,1
647209660,1
1048726095,1
814111646,1
739787285,1
1008644848,1
529183087,1
808313703,1
579425023,1
560869762,1
1049705276,1
587970309,1
140317809,1
947866628,1
960882300,1
1019479535,1
1018141552,1
821787801,1
823185572,1
1049064354,1
236591499,1
626804664,1
794006920,1
514999104,1
974418582,1
901922361,1
1047905243,1
11902969,1
460357530,1
1079888533,1
1050328538,1
786222700,1
1074225554,1
405198495,1
532360289,1
961733857,1
953869208,1
1009532759,1
1061480063,1
488403945,1
411192040,1
929799101,1
1033852037,1
427996768,1
825600620,1
476876104,1
36250154,1
458373488,1
655221508,1
849828088,1
947888090,1
996895737,1
968235969,1
1014005468,1
554038866,1
658660465,1
597872130,1
577677599,1
610056324,1
416106671,1
677126233,1
586832386,1
870167,1
924105614,1
641795448,1
861134449,1
34370012,1
1048910096,1
801375325,1
757007333,1
953566563,1
881817763,1
964511486,1
1074025681,1
694395083,1
778261100,1
1060506787,1
403605260,1
967820538,1
591847116,1
1066009752,1
1059110246,1
1062322442,1
1028627683,1
1040254621,1
1041909000,1
988105330,1
973488417,1
1963458,1
990557698,1
1059200916,1
1066565092,1
959999871,1
1068643132,1
683884960,1
1078774934,1
473125159,1
1078481461,1
1079879361,1
984380676,1
1080615867,1
936843802,1
1053051982,1
974824733,1
243619538,1
423787156,1
1058943421,1
1069905828,1
1080507301,1
933798725,1
1064928342,1
947461784,1
1056617729,1
1063535431,1
1076229822,1
1012007158,1
20429495,1
1073715489,1
872291923,1
91502914,1
799826854,1
823620855,1
1006005924,1
1025443490,1
565777734,1
1034276318,1
1059887112,1
1080892190,1
622825419,1
24726407,1
1042616474,1
587929259,1
880363338,1
982151340,1
1071269342,1
565546420,1
1055262119,1
1018216508,1
142160293,1
105,1
1079520330,1
1079671504,1
112932552,1
982980231,1
456649255,1
94026340,1
718173681,1
1080956077,1
996918400,1
1046235346,1
625433599,1
501314916,1
921744253,1
18112300,1
1033473726,1
195523307,1
710233232,1
428803901,1
1068659075,1
417236472,1
1074313734,1
1072504721,1
1073777661,1
1052272033,1
1057188658,1
1072834029,1
1071450709,1
1082777872,1
1080881891,1
1047439758,1
320801819,1
1020010683,1
364363042,1
795256871,1
1063587051,1
883092543,1
24269007,1
365988403,1
1050741172,1
688357515,1
1071087407,1
1016535596,1
1079835726,1
577485277,1
1058471265,1
1072387942,1
861265724,1
975529934,1
827358237,1
356478374,1
996265575,1
1069257122,1
941878003,1
893162756,1
266425839,1
838574820,1
1046064190,1
1014040953,1
1016980476,1
996591970,1
967898027,1
996586637,1
1037868016,1
1014766094,1
1017085924,1
387886474,1
683276458,1
718651206,1
655730991,1
528251499,1
1006119862,1
1000893663,1
428272220,1
954267041,1
907965362,1
471919096,1
540520400,1
857651729,1
520277608,1
95438165,1
114796810,1
596634506,1
566159303,1
911512039,1
634172606,1
869570902,1
376115592,1
42120470,1
1068244391,1
691827557,1
879486203,1
435472557,1
1000414808,1
1080392770,1
959341059,1
412663824,1
987964315,1
985722455,1
388982919,1
975853034,1
1073493070,1
1072978848,1
957575586,1
992463406,1
875032872,1
898562042,1
1077440133,1
385263989,1
1080332348,1
730795713,1
1031671013,1
117969374,1
778023175,1
749462595,1
419063785,1
560188567,1
1050277438,1
467710084,1
1018251806,1
1013046213,1
1055733904,1
518726654,1
419063913,1
419063673,1
106850343,1
629826488,1
961129654,1
621175856,1
829265207,1
625306660,1
458620355,1
1039242980,1
971609994,1
1059003430,1
1067687909,1
995531548,1
1081366579,1
706761373,1
666379782,1
891460465,1
1028848487,1
947667299,1
953821419,1
195535380,1
720982331,1
1068759236,1
877239614,1
945637583,1
294635797,1
1075896674,1
1075646394,1
1078591266,1
543635334,1
694768758,1
1050194679,1
1052668687,1
1052314222,1
948048562,1
427741469,1
855773741,1
874527593,1
1001650474,1
1000906689,1
1001826347,1
881107845,1
1052660437,1
923828472,1
453526233,1
988280674,1
1045209455,1
238277592,1
1058898921,1
832636406,1
635205032,1
681376325,1
821974293,1
956958452,1
1050371649,1
565136427,1
1009650866,1
854102347,1
905535210,1
735595390,1
782589950,1
298525953,1
1034473999,1
530162849,1
926577952,1
1021794815,1
1020185084,1
1023827725,1
383577637,1
346126485,1
1017740443,1
153930023,1
147152781,1
468660110,1
1018692249,1
878276302,1
740240995,1
942156339,1
930130117,1
797115838,1
369399800,1
987472611,1
937764056,1
879471023,1
827846034,1
1041475284,1
907926486,1
1060503661,1
992553479,1
1048510540,1
984128331,1
1060314633,1
1012775874,1
815339896,1
739618098,1
1009780001,1
1005713981,1
619293963,1
1060464524,1
688735818,1
536053252,1
1007836211,1
718918702,1
1064513221,1
1063494430,1
1067246513,1
1049615042,1
711240979,1
390144239,1
1071851634,1
991351267,1
1074122723,1
854875102,1
1077495188,1
965247962,1
829263131,1
1056646302,1
966182141,1
39603200,1
783386657,1
970010612,1
1052024462,1
780060342,1
981068918,1
809918178,1
72759170,1
957471021,1
1073207732,1
661434527,1
969655336,1
1038439447,1
816409012,1
655632886,1
1039203115,1
1039492374,1
615735004,1
932604747,1
1070824543,1
723396780,1
886984459,1
422858785,1
1059534264,1
1079915783,1
1078664617,1
957524040,1
988581171,1
987312961,1
299925,1
976351535,1
600096828,1
1022830812,1
1026244571,1
1040664573,1
1041098133,1
1047733550,1
996732279,1
730469838,1
2694881,1
1030497272,1
327880232,1
908003068,1
594090210,1
963856670,1
1071139683,1
1071657729,1
840301357,1
1017745539,1
922760192,1
632494733,1
995487816,1
1021573121,1
960660645,1
831057470,1
937817350,1
830317305,1
1026927657,1
854632968,1
964936306,1
1060250977,1
662684674,1
86312801,1
1073914653,1
1051174195,1
459849988,1
977297500,1
940639375,1
270629812,1
1040726321,1
951098173,1
1059965003,1
554570438,1
166252072,1
968457202,1
866834087,1
1049227762,1
1047927416,1
1062511302,1
919196169,1
1072914488,1
1001096892,1
677191333,1
817263159,1
1039648509,1
962036694,1
999321929,1
1038726421,1
772157261,1
813492907,1
571842164,1
996424625,1
974406454,1
867129675,1
1002384182,1
953052615,1
1055045054,1
1054577972,1
23598259,1
1005298501,1
986004123,1
990232727,1
415617343,1
107669843,1
1053484482,1
821965543,1
1036653849,1
1042337296,1
1041573544,1
1056766391,1
1057147642,1
1059526997,1
1053205154,1
931616619,1
634384900,1
757592255,1
363845731,1
1032318193,1
1026336731,1
782640000,1
996518970,1
861588194,1
993175982,1
932005106,1
44704868,1
1034334704,1
11016954,1
882105656,1
1048523149,1
404976757,1
226042981,1
829720989,1
882105323,1
945322402,1
422251599,1
873039984,1
948736777,1
736686467,1
386398882,1
1061476311,1
973698262,1
882105246,1
882105183,1
396490790,1
882105436,1
1081618247,1
882105119,1
1074791597,1
880291847,1
210382882,1
655727046,1
699047808,1
809787862,1
722701771,1
1030128222,1
1043646919,1
324714730,1
482029062,1
778712839,1
882105593,1
389457610,1
1061869157,1
1072349557,1
1072281908,1
882105528,1
1034403312,1
1073900467,1
947352631,1
972149231,1
610907025,1
972144823,1
996288546,1
591703056,1
497692973,1
489497689,1
99906557,1
413363727,1
407684346,1
943762100,1
469412985,1
229000696,1
970765201,1
843513226,1
55686518,1
898495875,1
907877866,1
164499979,1
997150302,1
882105000,1
972137702,1
882104884,1
1066962116,1
1073186628,1
965055685,1
965058555,1
965060112,1
965067893,1
965037344,1
972131185,1
1046920257,1
972127595,1
972119961,1
972111229,1
1034469497,1
972135361,1
1013596084,1
1013661638,1
908803968,1
996353810,1
968485665,1
264045149,1
1080820779,1
224269615,1
715624646,1
984578476,1
264043893,1
264044386,1
264044988,1
264045091,1
264045183,1
846804260,1
264045427,1
1030591965,1
884628945,1
845195631,1
264045629,1
264045571,1
264046183,1
264046271,1
1080540519,1
1036615780,1
1008379089,1
1073491282,1
583217251,1
983944630,1
782202532,1
835698834,1
790288500,1
314485589,1
601832478,1
465080605,1
1064531483,1
1080124331,1
1082469916,1
845231698,1
1078723074,1
1071854710,1
1080421257,1
1072928230,1
1071723007,1
1038721195,1
277824765,1
264046970,1
870621268,1
941443186,1
850806027,1
1052580757,1
701931951,1
627478348,1
845765543,1
628262040,1
1046048532,1
1058751071,1
1050903062,1
677689240,1
722593366,1
683941937,1
1003518498,1
167608044,1
1041911757,1
141135849,1
881738615,1
841096242,1
264046646,1
843405262,1
830197429,1
214240466,1
349794456,1
408183781,1
985939917,1
596665215,1
408292099,1
500296661,1
545076664,1
883185941,1
408348083,1
1056476976,1
766535392,1
1062949189,1
841744979,1
827805820,1
839749432,1
863124622,1
988314873,1
949191051,1
1027227405,1
250896736,1
1052317113,1
1053812140,1
1008933601,1
919227702,1
94880017,1
1055093873,1
1075551155,1
899823731,1
1034448704,1
1057267508,1
1062219915,1
541012310,1
615497270,1
552647574,1
1045859902,1
1059338554,1
1053256104,1
645249296,1
1077530193,1
1016593232,1
540059916,1
695501,1
386065066,1
876456725,1
679213837,1
156902427,1
1031411959,1
74007256,1
931740999,1
1032228587,1
210806821,1
476369979,1
1026168520,1
199121210,1
811850898,1
927931440,1
897933900,1
780648830,1
89996127,1
82786444,1
1080915725,1
863134126,1
864544002,1
630556494,1
831196477,1
1082810030,1
109422075,1
1057319545,1
1059781062,1
969576171,1
946784209,1
455371865,1
463347380,1
169223133,1
1059616709,1
698482708,1
1028694187,1
476065319,1
715689666,1
1079230797,1
884248438,1
745997877,1
390015043,1
371845094,1
1077553444,1
1080500390,1
1078742350,1
1007589236,1
1007819761,1
1007764749,1
999707148,1
770034377,1
959248019,1
907612154,1
811034463,1
667374511,1
370457607,1
584943121,1
941354824,1
1034659667,1
1013840580,1
947448176,1
1052307240,1
839537501,1
1055209241,1
368606433,1
133622642,1
578335813,1
1059290544,1
25219194,1
97906346,1
1064811001,1
187393239,1
1024204845,1
941772395,1
1013586457,1
1027169539,1
767833640,1
222464800,1
787174260,1
1055659071,1
1052305422,1
949742872,1
564764207,1
1067903807,1
785696137,1
539074181,1
1060049551,1
1021371641,1
819446934,1
811576498,1
1067872322,1
1070247930,1
22714476,1
825210085,1
814704759,1
89186314,1
991850218,1
944949622,1
1037851288,1
1027174365,1
1058514019,1
786871578,1
675697732,1
934043648,1
794963938,1
975418007,1
980119299,1
550994158,1
1058212240,1
509012743,1
403730707,1
583806878,1
1075560799,1
964210520,1
635391619,1
138161288,1
727680126,1
163048089,1
865590185,1
1077346695,1
1077942405,1
941944285,1
938651493,1
945512434,1
411793722,1
814362053,1
537717217,1
861322297,1
1003986667,1
997919911,1
921520483,1
1051574273,1
941197963,1
577618813,1
884475597,1
893126297,1
893317521,1
908984017,1
990400803,1
985272658,1
98425695,1
1047607647,1
1048004217,1
1082475710,1
917448380,1
901457485,1
975880835,1
1024488741,1
585199535,1
965561813,1
1026833652,1
649572945,1
1032188740,1
1013872418,1
636944284,1
1074240760,1
767603429,1
1069727526,1
1056549933,1
1082707152,1
1055816526,1
1023037461,1
766917103,1
1012749757,1
1027794388,1
1071022156,1
986665999,1
684470366,1
809163560,1
923256072,1
1045608164,1
59550,1
980048631,1
1014533664,1
1021673041,1
1069370698,1
170021677,1
957819857,1
2735390,1
841721844,1
839837184,1
870678055,1
931633860,1
530803291,1
79960596,1
1057703720,1
1069103222,1
821456085,1
537328603,1
927837527,1
928602627,1
1039902514,1
956075135,1
1004092528,1
1011561804,1
1050439041,1
955013500,1
1057458344,1
1013249850,1
1056814496,1
1073229431,1
429607131,1
1070289635,1
1065278958,1
829738294,1
850616960,1
807860106,1
801785996,1
95391477,1
22721176,1
689195073,1
691213955,1
805766515,1
86344291,1
1074062907,1
1064396855,1
1048209069,1
1066019345,1
1072366602,1
756245893,1
993844480,1
1021260472,1
1015728991,1
1071339777,1
829814936,1
950070664,1
954263392,1
996699777,1
1028542193,1
1074743141,1
661478113,1
1067805723,1
971986808,1
1047088384,1
984667310,1
641436337,1
992775307,1
996992563,1
1074758598,1
1081338323,1
1074770651,1
1074781496,1
1074785469,1
948239276,1
1008573118,1
1025543818,1
259635347,1
1023989571,1
1074222060,1
210314704,1
1066581629,1
1043260594,1
1056888135,1
1057941482,1
1060745645,1
1078285265,1
1081035173,1
971272617,1
1048744585,1
1019437895,1
1046199798,1
1048720298,1
1049594135,1
843193948,1
1022895531,1
1050825805,1
1045560968,1
567479202,1
322796887,1
1044214019,1
696281508,1
1077405714,1
863855346,1
836016200,1
148943826,1
690129810,1
1074388664,1
982492737,1
991333668,1
1069784383,1
1045508527,1
840843795,1
986106637,1
755777481,1
1001666850,1
1039235057,1
899380594,1
1045626897,1
172780228,1
1074119954,1
84655280,1
827520352,1
893933964,1
828093503,1
1041137685,1
1064578693,1
756429664,1
1056159916,1
10021669,1
952175150,1
1031118275,1
1071301049,1
405200863,1
1071225190,1
1074302723,1
1073653024,1
984248854,1
988926230,1
930595558,1
904551842,1
1040633781,1
1054503492,1
1050305780,1
1072065960,1
782520924,1
1077729943,1
733119336,1
1076318278,1
392008627,1
993331976,1
882774933,1
893256189,1
974581426,1
937548157,1
57035,1
653856211,1
987876168,1
957269504,1
994141696,1
942827661,1
473253837,1
1063540012,1
534732696,1
1042884655,1
1049277918,1
1077481812,1
932878697,1
1037236391,1
1035908881,1
1063878473,1
1068433512,1
905220176,1
1070043123,1
1079820531,1
935786287,1
888178312,1
110681378,1
1055062342,1
434355078,1
914254699,1
926723455,1
563629907,1
298644016,1
1078607309,1
1060291147,1
621475479,1
1034204348,1
1068341006,1
479676909,1
1066146794,1
1056739103,1
964801155,1
843861205,1
632256728,1
806761753,1
883787119,1
322602917,1
941759436,1
132473069,1
412497237,1
1019827738,1
1020207748,1
1038541909,1
1033906480,1
1074469054,1
1039738149,1
1079281953,1
945356421,1
168989135,1
17387880,1
1077122344,1
392690346,1
776580382,1
1074471457,1
978800085,1
1012675794,1
816484618,1
1080722464,1
990256001,1
949086995,1
943479247,1
1008940649,1
938610757,1
984174185,1
1066569744,1
1080343128,1
624378740,1
835722338,1
1029908922,1
1037213573,1
466022975,1
1012050112,1
1017482173,1
979571600,1
1030596629,1
1069168083,1
1031732501,1
738364000,1
184593979,1
891411571,1
10742673,1
332294991,1
996971336,1
1035496325,1
10038126,1
877551846,1
403237883,1
1005638641,1
1031102897,1
944001669,1
917350081,1
960235437,1
935921369,1
919267570,1
1056221261,1
1075323284,1
926017329,1
562400272,1
792707618,1
991193012,1
1030391528,1
1072436509,1
1031665948,1
1064798389,1
965790386,1
1063350680,1
876303493,1
945512722,1
66432648,1
1058947677,1
944792443,1
982304085,1
983961163,1
842191637,1
995724612,1
933208874,1
901107129,1
467293840,1
1013773751,1
953745337,1
584999371,1
983041168,1
314841715,1
45941036,1
1046940996,1
908358819,1
1021377984,1
893737357,1
166998349,1
304912861,1
983503430,1
552238041,1
945349703,1
1065367067,1
609750421,1
1078269879,1
741562360,1
950234441,1
1038295413,1
956627915,1
1056993735,1
904796290,1
443715157,1
1057357427,1
876781120,1
1073667302,1
1075137216,1
357792435,1
978864570,1
884825271,1
1038006663,1
994328205,1
1067649953,1
643635839,1
581727996,1
137094587,1
474142119,1
918776247,1
817276191,1
18058089,1
783775215,1
934305177,1
928677058,1
520369738,1
826274054,1
1051352750,1
1059559271,1
1057858639,1
1056663150,1
1066232757,1
1080538728,1
820527040,1
709914275,1
1062548677,1
1038055858,1
1039511174,1
983805250,1
1055805556,1
1083083564,1
863133440,1
268931764,1
564462204,1
44783766,1
188721132,1
86089112,1
987748826,1
951031093,1
222938332,1
270874511,1
983473717,1
177406451,1
819015476,1
1075062039,1
1036622722,1
1079893380,1
1000732930,1
468880290,1
927884347,1
920998993,1
891497803,1
837633531,1
832415900,1
502110138,1
1007368189,1
470020360,1
812910212,1
413949968,1
1020057878,1
18791211,1
982251990,1
1023986731,1
981578514,1
1028060528,1
1065821221,1
1054385440,1
1071356279,1
117957153,1
634162942,1
944198433,1
416845425,1
68231368,1
864791332,1
917826637,1
920012841,1
739420061,1
810122112,1
667207706,1
346242628,1
1054391818,1
863597598,1
913425637,1
781358750,1
898156086,1
851445376,1
1058811176,1
993517647,1
1034609568,1
1009834521,1
914857425,1
487100392,1
743677372,1
1066980823,1
953381814,1
570765098,1
494719268,1
971306382,1
971490323,1
1040636426,1
961196483,1
1000830450,1
290157208,1
782532204,1
912799113,1
961574599,1
1017009215,1
1056749005,1
737233791,1
1054720635,1
1054718926,1
2536916,1
992105834,1
1034824246,1
1064611872,1
1066714438,1
907316028,1
697532740,1
630127648,1
630191151,1
876219927,1
1059076120,1
69862806,1
690312462,1
1004879403,1
990378613,1
639626179,1
389148471,1
839321797,1
909027163,1
1022666420,1
928465985,1
970014552,1
889888558,1
649694569,1
743038634,1
892674404,1
876023573,1
600504306,1
726441857,1
905560449,1
877154547,1
236093164,1
60885,1
715067329,1
1027089689,1
1074328589,1
1056562114,1
1055621268,1
1050311548,1
896434600,1
649698539,1
1020173376,1
971553409,1
968097199,1
1029518635,1
1026995722,1
1020220244,1
1044202847,1
969836689,1
912594793,1
1019163177,1
997056411,1
1007847659,1
1021089895,1
993189523,1
993926745,1
965142923,1
800973822,1
1020546478,1
954135529,1
984097458,1
1055200103,1
765728685,1
1064935408,1
957112399,1
858049864,1
1078750848,1
816558571,1
1051504703,1
1005618929,1
1079935238,1
356786841,1
556454878,1
651281879,1
1046748271,1
180619126,1
922379281,1
988551165,1
1043963517,1
1044435441,1
851018680,1
573230804,1
918894678,1
1055064847,1
1059846594,1
953587389,1
953527678,1
991994823,1
997136034,1
1054387533,1
786146898,1
882943630,1
733373254,1
1068069764,1
1068620815,1
1077259000,1
1052420512,1
1051878539,1
979547214,1
879072135,1
1056805500,1
723009515,1
1051748251,1
26439299,1
138056411,1
992400906,1
667678907,1
25753848,1
97272287,1
1077546506,1
622482519,1
1062095296,1
1022688751,1
1023745639,1
1015477807,1
1018047324,1
576009793,1
215627497,1
1056297378,1
834317277,1
786843290,1
895981713,1
668465168,1
996581861,1
237683553,1
819429545,1
793598748,1
970464551,1
14148008,1
886197160,1
760929151,1
861003433,1
923095771,1
793742899,1
882417496,1
530334257,1
470565906,1
306380308,1
1071893555,1
936453115,1
490572782,1
904689819,1
590162743,1
883943807,1
1071325467,1
885200695,1
1053012400,1
726354796,1
996870597,1
859160659,1
919636039,1
604762875,1
534173861,1
818077694,1
1035806250,1
1010292981,1
1056414069,1
996563106,1
872762012,1
962623099,1
882391984,1
784899763,1
798472079,1
809529584,1
1059578776,1
900264601,1
812516497,1
785099509,1
984251625,1
937181155,1
964166841,1
1000720281,1
1014058503,1
908760735,1
1011135657,1
1010989236,1
830642637,1
1020225358,1
1026935325,1
1020737254,1
901380618,1
753292509,1
319721793,1
1038212134,1
704346871,1
89414202,1
1061475418,1
1047268823,1
1072746074,1
959316465,1
1071725073,1
202557802,1
560535020,1
239745714,1
629401837,1
781103828,1
546197775,1
1010734546,1
1064742977,1
927224893,1
720943224,1
419128327,1
998467770,1
934135655,1
927909190,1
894619712,1
1043616067,1
1064673455,1
1068050837,1
1045190917,1
1030819692,1
900717363,1
900774667,1
901011845,1
901030023,1
1061848027,1
901036317,1
901305291,1
901825635,1
1066757410,1
1073211711,1
1061744450,1
415094643,1
1021033110,1
1065834065,1
1066841549,1
1022500602,1
1062402901,1
1002511015,1
1062373889,1
1073391275,1
14364363,1
1051387972,1
1077286059,1
865221099,1
895331024,1
1080894354,1
575913992,1
306735152,1
1080850265,1
892226251,1
830742904,1
807728580,1
714360439,1
726069021,1
1049849629,1
998298326,1
444950451,1
957054340,1
874096202,1
84052216,1
904137361,1
869907459,1
648536188,1
517194721,1
888822925,1
1048581794,1
1050003230,1
734256314,1
991480915,1
437890412,1
885910758,1
832486394,1
771016718,1
745707920,1
767414452,1
872127519,1
1005222276,1
552015910,1
950668521,1
863764991,1
1056785066,1
1070641095,1
953851694,1
996156976,1
1043980713,1
1048225875,1
1045046264,1
1009902088,1
1037515220,1
1067117699,1
97026739,1
1045499104,1
1043518131,1
1082915431,1
1061975761,1
1065042084,1
696506212,1
883479306,1
1040668843,1
1032493923,1
1033560362,1
674322568,1
847516945,1
1021520263,1
953883130,1
746129586,1
793101076,1
202956536,1
141128861,1
923891151,1
415998582,1
785068341,1
801794919,1
946242384,1
834141636,1
1020128361,1
1073748297,1
926055825,1
917392031,1
1049571651,1
962376476,1
963922507,1
773808298,1
960372989,1
940632627,1
858174360,1
989718858,1
993171716,1
555070141,1
1074998460,1
777860419,1
906066100,1
940484919,1
941100041,1
957423393,1
944855973,1
955527581,1
956612436,1
957712816,1
964169747,1
1010691883,1
1064940634,1
941037799,1
1018720548,1
676832852,1
652037077,1
286438787,1
907392980,1
996638589,1
967417195,1
1009917588,1
686660146,1
1004438175,1
1071232807,1
1076649813,1
63123146,1
976873760,1
1009819763,1
1037908050,1
772147853,1
856175072,1
1057060250,1
797179304,1
742773359,1
941381811,1
1030795035,1
1006532601,1
1022791377,1
714772696,1
220416907,1
985101574,1
623865837,1
950380339,1
777028576,1
391657183,1
802447215,1
1056821216,1
901486969,1
1071470877,1
996257791,1
1040750733,1
1046531580,1
993574607,1
1019821390,1
955562753,1
808304588,1
742247090,1
1017438,1
587372894,1
775444419,1
428503210,1
505893200,1
456997561,1
436230375,1
572306702,1
996233072,1
995835699,1
731342927,1
996469308,1
1002404575,1
896390905,1
992594537,1
1069618722,1
675235602,1
1069471637,1
983899472,1
863353515,1
1000417977,1
1069150339,1
1080589416,1
1080505776,1
1054559673,1
931476162,1
1077256354,1
1050119268,1
416250582,1
1007590077,1
810102004,1
580761572,1
441354048,1
999836571,1
710102108,1
755353650,1
1080938736,1
908222122,1
982995091,1
919794457,1
1054605561,1
1078822793,1
939790638,1
1043758822,1
1082311062,1
1082249570,1
1081804100,1
1082946703,1
537530162,1
91390206,1
1071853270,1
1013698218,1
1057717542,1
944678379,1
468850979,1
884107711,1
1065013587,1
1053777884,1
180218117,1
634577871,1
936322678,1
923615676,1
1060111208,1
923850102,1
397242907,1
1073990910,1
138867600,1
60080772,1
825783114,1
633675555,1
876176836,1
842480172,1
996213457,1
572535239,1
572595921,1
1008618949,1
688350178,1
997593192,1
922151894,1
570009257,1
917450192,1
917084493,1
984092841,1
1000350535,1
1061910203,1
487786377,1
1040930086,1
1059313344,1
1064558094,1
1074028289,1
1064889252,1
1074270281,1
1051823727,1
1009651709,1
1012042818,1
1009619702,1
965849022,1
967532534,1
988883627,1
953912303,1
958189949,1
564884507,1
713764554,1
1042100998,1
1049016837,1
1051571030,1
986524888,1
497351086,1
963327245,1
537687855,1
570249612,1
964497295,1
934634343,1
1017785914,1
952284313,1
551051841,1
439992325,1
40844056,1
1032740639,1
871245887,1
805965302,1
1032765713,1
928267175,1
3001779,1
945785874,1
996647712,1
707265531,1
941103317,1
1001226423,1
999354575,1
1014667909,1
1060433719,1
376535931,1
426674035,1
722678451,1
1059618450,1
1005120884,1
374786254,1
662698241,1
1058371671,1
569185496,1
639712278,1
996165032,1
937902774,1
891029825,1
1034407230,1
1034436848,1
995856720,1
481737941,1
87594959,1
703359562,1
294395360,1
960619451,1
1018360311,1
375835363,1
986012989,1
1031805657,1
967862562,1
1045309709,1
968992180,1
970265795,1
968340623,1
980860655,1
997037260,1
997755002,1
965907046,1
118054472,1
945340978,1
12038422,1
888891090,1
998913546,1
601868941,1
596368665,1
1014127602,1
1014874218,1
1016535262,1
1018079351,1
1018365196,1
429170779,1
1018626529,1
826709830,1
1064192171,1
1020228091,1
668110787,1
908487069,1
1039410724,1
578669707,1
1003867318,1
995287549,1
1050679576,1
1000693707,1
944004047,1
776587523,1
267575,1
608314738,1
525047899,1
937591882,1
1019125045,1
1047304075,1
1052442745,1
964239946,1
949387308,1
969215762,1
945666259,1
1080175759,1
296251664,1
909039393,1
1030749144,1
995225524,1
782588198,1
1036089824,1
997388533,1
1013659122,1
990495433,1
1060320288,1
1049686782,1
1048471989,1
990273901,1
1054591435,1
1062679783,1
1046903128,1
294592371,1
1048159030,1
393262628,1
1028187555,1
1004804840,1
905461679,1
885632941,1
1000567364,1
1031477066,1
927040124,1
986562233,1
993384656,1
1068509761,1
1064658885,1
947404472,1
1059928460,1
810565402,1
200548567,1
878885797,1
970383591,1
952909511,1
977890004,1
973633023,1
979324004,1
981343487,1
976394456,1
1061404866,1
970382553,1
978630779,1
990444856,1
991766491,1
1027075607,1
994288043,1
975939959,1
950362723,1
1039195995,1
1009079683,1
1003321108,1
1043400047,1
506239726,1
1075789769,1
922329388,1
865057519,1
804934544,1
886463727,1
118845396,1
953800291,1
2564,1
1005603434,1
266453,1
1082317404,1
1077609750,1
817917107,1
539258194,1
1032346363,1
1027368321,1
1073470587,1
968134956,1
782920735,1
1071218739,1
147491179,1
1003321497,1
808929293,1
1081672777,1
277180598,1
329636017,1
1081551542,1
1081354904,1
1081304927,1
1080658682,1
1078079051,1
1059158715,1
1020209731,1
727901221,1
1008336608,1
1048120128,1
946511824,1
737520959,1
343494508,1
884774714,1
871778386,1
1074429784,1
88028333,1
407979421,1
1074457252,1
900513,1
1074317815,1
1076336770,1
552376061,1
5110,1
950771284,1
1008455775,1
1040336420,1
1071106087,1
1081807728,1
1070180989,1
341633865,1
554060942,1
996684682,1
366152,1
590829,1
980606036,1
531916886,1
921675797,1
1050278456,1
1447768,1
549549,1
721010561,1
357225976,1
782214358,1
478305702,1
38388034,1
389479027,1
652645839,1
590898889,1
543249189,1
1051907590,1
375813259,1
1043612672,1
772665,1
737469501,1
192741463,1
880538417,1
951093690,1
910059988,1
963093686,1
746107718,1
517784670,1
912133224,1
86409868,1
853412747,1
948662233,1
715389642,1
1076017966,1
996245761,1
1077575142,1
378286792,1
998351070,1
471646429,1
972918922,1
1060505355,1
881672130,1
954155581,1
875722350,1
1071087455,1
170856948,1
962327553,1
961185821,1
784930166,1
1047652428,1
1048570600,1
770528174,1
1000526697,1
954166789,1
1043959173,1
497671361,1
1067854908,1
965640423,1
858548846,1
1049295934,1
935569002,1
763674437,1
1058062116,1
41385246,1
121555506,1
1068646262,1
31454372,1
391233347,1
159081387,1
158592093,1
154426128,1
919071353,1
411004927,1
408659961,1
102736519,1
747869211,1
979531413,1
1073260628,1
1018858345,1
981804889,1
1000306807,1
835954314,1
622330699,1
927957216,1
618538308,1
1081071601,1
534799216,1
110888637,1
1077410029,1
857168992,1
1011159055,1
849455910,1
1021046623,1
1047019362,1
1035277621,1
775345604,1
558023879,1
969606005,1
925761805,1
957075015,1
500781415,1
998437488,1
1039036393,1
1038875512,1
1081914130,1
353865181,1
908396497,1
947492218,1
426615809,1
173902650,1
430142567,1
988763209,1
206079213,1
547399310,1
488336558,1
513067303,1
503759484,1
884162521,1
999835543,1
1072486373,1
339562167,1
844821384,1
941894706,1
1032876330,1
1059451338,1
941824695,1
852376826,1
98340481,1
690816811,1
672532912,1
97197960,1
134249379,1
132930693,1
947563869,1
103924051,1
791539101,1
795329305,1
323149378,1
1083172113,1
488184896,1
967465758,1
941903000,1
1078997065,1
778171906,1
951211248,1
942807814,1
946438146,1
1075032070,1
1053752070,1
723379736,1
879566931,1
593648373,1
1068544837,1
847000248,1
1072192116,1
992672182,1
658189023,1
1071471952,1
736231244,1
1028818487,1
1045125958,1
113391799,1
1030597687,1
656650766,1
927100093,1
1063722565,1
1069083373,1
972281448,1
999530913,1
1014729520,1
607695977,1
1037164392,1
1038684137,1
1073299478,1
567111644,1
1063428030,1
1004564521,1
1080363648,1
961978777,1
1037956538,1
988808769,1
722244677,1
690868014,1
962349785,1
713387177,1
1040566638,1
843282031,1
783148272,1
924398151,1
979789143,1
1010699397,1
825496088,1
659242801,1
905970996,1
1070504150,1
983855273,1
992810214,1
1018840588,1
1022537152,1
913555219,1
834612367,1
814537371,1
100052162,1
804117482,1
317375458,1
542088985,1
1072394068,1
1006224900,1
964177507,1
988399278,1
950269012,1
989351714,1
981200946,1
1059455443,1
1074810306,1
994297626,1
997725808,1
1005129604,1
983661133,1
961734037,1
1039248624,1
1078124358,1
1038877405,1
1035208109,1
1071873131,1
956714763,1
622019397,1
1047309534,1
353493703,1
694604556,1
938273491,1
473216191,1
929768888,1
629150918,1
1076317486,1
837772467,1
631808733,1
1074586262,1
821454828,1
1072713472,1
1018047760,1
1070557100,1
1047434453,1
1065761597,1
765270435,1
906714299,1
972379931,1
1352383,1
1077344100,1
925914660,1
875014067,1
1080250178,1
632686832,1
884696290,1
521128688,1
17271767,1
712703964,1
1042576183,1
941049208,1
149776015,1
790829856,1
774333500,1
698055061,1
902374071,1
1064880186,1
463309529,1
954854770,1
864600154,1
977792903,1
890908906,1
961429873,1
978171142,1
1064064527,1
1047399265,1
1079309556,1
1038680085,1
736218338,1
304438019,1
1041317839,1
1075695815,1
1030389673,1
1077423263,1
1060892157,1
780171259,1
1054549620,1
1077366657,1
597016062,1
835864412,1
791367449,1
996700034,1
724774718,1
1064639283,1
948175994,1
550100487,1
1064638082,1
1068199155,1
985219356,1
650850715,1
1041640355,1
700126660,1
1063644066,1
1054012526,1
1071074260,1
1075425700,1
1076410125,1
861716706,1
666149260,1
394631614,1
130556638,1
923196031,1
1000294230,1
537864914,1
156770175,1
1018686774,1
1000432182,1
1001551745,1
986319002,1
1002480035,1
42329366,1
999582247,1
1000529817,1
539315858,1
1006891470,1
1006903974,1
1014406870,1
642398140,1
1007572426,1
534375272,1
413632466,1
939918473,1
743075446,1
1050686417,1
1005569735,1
933488901,1
1081861294,1
1079914580,1
881642483,1
954563486,1
150718993,1
1068711717,1
984172270,1
979857023,1
953457817,1
1041088715,1
981336672,1
970488790,1
1002492638,1
890476056,1
1076684245,1
894801455,1
967979463,1
1080339750,1
1000652212,1
1077468986,1
968466268,1
1079638149,1
997821940,1
1064827928,1
1064826426,1
996094194,1
1069403736,1
1032726532,1
1070932641,1
1048384815,1
1060416000,1
625976063,1
1078727244,1
584592410,1
1075928645,1
763713230,1
788544521,1
1080418780,1
143498996,1
30190332,1
741961003,1
1077404840,1
984077420,1
926982530,1
19791305,1
747429612,1
971154593,1
1057662580,1
1014069784,1
872619418,1
895663616,1
946485498,1
1013465042,1
1012842003,1
933966120,1
865205746,1
1020124060,1
999799774,1
1022541590,1
1059160759,1
1067771028,1
1050352198,1
1069153734,1
1050268239,1
1049749335,1
1049291832,1
580565554,1
862347814,1
1050393314,1
1050304430,1
550307848,1
1050774462,1
949622727,1
622158706,1
946851755,1
823734214,1
943771985,1
625991704,1
988491386,1
919229965,1
1035291874,1
1050313732,1
3075204,1
829655711,1
167404515,1
505815193,1
17368412,1
203954783,1
213630696,1
239254463,1
554435441,1
66865824,1
174146523,1
165830846,1
184638055,1
65811674,1
64577984,1
1042052705,1
25843505,1
2924899,1
386490210,1
543558044,1
172966771,1
1050492841,1
995557158,1
697445052,1
716730092,1
1038717051,1
1046883423,1
947076310,1
951557990,1
1045414555,1
753204588,1
1082216079,1
1082237001,1
91582479,1
1074477745,1
954854545,1
988602081,1
1005452866,1
944043035,1
1047526834,1
921847739,1
979812885,1
1059704406,1
935046706,1
1004810397,1
884182097,1
638877778,1
980876373,1
996681320,1
935606335,1
971093457,1
972925668,1
508082881,1
971595957,1
265428336,1
362924441,1
937840273,1
962638571,1
75179122,1
1044507822,1
1051349929,1
1053021853,1
435438437,1
832523105,1
751312790,1
879516451,1
1005717964,1
450753693,1
900098856,1
924564868,1
950343919,1
1014928659,1
878754020,1
888732242,1
515746215,1
947452166,1
465636489,1
841142631,1
834078785,1
945487726,1
954225318,1
479586763,1
874541310,1
1030832091,1
1050534227,1
477072283,1
978117748,1
983032799,1
1079672473,1
989002644,1
1079362676,1
502729638,1
197163416,1
1013332194,1
114300360,1
156739125,1
185668962,1
1015564867,1
513597740,1
1909485,1
562139002,1
1077897495,1
235504161,1
408013342,1
483874618,1
1031508286,1
1060803992,1
565254624,1
1079863738,1
11647759,1
738320777,1
1012846402,1
1065422735,1
2183976,1
725935506,1
967850553,1
885802838,1
761650972,1
960977803,1
973521707,1
982108994,1
982130327,1
711666156,1
944979359,1
553962782,1
450744405,1
737034575,1
623869645,1
1061019071,1
1045160158,1
949676752,1
1061005723,1
353832279,1
266044751,1
884919027,1
1076920789,1
700369736,1
1061406749,1
1046001655,1
485153449,1
1078145545,1
726507743,1
1050761529,1
1074282853,1
1080721435,1
967959993,1
773055560,1
1061474629,1
938652170,1
969096396,1
995441486,1
996704838,1
1003300109,1
702115713,1
1012085659,1
866577147,1
967998012,1
1049732663,1
1058358830,1
1013687834,1
955392284,1
1011979894,1
1013773230,1
1013735768,1
968279226,1
986911173,1
957646579,1
956496577,1
376525439,1
638042313,1
1024736556,1
971891004,1
1024726892,1
1016678668,1
1009466571,1
1027265147,1
1046263517,1
1020171447,1
1059079294,1
1068103051,1
1074534995,1
1006066630,1
1025919551,1
969354654,1
1027737639,1
589488674,1
653811292,1
700738738,1
997358910,1
884981314,1
1006119535,1
963173464,1
948160370,1
1054355069,1
798588550,1
780492860,1
393936060,1
732662269,1
14726254,1
768769078,1
1020121491,1
1071553273,1
947082736,1
881337211,1
889801343,1
918704130,1
26401827,1
921485025,1
1064546396,1
1049935956,1
1050073124,1
1048391487,1
1038817526,1
946420997,1
1037835370,1
1012084942,1
1040124799,1
893599985,1
411564594,1
1068185009,1
962650049,1
1075251190,1
1047896112,1
911692851,1
1079833512,1
1037923887,1
973961143,1
1056487511,1
474188914,1
1078776243,1
1071126616,1
1057364937,1
1004727991,1
551527485,1
876971499,1
1081803163,1
998926269,1
1075374439,1
360596342,1
1064203746,1
1065136956,1
1070071413,1
1029968390,1
1055456370,1
1020134310,1
953919113,1
390755748,1
446171098,1
1044002542,1
1049041122,1
1016349257,1
1042919027,1
1073944622,1
1071257466,1
1000552213,1
771741868,1
774364538,1
1075030271,1
899164179,1
698786653,1
1045771339,1
937334731,1
1055105065,1
957985794,1
950331084,1
944788184,1
953160752,1
886473019,1
998336639,1
926832889,1
998933727,1
945157829,1
1002706151,1
798726955,1
1043923179,1
1077249547,1
951958372,1
1075018986,1
1076568588,1
868028227,1
803259515,1
123196537,1
874543415,1
25482554,1
848821830,1
417446877,1
962024538,1
244249078,1
73450396,1
742664327,1
1045974522,1
388156231,1
971425912,1
730515024,1
1052923665,1
1047743386,1
1041825188,1
578350104,1
425042149,1
788689840,1
634811662,1
843571911,1
848884263,1
950812639,1
638266241,1
741489780,1
684159231,1
748243525,1
749394255,1
443628537,1
990449815,1
1002941955,1
1005334415,1
877165446,1
988653365,1
674746599,1
945992380,1
996726332,1
923190964,1
1055354111,1
996700848,1
984369441,1
950773646,1
538140898,1
1062348398,1
997571841,1
984436796,1
1070491235,1
1015186217,1
1051570487,1
932902586,1
930527145,1
218270997,1
1059417212,1
944360903,1
952376164,1
713491240,1
949829037,1
1042215140,1
942849303,1
979932388,1
757106365,1
225855125,1
897496765,1
937864172,1
944717681,1
969829837,1
975574986,1
981453486,1
1083397333,1
1082223179,1
1046785443,1
1079809241,1
989171847,1
1052500299,1
1042375717,1
1048799078,1
683225359,1
978758937,1
498958840,1
210294808,1
790492782,1
846258685,1
1009165218,1
980080831,1
951798705,1
905379928,1
996472352,1
906400101,1
1000831054,1
995897174,1
1052697126,1
757122765,1
971423948,1
822477585,1
987879455,1
904586931,1
978812669,1
975717071,1
989086594,1
1071297656,1
781627488,1
513550723,1
718911646,1
715434276,1
379318795,1
1016687494,1
750622850,1
633043221,1
401109316,1
998294323,1
952969236,1
725182504,1
985282581,1
996677937,1
1035105900,1
1043397910,1
1050393373,1
1023376095,1
1059789122,1
1075353892,1
1045395291,1
1055510639,1
16092110,1
599139359,1
559182490,1
295400715,1
960652322,1
371668558,1
1010566673,1
995531146,1
1018191584,1
1081248021,1
1064860963,1
1078625525,1
964808575,1
1028270834,1
791502105,1
1077161768,1
773943874,1
1048488134,1
1063040409,1
116917489,1
988584128,1
990421348,1
155329468,1
1053011892,1
645775624,1
404291205,1
303059422,1
881920150,1
991670676,1
989579114,1
988614672,1
812697859,1
982058877,1
984402636,1
775002873,1
779396397,1
724646041,1
1048692345,1
56685036,1
92680035,1
1072913073,1
970440340,1
376946981,1
1046426181,1
978198231,1
975917261,1
990698104,1
985224207,1
873699403,1
983380480,1
992637242,1
1027270683,1
1022889335,1
884628859,1
1013926884,1
1015800295,1
1055439980,1
1048630209,1
980754058,1
700350085,1
587221397,1
698025340,1
1019476894,1
839662098,1
1022550186,1
877866577,1
709841620,1
884125783,1
675871998,1
1072450921,1
383830129,1
1056652789,1
972001414,1
1077596304,1
1058584614,1
1039678722,1
683329263,1
931414646,1
637558294,1
843330023,1
1018077462,1
1069014721,1
980279581,1
553953381,1
641323188,1
207022840,1
637789394,1
937898363,1
169938699,1
1009955565,1
1064728179,1
1067617097,1
1073433120,1
1048224346,1
1076998693,1
1007746332,1
1009334777,1
916783409,1
559251711,1
618081162,1
63945868,1
150263701,1
992515751,1
649449073,1
446859291,1
1052879011,1
1048068304,1
1061347293,1
1062029784,1
1039318147,1
1048726642,1
829896284,1
1049130851,1
933783724,1
1075884469,1
196058801,1
981004608,1
986952348,1
1051320761,1
1064830494,1
936749810,1
920378014,1
1061363442,1
1046856980,1
836050809,1
706954809,1
971307130,1
879104518,1
997163664,1
943165822,1
508034045,1
103678156,1
1043792526,1
942263613,1
709318519,1
878419246,1
1018559979,1
1037107557,1
1040304160,1
1077866446,1
1042789914,1
1043156980,1
1045325931,1
342117475,1
325911070,1
643728956,1
1044937640,1
1015282952,1
1024269934,1
103185462,1
700254579,1
1013243167,1
1013244947,1
1035429207,1
693070108,1
996733436,1
953347385,1
778248154,1
898168884,1
1073117456,1
1075605299,1
1047766926,1
1080835020,1
853434566,1
1081304724,1
1065973449,1
1019205376,1
1004863872,1
670181957,1
957708301,1
960755252,1
1058874312,1
1047793701,1
1044996846,1
1064955236,1
1022653348,1
922669009,1
1027328782,1
1028133473,1
779826812,1
1029317100,1
1029933894,1
1005130010,1
770154437,1
1066959448,1
670298992,1
1081400993,1
1080768059,1
1081862944,1
1064733955,1
1061383050,1
141491875,1
194049414,1
1034375249,1
870498665,1
1050401604,1
1015770543,1
1063969082,1
155831835,1
331,1
1040134996,1
1035847127,1
411142284,1
103569344,1
991912071,1
485591536,1
428571708,1
875338625,1
297860169,1
1081783572,1
784637621,1
1082464267,1
1082478614,1
1082926854,1
964066792,1
982261716,1
1077153496,1
1078476875,1
1048285853,1
1076488420,1
1079737661,1
16486484,1
1065157272,1
1058472491,1
918349600,1
771959511,1
628223334,1
992230445,1
714827354,1
584842408,1
955979539,1
519555373,1
962879431,1
1048562884,1
523629304,1
496057853,1
1080737540,1
1051310586,1
1033527166,1
198978722,1
947651405,1
829141915,1
993619639,1
996266600,1
954044354,1
1000584255,1
931877119,1
1018294969,1
990169679,1
474814454,1
239989852,1
1018213372,1
919678502,1
838303845,1
838303302,1
930574800,1
230847135,1
308774763,1
253163154,1
1026273713,1
1026318297,1
658066017,1
280252159,1
537558411,1
1082286189,1
1063933201,1
1075593285,1
612054166,1
763136505,1
727456710,1
934614460,1
975726374,1
778987441,1
874394799,1
883283940,1
945736575,1
326445434,1
946426240,1
804719922,1
996422226,1
859669620,1
324498387,1
788592163,1
1000796935,1
605477178,1
1014202929,1
897627159,1
1040861341,1
1047767291,1
709276324,1
893539119,1
913979714,1
1026987540,1
822637202,1
417523534,1
1023073386,1
959196168,1
948736720,1
857685719,1
904742013,1
779105949,1
325985386,1
323736825,1
323738036,1
323733135,1
322821084,1
323738483,1
327433385,1
771622862,1
350719120,1
101984748,1
733458620,1
1080786362,1
1019289137,1
1077550326,1
1057844558,1
1055051344,1
1070381605,1
982198547,1
1063004024,1
574941006,1
879563777,1
930326901,1
112532351,1
1078977655,1
806940151,1
1078241453,1
1052152806,1
1080442652,1
897988842,1
1080657369,1
1076689734,1
1080738956,1
1001565442,1
434929468,1
1081966879,1
1080844850,1
1009853325,1
989265876,1
1073385422,1
1077132568,1
984744972,1
964622517,1
1082397435,1
1062328432,1
958359701,1
1064484451,1
1068147505,1
1063229647,1
1080887978,1
874528190,1
1040538532,1
1055457952,1
904512930,1
1035531221,1
828034093,1
992238748,1
823591442,1
352933459,1
1064374368,1
1011546095,1
1000677268,1
761683150,1
1012891805,1
986563657,1
819828618,1
891147776,1
891169178,1
339416654,1
1030955428,1
92601072,1
168928974,1
1018056500,1
1018427569,1
544482547,1
1064860841,1
1027152230,1
924923133,1
1055077678,1
539666935,1
969426345,1
851556771,1
639393875,1
882189954,1
995498159,1
928516871,1
976484288,1
778546331,1
778549401,1
562520360,1
1044318023,1
1016967589,1
1016609820,1
657212920,1
551701296,1
607837618,1
984116574,1
1000512939,1
36785442,1
1047030447,1
948090491,1
1052426633,1
909538294,1
998352566,1
469172983,1
1000826932,1
974592444,1
996624518,1
1004742176,1
1009353257,1
816825612,1
922824519,1
1045411330,1
1045191727,1
957089926,1
873369383,1
789885849,1
1049626441,1
1036378390,1
752378044,1
1036427261,1
894292965,1
907603366,1
1070988560,1
697789387,1
1065074543,1
911701780,1
1050378535,1
1052466151,1
535186382,1
989569148,1
991678176,1
1000646174,1
1039709063,1
1059847363,1
989141725,1
1057355236,1
1048431855,1
666632386,1
988422106,1
1003427758,1
254377205,1
989197551,1
992825984,1
1057693484,1
704288408,1
1048453771,1
1058506100,1
712392437,1
353572887,1
982338242,1
1080897040,1
1026458030,1
1047605911,1
1001217843,1
995458322,1
979426393,1
983878117,1
996609541,1
794007313,1
1048900713,1
791103095,1
857665375,1
442635115,1
446689996,1
956827115,1
971803552,1
1071275893,1
632925473,1
979934948,1
1062570827,1
1048272680,1
721514001,1
666500721,1
805781162,1
1026517877,1
1043406287,1
1036007297,1
1040309692,1
1059435900,1
806137464,1
1059792019,1
36760896,1
884149061,1
1060741638,1
933419551,1
442009,1
557437055,1
732019101,1
627161993,1
520571095,1
656656201,1
197786925,1
699567714,1
876700790,1
1064720447,1
1064780050,1
767966093,1
216210918,1
1073049563,1
782316232,1
996053138,1
1049547051,1
468035501,1
1020949014,1
1000700123,1
738480379,1
1080250335,1
831484422,1
743580141,1
894071529,1
900383778,1
748553686,1
947576776,1
704295162,1
713893252,1
991936094,1
1000738145,1
720243438,1
547276933,1
545725626,1
798489483,1
818595690,1
1066896024,1
517243547,1
509503333,1
880692221,1
719087302,1
775228758,1
460273615,1
728556016,1
795002195,1
496757218,1
550215047,1
531608427,1
882286651,1
932005638,1
709853061,1
966189679,1
1030489336,1
518599749,1
970668048,1
1077562624,1
1074799942,1
1013373181,1
1023835129,1
1080219696,1
744100060,1
983995030,1
805998485,1
561651390,1
996446639,1
23884288,1
997427768,1
840962744,1
911644254,1
520454288,1
654632481,1
149423676,1
1051192273,1
773188186,1
764464505,1
840268845,1
10742037,1
905016656,1
830487093,1
715303306,1
882546734,1
876809294,1
865143935,1
880604569,1
880492668,1
781592643,1
728721636,1
436165451,1
1016938559,1
1023057803,1
969972736,1
1061951482,1
790959087,1
1018533679,1
866526572,1
415567909,1
961252982,1
919581699,1
989623138,1
230456790,1
1027146392,1
1034053738,1
866452580,1
22157714,1
962723745,1
1070603796,1
1068423327,1
1070850304,1
1001215311,1
996532296,1
237725713,1
881765628,1
1053670075,1
538900996,1
998406509,1
1005471880,1
1027262118,1
1056816672,1
944472269,1
781623640,1
639960220,1
1044024226,1
880424812,1
990082049,1
859202141,1
591473658,1
1042378184,1
956050594,1
1015329727,1
957084952,1
994210786,1
743272461,1
818119797,1
801587676,1
825314897,1
996779345,1
850759560,1
204772313,1
990285982,1
890945397,1
726605543,1
1033476945,1
1007133212,1
1022625506,1
1056083863,1
1074169768,1
1045326333,1
385869631,1
473987695,1
997459867,1
1049467344,1
1034196453,1
642702068,1
285632495,1
735791219,1
1038028450,1
432540049,1
971488327,1
1006522565,1
1001539542,1
810651811,1
854329463,1
540845882,1
1048447211,1
1080432950,1
995036389,1
535981233,1
465388568,1
1070305363,1
911094898,1
994885083,1
987789118,1
991054314,1
1077526673,1
1076483236,1
863928678,1
1001286519,1
897927565,1
1055712795,1
647527593,1
975187998,1
983887768,1
985465033,1
1033500120,1
319153867,1
1003021054,1
1000350197,1
705088101,1
961174237,1
874765009,1
675407433,1
1040610043,1
99165163,1
626956998,1
710299091,1
753359267,1
244188101,1
965230790,1
718605535,1
1029646039,1
1003402615,1
1060791912,1
359231970,1
499887305,1
980328874,1
540010904,1
780601277,1
864673249,1
694392278,1
873403751,1
715325743,1
720638049,1
878961934,1
720497741,1
560378064,1
132750025,1
409390811,1
812958121,1
280846896,1
388888836,1
1029642142,1
1043621894,1
954159886,1
1049698812,1
689025938,1
863669705,1
744779237,1
990609585,1
417836631,1
813813090,1
1008609171,1
995178381,1
1076662561,1
39630866,1
700036640,1
533326231,1
682568389,1
807317753,1
688501147,1
689273375,1
459258716,1
622540022,1
242067588,1
993539998,1
782846743,1
999424482,1
545941349,1
730407757,1
468233234,1
923278609,1
817823524,1
857920237,1
894581643,1
1039720814,1
1064704575,1
942992224,1
903956214,1
1045042724,1
1072273576,1
1074293252,1
1071470501,1
1059304349,1
1080842932,1
1081401655,1
985499676,1
993323999,1
997385762,1
1076202011,1
561712921,1
1049007633,1
1030934666,1
955192261,1
1070968469,1
964488377,1
1081729317,1
1082003978,1
1080874775,1
1057732908,1
1080971203,1
1061950183,1
512768624,1
393622195,1
1078937276,1
1083139507,1
798781933,1
796686006,1
809056125,1
813768119,1
943605903,1
1050303813,1
443427645,1
1019407894,1
966421690,1
608196314,1
199514617,1
879024213,1
552347907,1
549556829,1
848502529,1
706961082,1
876442152,1
1047873935,1
1059298267,1
1074814213,1
1020903305,1
102155645,1
907774588,1
1038767143,1
961793210,1
1061295424,1
1023016846,1
998886338,1
1030207949,1
998985457,1
410767987,1
1076448852,1
889199324,1
539436776,1
940321280,1
1027167241,1
325743982,1
991866936,1
1018339270,1
322700661,1
919093328,1
1011585496,1
880773632,1
1008246408,1
223564865,1
984035203,1
653315184,1
995608817,1
913066979,1
1075379232,1
955321147,1
715899170,1
845545787,1
697392864,1
866085137,1
157221,1
959588841,1
996257549,1
1014136690,1
1078034222,1
1059765075,1
1079678539,1
1077351964,1
1077112332,1
388001174,1
911964332,1
1027431444,1
1039966738,1
960825036,1
109932219,1
1078218756,1
1075056234,1
1068861818,1
1058605973,1
1052838582,1
1029404118,1
46170816,1
927706119,1
1077528279,1
97137611,1
416953806,1
1039550177,1
1040508111,1
873634956,1
992171514,1
1061966772,1
1075754918,1
917807834,1
833938243,1
846751048,1
1062516706,1
564105998,1
1071979158,1
1004829805,1
1016555683,1
787770625,1
990069026,1
957429216,1
768018294,1
261359715,1
580426578,1
1040203,1
971497587,1
1051787282,1
782661193,1
1065951036,1
1074535063,1
1063618220,1
349351196,1
259223800,1
875295187,1
204690255,1
294837150,1
555006613,1
1002601936,1
944950706,1
957188905,1
1011746346,1
1012801367,1
1022716650,1
14720104,1
985098175,1
923087656,1
950423164,1
1052541853,1
711928810,1
557463341,1
925322052,1
561046717,1
783496545,1
950624780,1
1048894800,1
772145230,1
500009995,1
321762150,1
914204696,1
1059060693,1
696619857,1
937911845,1
489620041,1
1079852957,1
1079857007,1
1062165672,1
1005591299,1
45187680,1
887856971,1
898083454,1
898853545,1
984448071,1
975718326,1
1080874428,1
371742215,1
412639479,1
1056352579,1
73171324,1
859064343,1
959936882,1
1003990100,1
568132217,1
552405988,1
148423921,1
145789956,1
20960443,1
282528745,1
951225428,1
750969509,1
1034506494,1
986039573,1
957124666,1
797851532,1
1037000048,1
858358554,1
943425776,1
1004447439,1
907471906,1
1004362886,1
1007215366,1
406488776,1
880968328,1
1051785816,1
1071032934,1
1043076359,1
991472196,1
1745935,1
1001692109,1
1024679884,1
130265613,1
656369443,1
918397827,1
1001808243,1
700087045,1
598774132,1
748528826,1
262483324,1
256877514,1
69845300,1
811462004,1
419668745,1
736884539,1
733427994,1
961513377,1
730848023,1
601107849,1
784613725,1
602948373,1
202743105,1
977365710,1
919580888,1
915175463,1
349664490,1
1044506972,1
936684434,1
1037430719,1
715548517,1
709156753,1
714304193,1
976488581,1
737945,1
437912105,1
976469226,1
967880754,1
553844612,1
963055235,1
963629212,1
495982680,1
646504592,1
1000634726,1
269036999,1
718856766,1
573242452,1
712590600,1
400001472,1
846959869,1
1054523377,1
1076945709,1
1007948357,1
820777989,1
1040132030,1
960835237,1
1041112289,1
1041904294,1
1073716945,1
1047138204,1
1011622947,1
945741119,1
1060823149,1
1055066100,1
1059808997,1
1068570644,1
1063289797,1
987219234,1
991532790,1
994730020,1
992164951,1
1001705827,1
980831875,1
885114665,1
1023003940,1
1030399684,1
1008532585,1
696690572,1
842305088,1
741906589,1
465432063,1
979519822,1
1017302999,1
940364271,1
786344028,1
857570587,1
987552206,1
991584624,1
935735942,1
1035389632,1
1048594134,1
915514779,1
490793178,1
1771720,1
1072539792,1
990381710,1
737825633,1
968536500,1
858047960,1
710180666,1
165601185,1
988681570,1
333054133,1
966388743,1
452477309,1
292437952,1
490866021,1
1068875914,1
963999058,1
1061246363,1
956391939,1
923947384,1
929580251,1
536397443,1
301876861,1
900700040,1
439262660,1
972288901,1
964613051,1
707185940,1
855473706,1
1023510924,1
964138751,1
742049210,1
1003071859,1
1004047491,1
1003764823,1
1005160915,1
1004987008,1
1005585019,1
1004943007,1
968883532,1
1023993116,1
1023982329,1
1023855299,1
1050122515,1
1076270494,1
1080498510,1
954389887,1
966598053,1
807393864,1
540754053,1
941526872,1
998165222,1
324431069,1
1033340565,1
1040675890,1
1039291302,1
1080030621,1
1080827032,1
920909063,1
996536944,1
917292796,1
1077826659,1
883626038,1
978895696,1
704207390,1
1051332964,1
237932393,1
1056312106,1
1034622204,1
953535313,1
236424209,1
993607402,1
1049502752,1
1041071324,1
1034267013,1
1079501293,1
1004613876,1
826720758,1
977757570,1
1057649082,1
1061933602,1
740141111,1
1071833615,1
1067992258,1
1014086280,1
1013773419,1
1016994140,1
1017224149,1
1018248075,1
1018340073,1
1018293221,1
1018546123,1
1020068685,1
318801199,1
955508352,1
1029476493,1
1059337615,1
1003356223,1
1079021292,1
1038910271,1
1062168378,1
1019920371,1
1022390499,1
919249890,1
993941947,1
823342522,1
1073634543,1
238757463,1
1022429264,1
1039128193,1
988137257,1
925288337,1
627570384,1
915515777,1
461758104,1
952592871,1
101971333,1
706905910,1
1074431130,1
1026696087,1
1037980850,1
1062143478,1
1040422399,1
989202174,1
979006270,1
983300908,1
15906870,1
96092992,1
413520040,1
385734279,1
622571888,1
994763342,1
363966125,1
580907324,1
1018416459,1
953775065,1
1375865,1
1074206931,1
919831490,1
1080850770,1
775297169,1
1032606248,1
982271761,1
1012112187,1
1077304738,1
1016244984,1
820997419,1
1056378685,1
1061450866,1
718561030,1
1028352266,1
822521294,1
887648964,1
557198514,1
534265392,1
1052207522,1
1039142919,1
556761451,1
740655547,1
1071076290,1
996554456,1
398314235,1
833969300,1
432363499,1
1077344600,1
781670871,1
968996776,1
916502498,1
530267521,1
773977524,1
266969817,1
1041178561,1
870638460,1
1030635832,1
543541655,1
1028615712,1
1032120953,1
856060528,1
1030732270,1
929617724,1
885077773,1
957193551,1
381269312,1
716648236,1
1023215113,1
197878882,1
690356680,1
720026333,1
634864184,1
738068000,1
939679335,1
113111952,1
817601411,1
1056224615,1
1059398181,1
1077931622,1
808905945,1
711079521,1
1003608973,1
930911848,1
788762016,1
1012811116,1
1037295231,1
1012200257,1
1024162165,1
634209230,1
1058087959,1
1073608465,1
996462679,1
998104306,1
1005305023,1
900958059,1
816977902,1
617877850,1
733421943,1
796151962,1
358856292,1
1053323935,1
995531055,1
995746236,1
990566659,1
1016697666,1
947185406,1
1005109396,1
1023984579,1
1020311422,1
1020292763,1
1081372837,1
1082472949,1
964314493,1
960378695,1
923130046,1
826745130,1
177528281,1
761167542,1
1037967713,1
1032063815,1
1063617587,1
966413057,1
989666028,1
969628512,1
996309745,1
999936058,1
578537676,1
560902327,1
949429666,1
1018067546,1
277436459,1
907216922,1
1030672823,1
150330534,1
681206984,1
817559406,1
426448769,1
677907636,1
913485462,1
719816686,1
1078378524,1
394432089,1
988771882,1
988672678,1
988470811,1
985440504,1
890541543,1
908510465,1
1047511808,1
222524797,1
988526798,1
1054466684,1
584995791,1
991033722,1
985185738,1
990672395,1
962780088,1
1621681,1
900903656,1
137099304,1
824355074,1
854847791,1
883645924,1
787581112,1
1044049069,1
973907034,1
339090205,1
928516073,1
754273928,1
421159416,1
125795298,1
866220707,1
894263586,1
1045700324,1
1058514904,1
892533197,1
826910854,1
1058188211,1
864165408,1
116135973,1
1014759594,1
1043540773,1
1055864522,1
1044825121,1
1071329615,1
1074312422,1
1074530408,1
823430394,1
811676413,1
799820593,1
572465807,1
798816254,1
1051259976,1
1029888052,1
1000605724,1
996207192,1
1012781233,1
1060907595,1
840031183,1
1048915523,1
1073081667,1
1074534416,1
1074567906,1
1042390520,1
642966885,1
363257194,1
978837483,1
112560897,1
122208737,1
909521070,1
675196777,1
323490293,1
654418641,1
998088785,1
1064743138,1
917599528,1
1020986960,1
1027184292,1
2118693,1
1034174960,1
1058944278,1
1036316985,1
1052620301,1
1064073295,1
1065770007,1
303535981,1
1073273901,1
1065948663,1
1067940886,1
1070284656,1
1079844795,1
1009897682,1
11924659,1
11382095,1
11419986,1
461648228,1
136094033,1
1045405238,1
1042829577,1
979725704,1
1000486106,1
1063965579,1
951886431,1
1057118026,1
912926221,1
994886735,1
1007760832,1
623825212,1
775354743,1
559750080,1
582019278,1
859986414,1
876972949,1
849479924,1
1027226136,1
1040949599,1
1013812860,1
1043422108,1
364675318,1
846707708,1
236649237,1
975293656,1
950353483,1
419822061,1
884474151,1
963684481,1
571752976,1
971677898,1
1080466132,1
1080538015,1
1082959245,1
1082999843,1
964461035,1
654821704,1
792493699,1
452207529,1
611576162,1
1030548399,1
1026985003,1
1063617958,1
1039388034,1
1035872791,1
1035188630,1
58414308,1
1037468709,1
484682793,1
1064546397,1
1019191095,1
1057538762,1
806575125,1
962819719,1
444563902,1
504481132,1
1046951189,1
1049416639,1
825857486,1
823451300,1
1039861111,1
1003922497,1
101540135,1
1025692447,1
1034254397,1
979398548,1
941052853,1
1049591838,1
584240455,1
956209267,1
983623555,1
427714378,1
1001321024,1
990212733,1
1015184836,1
690701330,1
1064793923,1
1071300806,1
1043735137,1
1021014057,1
1030472752,1
1028854928,1
1043520268,1
1077229029,1
1076625246,1
904568149,1
237793445,1
89463059,1
1080477797,1
1076605618,1
558585786,1
686631573,1
478010926,1
324474959,1
631575753,1
1077258866,1
1060860841,1
1077505872,1
1071272066,1
376124681,1
1068646647,1
775370893,1
908187583,1
151533764,1
1044881979,1
952892918,1
1048708816,1
448858149,1
375258361,1
610557214,1
511789704,1
635426701,1
601404627,1
1077031281,1
1076722453,1
53566534,1
988608036,1
962285752,1
971335665,1
985998892,1
1040851441,1
1047014272,1
1072929949,1
1001945572,1
1011069816,1
829610226,1
653536311,1
652312029,1
450609624,1
1047865842,1
791416512,1
983988963,1
991607721,1
472087678,1
918397081,1
979368538,1
988208256,1
1029651518,1
1082477590,1
1033651471,1
621359546,1
794316300,1
846082831,1
561506884,1
782868958,1
763812289,1
824320390,1
840030764,1
1050872035,1
573483327,1
595749868,1
824634580,1
406286687,1
906120456,1
691030410,1
912175625,1
328879297,1
594125173,1
344816706,1
984954162,1
1000269583,1
966098742,1
1041926649,1
1011784062,1
1036847397,1
1027668453,1
1030239623,1
897999995,1
989635070,1
1040132336,1
1032849933,1
979491018,1
1040959201,1
856930633,1
813701718,1
785776526,1
784883839,1
808361093,1
1046300008,1
963556478,1
902223747,1
1081892553,1
701350947,1
897521758,1
806619829,1
1048433700,1
956628029,1
715208406,1
88395998,1
943405677,1
973369031,1
1018511261,1
1024100562,1
1051188798,1
1047185758,1
1051969166,1
1054777762,1
1058524424,1
1059169677,1
1047293935,1
1046936344,1
1064735601,1
875748928,1
883663244,1
883045078,1
655360008,1
471626115,1
830553910,1
564055033,1
1053396056,1
1077762167,1
1050470839,1
1081794768,1
1080873395,1
1081850443,1
1004964198,1
892423595,1
938106484,1
1043593095,1
1018652276,1
800720377,1
845955814,1
833176251,1
953380394,1
419717004,1
13180517,1
373986764,1
842753580,1
963834551,1
1077247782,1
832619012,1
1029095703,1
1080863561,1
1081328218,1
1030386204,1
834201876,1
845166235,1
1027549981,1
996824643,1
622441883,1
650969915,1
669505,1
73998730,1
984183744,1
792614633,1
996826766,1
833996600,1
1052974247,1
1063470025,1
1074002475,1
1074061340,1
1080364237,1
766179635,1
928475507,1
1000637255,1
300360988,1
834014754,1
878635391,1
563969069,1
959781553,1
866624427,1
1006785911,1
129908447,1
867316616,1
854151694,1
90306781,1
424441809,1
992404654,1
950955269,1
902858832,1
630491377,1
1054071826,1
1077504511,1
596269318,1
663381838,1
20040047,1
885027327,1
816155194,1
729479315,1
728568542,1
646388519,1
838098536,1
1063532365,1
996210679,1
658925586,1
1045188960,1
953939920,1
356260681,1
1077170332,1
606682445,1
606685942,1
587181425,1
152795246,1
726269508,1
688511925,1
699519824,1
696685806,1
701930378,1
702942961,1
810018679,1
832080797,1
445136236,1
780184995,1
1034519280,1
890420953,1
876569609,1
439090103,1
1067133096,1
778377387,1
569475651,1
941538810,1
343031863,1
14719011,1
45834768,1
113263605,1
228044839,1
190002359,1
950639972,1
139711801,1
445386760,1
773679255,1
479755521,1
721604840,1
780187940,1
636141181,1
729286022,1
227896966,1
955850078,1
712526854,1
22436498,1
824129321,1
1063196739,1
288303823,1
288310550,1
288326232,1
289491534,1
978834206,1
289467594,1
289491849,1
993301102,1
996249193,1
996249405,1
780542512,1
1061823012,1
1030937897,1
985514884,1
987302796,1
615173006,1
1045653905,1
1029476421,1
1041924436,1
1072601523,1
1059052509,1
952458358,1
915942805,1
1044928194,1
1046679889,1
1035066147,1
1044431293,1
951529355,1
1051205435,1
1026183555,1
915438814,1
575151257,1
1083106159,1
1077061759,1
1077272444,1
1080342822,1
993468913,1
1045584425,1
992539013,1
1042721610,1
985115961,1
994137303,1
975020508,1
978585342,1
981332218,1
987274341,1
985157568,1
1004387979,1
1015726221,1
887786740,1
360719210,1
829463068,1
1053979209,1
1030914457,1
1068774518,1
874395334,1
955627825,1
1034556478,1
1039071708,1
1026663611,1
958981403,1
993516943,1
993486932,1
307429844,1
641127758,1
897726313,1
810749382,1
1063514748,1
860657761,1
184142282,1
382621137,1
800801051,1
1038381419,1
1073634157,1
1001834673,1
666422795,1
1071606430,1
896204757,1
1056622036,1
1077276729,1
1068075141,1
910057927,1
1080629762,1
311304020,1
699456827,1
984349098,1
896346993,1
1046437644,1
1047131734,1
1050660367,1
585977684,1
812265931,1
1024957136,1
1035609321,1
1059138295,1
1046377428,1
742738975,1
993462597,1
979199699,1
883794174,1
1022409187,1
1073760166,1
1079296969,1
950346908,1
998045234,1
913674399,1
974542457,1
966207346,1
1080711543,1
990939268,1
815222462,1
295130477,1
747352056,1
262598209,1
1006950508,1
977380176,1
881456982,1
880395430,1
158139918,1
988035157,1
508166833,1
490695166,1
854088063,1
930116954,1
11540374,1
1022771199,1
1011833818,1
936166301,1
1026263083,1
17205433,1
281426961,1
972813979,1
684963861,1
1068685726,1
1077148679,1
1010404526,1
29351684,1
845060224,1
1065919244,1
982831928,1
1009763064,1
975394751,1
483477674,1
506242660,1
93952283,1
802337552,1
108083670,1
1052741864,1
996789903,1
925603259,1
1002424208,1
1027029464,1
971255393,1
933887550,1
970140911,1
250802357,1
778660778,1
1004747276,1
1009956899,1
269670165,1
36825110,1
117895941,1
743224046,1
435953758,1
941427261,1
1074265773,1
394666412,1
855741337,1
945229535,1
867266407,1
667042272,1
214060008,1
988064314,1
1010593232,1
982646908,1
1034475244,1
1046554632,1
1052468161,1
933328876,1
1025429435,1
927025904,1
1054897575,1
249249843,1
951732825,1
1065129430,1
823219134,1
719704252,1
826673170,1
1058039347,1
976332010,1
977061353,1
142164741,1
142179284,1
142170858,1
942714591,1
1064832712,1
1070368237,1
1071991136,1
168060409,1
280548959,1
281507770,1
950332944,1
1021991872,1
883641442,1
18372167,1
114643650,1
894538170,1
903928748,1
910829288,1
878829302,1
920799826,1
719814730,1
788855149,1
357044377,1
1042296622,1
957579959,1
320534319,1
1017377,1
937265,1
157900135,1
974805831,1
817304349,1
1023846593,1
967922468,1
876368468,1
534303135,1
1064518991,1
991887825,1
1057716581,1
919850745,1
938881685,1
930137668,1
460910421,1
771371918,1
1057282043,1
428233049,1
1013867347,1
1045210905,1
1043235457,1
890557391,1
743248827,1
718707014,1
1059436530,1
1079521237,1
1018242022,1
550844398,1
903049701,1
341962744,1
1068648178,1
1034124399,1
929905143,1
136605161,1
1069789054,1
1055448969,1
1081715277,1
1081789412,1
1081121909,1
957885143,1
984649684,1
992774262,1
1050997264,1
1018103404,1
830383113,1
775380128,1
770533650,1
877949832,1
992374507,1
408531488,1
1032473883,1
1077089039,1
1056942558,1
1078969354,1
1062985356,1
1053865382,1
1069291740,1
1076607774,1
1046622117,1
1075438110,1
1067766598,1
1077610597,1
1013786220,1
1013604582,1
556831615,1
1020968936,1
655576394,1
356432616,1
352396516,1
382373049,1
467624918,1
1073075946,1
1069709726,1
1019596312,1
981623700,1
1009721468,1
1009384284,1
898316946,1
768823727,1
1041869073,1
1052224044,1
961013958,1
1064739857,1
1067112159,1
1067930687,1
898407834,1
1070834500,1
877483949,1
1076777407,1
1050564298,1
975624345,1
996222197,1
994031957,1
971992836,1
510045701,1
303898361,1
1009399017,1
1009631861,1
1059158370,1
1008499422,1
1028153202,1
1037207523,1
1043982852,1
1064518795,1
867122814,1
822210141,1
216620796,1
43690666,1
496777644,1
947141397,1
542588218,1
111000941,1
990457806,1
954580122,1
809062371,1
1074406635,1
1080325184,1
1076043796,1
725094273,1
1059737636,1
1073818634,1
1052430023,1
508421070,1
1050037920,1
1059050860,1
1074258784,1
1075050121,1
1051291097,1
450645791,1
682989938,1
951562725,1
903881697,1
875347468,1
692249012,1
814713192,1
908531826,1
512894640,1
839769595,1
1015606419,1
1022970754,1
1023034703,1
1028064307,1
1060730208,1
1018423827,1
711090,1
1066360856,1
324585919,1
1050348896,1
1005795734,1
996157454,1
1043011767,1
304402141,1
1065402569,1
1055841899,1
979327569,1
818185487,1
992039840,1
892059238,1
974351957,1
88655919,1
997631568,1
1079825365,1
1063347912,1
1061229959,1
1071095000,1
972323417,1
839615885,1
281501522,1
1025820668,1
1049671666,1
1048253756,1
717994729,1
1080256723,1
71227800,1
656921196,1
997841575,1
1004885276,1
1017595265,1
769052802,1
995664430,1
895373350,1
168173360,1
984477721,1
871331308,1
937962651,1
1064103720,1
800628914,1
1078130734,1
1063291921,1
1046495166,1
1038182724,1
1048828732,1
1046913342,1
1053743089,1
996219149,1
1045689250,1
600879406,1
1067900779,1
1043004468,1
98872793,1
1038042205,1
1041275024,1
1080164219,1
1080314826,1
499638151,1
1061949535,1
1023738187,1
911458924,1
895026854,1
1033561438,1
557995761,1
607404567,1
944561576,1
827626605,1
965638361,1
971001857,1
1068077460,1
1065390705,1
742294201,1
1039626012,1
883047087,1
869811387,1
931804413,1
768552880,1
1051429157,1
1077659142,1
430910436,1
1061025296,1
1071149326,1
1074224896,1
1076308681,1
1078048915,1
240100250,1
240101500,1
240107596,1
1068068316,1
1052271328,1
973826716,1
1054569295,1
1038127473,1
1048830658,1
950285172,1
1068991829,1
1040819736,1
1028681704,1
741059298,1
483669290,1
533668127,1
888257070,1
894415033,1
915327508,1
1045903185,1
466146825,1
494182480,1
382714496,1
948124200,1
1004983062,1
1046838211,1
634885004,1
1050356952,1
451255316,1
614299027,1
1027361921,1
723728039,1
1030557182,1
831744328,1
1074646535,1
1075072550,1
1076663051,1
1076653523,1
1077372423,1
1078174741,1
1078740365,1
832507925,1
407776483,1
972944687,1
888941758,1
984146701,1
910753354,1
604471671,1
726435087,1
530573796,1
462686757,1
561900442,1
933981466,1
995901273,1
1040335950,1
1068508830,1
131742400,1
604172812,1
1073502531,1
1006941931,1
1077466797,1
1056990105,1
778469633,1
605933094,1
694230343,1
1074203654,1
909237573,1
1025956224,1
888411157,1
1072747288,1
1078797341,1
971711173,1
51240832,1
843741111,1
827135252,1
710804824,1
1063242221,1
1074164115,1
1061769520,1
1059914127,1
1055340435,1
1067385502,1
1040460443,1
910481795,1
1040892197,1
1040650140,1
874913366,1
1000105689,1
1026171924,1
952235721,1
547152327,1
1013330900,1
104796581,1
785108572,1
977227213,1
1013681003,1
1017345667,1
782701154,1
594487085,1
992889648,1
908508625,1
1010682634,1
915343094,1
707017072,1
931011189,1
963397426,1
600719840,1
617001266,1
676382863,1
947443823,1
564827296,1
468085593,1
1045515990,1
997833462,1
1052047406,1
762768025,1
1018124040,1
894726703,1
1015391328,1
802361890,1
996212464,1
692684053,1
1074202590,1
1074216812,1
1074492150,1
260537738,1
1057444664,1
890597911,1
1026355652,1
1052524243,1
593047164,1
805352374,1
964451025,1
744424780,1
744422894,1
122386904,1
739709602,1
1023087463,1
1041565657,1
1034287499,1
1029040750,1
1064741883,1
1074375938,1
1074393478,1
982125797,1
41041696,1
1046127925,1
62365748,1
880872626,1
907980116,1
709168485,1
492568129,1
479125308,1
187567781,1
384754265,1
453326164,1
815852455,1
788051441,1
840445361,1
423345929,1
908743372,1
543132788,1
1043071735,1
787961614,1
846570133,1
1073531859,1
462205500,1
962369699,1
1003537162,1
919401803,1
935023090,1
880321552,1
758222,1
783762066,1
952318388,1
900623121,1
970575173,1
104,1
1064647184,1
1078036146,1
931773771,1
871818817,1
945453649,1
952929648,1
1067985639,1
1047412409,1
1051464138,1
408375017,1
1053816082,1
1047422764,1
854494385,1
1054400829,1
960963521,1
945038425,1
851574331,1
992314653,1
753683565,1
1024610797,1
960033372,1
782729373,1
1018711803,1
1027477060,1
1054645250,1
1056843687,1
1064851343,1
41566430,1
946520342,1
497748263,1
902171943,1
962906675,1
979456633,1
1043362349,1
1044327980,1
1009900022,1
1033905281,1
672603439,1
843415729,1
724535759,1
1048934398,1
474799722,1
1049523436,1
1048769391,1
1011165566,1
1059858537,1
1052472123,1
1082778139,1
1074173769,1
1079759552,1
1056676251,1
133126203,1
1054481344,1
1056018853,1
971443633,1
1078799266,1
1078809150,1
964368188,1
987671755,1
1063108663,1
1054903083,1
1050115858,1
1035315928,1
1059368194,1
941981966,1
1034408186,1
905578476,1
165817689,1
966371194,1
950496923,1
1005431612,1
960864564,1
860203942,1
860834387,1
864559011,1
918211618,1
700054737,1
1030509218,1
445916747,1
1058170332,1
1072735247,1
1055750463,1
1078101910,1
366068648,1
995375327,1
798538420,1
471251684,1
871272562,1
38374734,1
621904308,1
492253553,1
632527851,1
642591906,1
764450984,1
1046363052,1
1054564473,1
1048971879,1
1065012810,1
1078204513,1
1075329789,1
1073017431,1
1079337509,1
1077509184,1
790868437,1
329012598,1
1081201102,1
479023203,1
1054549186,1
1072570039,1
945677302,1
908033455,1
875599129,1
946240310,1
946402389,1
766076954,1
868103423,1
691495622,1
929690172,1
1000866906,1
957495213,1
862497694,1
374879730,1
883403009,1
459577066,1
274073541,1
684159483,1
1065016126,1
872243329,1
842923623,1
1061752369,1
600712163,1
404802357,1
474920971,1
532322698,1
706282084,1
812244435,1
730246922,1
1068069451,1
1070350116,1
1063062916,1
467473388,1
1079380076,1
1072525465,1
289084201,1
219272164,1
276005721,1
107020719,1
219508790,1
170067332,1
142653315,1
84679498,1
932113530,1
539974152,1
1003713671,1
335517266,1
936416010,1
92761798,1
411801977,1
942009363,1
143590650,1
1030286282,1
1038292347,1
1039860194,1
1040848493,1
1040765856,1
1045006076,1
822556684,1
843070534,1
866799228,1
378622651,1
1002275003,1
1005012089,1
1005115077,1
287902355,1
287054147,1
270072911,1
768412273,1
1053442720,1
1069013144,1
1077836014,1
814103299,1
873069060,1
916004422,1
813628525,1
894212430,1
870965243,1
843205405,1
1038843651,1
902366628,1
1038052997,1
1054571334,1
658687782,1
1046966832,1
668304116,1
535268171,1
557908441,1
718885401,1
521630624,1
139427015,1
529749544,1
153227015,1
224934511,1
1073634828,1
112606466,1
380087404,1
632858820,1
992402205,1
1069167764,1
1073335188,1
879248000,1
968591915,1
13382184,1
1055815219,1
1077153934,1
813192803,1
384773885,1
930676488,1
962241025,1
963606014,1
562635932,1
285951068,1
1076601783,1
960876808,1
1057427554,1
1074628727,1
1079550672,1
1080701763,1
1005910785,1
959195064,1
959321997,1
966076979,1
1069379040,1
946621928,1
514654878,1
961374859,1
763865083,1
1059926259,1
1011965561,1
798113908,1
892705066,1
783569087,1
844168042,1
1054146678,1
945114770,1
917998894,1
489332209,1
407019601,1
664006805,1
1020556333,1
373858024,1
511513493,1
1014717467,1
849970490,1
843210443,1
984390631,1
538004344,1
878470089,1
881010481,1
356572536,1
568536213,1
960035724,1
756899565,1
449912116,1
19957191,1
979125689,1
932802007,1
944596846,1
1076846577,1
715302811,1
1079841037,1
1080835953,1
1077394990,1
1064901363,1
1077576395,1
1078737335,1
930442402,1
1081904642,1
1081926638,1
1081401254,1
137673023,1
780556597,1
907965356,1
992204176,1
498276299,1
664151690,1
1068072112,1
1071977357,1
1076605586,1
84588982,1
572316149,1
886378671,1
865060655,1
950574253,1
1010861272,1
1041163859,1
1077135878,1
1080490905,1
957424382,1
971540884,1
1027195033,1
1026841382,1
1007975467,1
1027208782,1
1052548992,1
631730881,1
642770892,1
639449766,1
953582313,1
1046212558,1
822145039,1
656822007,1
1050102047,1
836059947,1
1042229959,1
654648478,1
867087083,1
650513959,1
947119312,1
919929084,1
636349702,1
943841306,1
934776151,1
487432810,1
963267373,1
1032169191,1
1057765302,1
113656128,1
734642469,1
997461612,1
625338911,1
793131861,1
930236488,1
421052793,1
750405264,1
565533532,1
728119532,1
899853496,1
864458230,1
956772054,1
1029518640,1
1029503326,1
1030761565,1
1032897311,1
1028056317,1
1037678957,1
1038231449,1
1067912744,1
635540002,1
421672292,1
986069941,1
983735924,1
965763449,1
979746941,1
138532741,1
953792519,1
710163498,1
884343257,1
959682428,1
1000531907,1
1030054708,1
859965810,1
312940827,1
389930143,1
987595514,1
562314685,1
926060871,1
1003192295,1
341428409,1
945337889,1
616878287,1
676779064,1
985411197,1
1059056908,1
1043458233,1
1058677963,1
1071888846,1
1075130606,1
1078662157,1
1082384879,1
1004638061,1
514625532,1
81328872,1
701851397,1
810712830,1
176690547,1
1014921542,1
908344418,1
1048800874,1
1055294855,1
975339511,1
999731606,1
992137000,1
994049399,1
1062433127,1
1062327378,1
1079489383,1
989063169,1
1050892640,1
1074106500,1
1076176588,1
1078231858,1
964465138,1
186258601,1
896567655,1
788262588,1
1050557346,1
1064617373,1
766271516,1
1041249877,1
955324488,1
1044038600,1
1031232294,1
402100893,1
986493146,1
1411095,1
510502537,1
241022230,1
1064608008,1
953796616,1
1075281513,1
1072274135,1
138045399,1
941744634,1
172864418,1
897651884,1
364598047,1
807607782,1
956845699,1
122748721,1
1004233347,1
217872015,1
1041527851,1
440947479,1
886211033,1
954532492,1
1075379377,1
1073678016,1
898782161,1
951949315,1
915850986,1
1037898098,1
1011796705,1
431161164,1
404236236,1
664453647,1
745267233,1
396124055,1
845449177,1
790709083,1
777435436,1
57773992,1
498408082,1
765903162,1
726306889,1
638138621,1
861707346,1
318161133,1
397477970,1
817772009,1
1039532680,1
284037174,1
760408949,1
1030058728,1
1031984393,1
558915600,1
798090073,1
948708115,1
798144246,1
798174523,1
18773510,1
1060980617,1
872437616,1
1003110682,1
954257035,1
782824808,1
1043155418,1
964782474,1
1065981311,1
1075892362,1
968008217,1
653724162,1
1026326810,1
932765095,1
1026943666,1
1070957773,1
1013588250,1
850252426,1
968886664,1
782664395,1
718160801,1
860987028,1
657396647,1
950590941,1
771329145,1
901471347,1
996535159,1
1061717137,1
1065856075,1
718421812,1
934085892,1
1044285131,1
1048587166,1
1050792909,1
1047461515,1
1077568401,1
1030128177,1
983625800,1
1054040659,1
803681583,1
993986229,1
843691605,1
1019139643,1
155245116,1
236106256,1
930030223,1
1000337775,1
997425516,1
603694028,1
1017610914,1
1057971951,1
1001594516,1
1042340702,1
988817715,1
977991006,1
861144558,1
1009535006,1
1028797731,1
1037192474,1
384924640,1
405490266,1
1954944,1
738200275,1
982936994,1
866673591,1
960968084,1
763710159,1
1005458179,1
950591042,1
1059583406,1
1046069879,1
1006935635,1
996363501,1
849859999,1
940759088,1
1062895892,1
979564955,1
1045079010,1
1064841259,1
993251482,1
1011824142,1
1067787640,1
1048536721,1
944167087,1
761000063,1
2525281,1
1003966856,1
1051102966,1
1056848205,1
1058670274,1
1034196166,1
1031100960,1
1062676717,1
1070928367,1
1074656030,1
775063110,1
975312427,1
1063850317,1
1058477144,1
985222473,1
965045603,1
1008945068,1
1015213472,1
1046027722,1
1067726398,1
1044365244,1
1064075372,1
1080473776,1
875389667,1
901362437,1
885840510,1
1004362188,1
894190095,1
702403037,1
225634301,1
1038726103,1
1043965908,1
1042410661,1
1045367260,1
1062571818,1
818041701,1
1006850684,1
984572319,1
826862782,1
832375645,1
1073137334,1
1073918133,1
788422040,1
1075017093,1
1076932847,1
767863667,1
977631454,1
991401437,1
991746692,1
966065744,1
965064120,1
965843109,1
939627930,1
846756467,1
953620606,1
870418237,1
778364668,1
623281355,1
526428137,1
936626606,1
967775461,1
1052964586,1
1074135015,1
1079010646,1
779564676,1
463584784,1
773923379,1
720370789,1
389384530,1
557680394,1
676778064,1
622613277,1
554099689,1
378847826,1
390209176,1
555690061,1
462239812,1
858793278,1
1057499402,1
1040701617,1
1052658276,1
564339444,1
944741927,1
947911966,1
42585030,1
709097256,1
419749784,1
727318973,1
2885305,1
582213331,1
298169617,1
1016402837,1
540793655,1
1001131248,1
850357558,1
757804324,1
729806805,1
420910636,1
983387638,1
999895802,1
414675446,1
391007170,1
67649784,1
392518434,1
538029264,1
664098566,1
697154456,1
226707011,1
1005305276,1
877909897,1
1027805342,1
1011967400,1
636151880,1
1041105952,1
1013380973,1
652545243,1
875079856,1
637973044,1
204173001,1
457576763,1
133309224,1
408914506,1
615607823,1
894472487,1
997022609,1
1070895509,1
1071369202,1
835989103,1
651265417,1
940931302,1
1072110217,1
1079842801,1
1080511488,1
1082526680,1
1227644,1
771571885,1
1053311364,1
1057417779,1
1053052633,1
1067919043,1
984311389,1
959340663,1
929588546,1
943259790,1
884011156,1
1014955728,1
931059827,1
1003606375,1
1006895822,1
982941031,1
1003311060,1
1080390744,1
1076886521,1
1076553370,1
967931874,1
965526321,1
966749966,1
945014363,1
905629510,1
986382500,1
1038156194,1
1072781315,1
1074728413,1
1076908458,1
787787094,1
1009893455,1
966618257,1
968500515,1
968366144,1
964686511,1
980035904,1
983385491,1
1004849029,1
1011581582,1
1023753409,1
1026033619,1
831069269,1
788362358,1
899883713,1
922300516,1
1037828446,1
932807056,1
613986806,1
790881126,1
620420143,1
134430880,1
1064477653,1
945455503,1
840647577,1
990445176,1
907506489,1
780735045,1
1031042338,1
869883342,1
458405780,1
497886042,1
118712083,1
1043325904,1
1076549838,1
1048176578,1
1062147456,1
1076449398,1
1076310574,1
864551327,1
94460396,1
257679438,1
734203109,1
625028360,1
1031344444,1
368531121,1
930558005,1
727845519,1
1023084710,1
932064387,1
1076130157,1
1076452471,1
934080357,1
1018802562,1
1055267536,1
1060032350,1
960582130,1
84725408,1
882470479,1
1049883791,1
1029479090,1
1065013408,1
1034136923,1
814457539,1
1030135256,1
714181842,1
620650136,1
1048003315,1
1050553559,1
506915739,1
802442966,1
1054133203,1
1057423740,1
941950257,1
878464808,1
952956145,1
951679316,1
942407705,1
951164209,1
945656377,1
41677488,1
378227632,1
888978404,1
209232554,1
1027380920,1
537987358,1
717809299,1
1077857857,1
1071158408,1
327666940,1
892903985,1
661914879,1
850032912,1
24983803,1
929039902,1
602231162,1
809827908,1
966169237,1
966688909,1
848906654,1
638250260,1
1056948921,1
1059394198,1
948495345,1
950102983,1
1000562656,1
986024234,1
1027055947,1
1018802168,1
128641407,1
1015983962,1
1017555976,1
1025388638,1
1029552413,1
1033507941,1
1039718739,1
107493454,1
111748620,1
1047958500,1
1056097637,1
487762234,1
999359696,1
744705694,1
858801758,1
887987294,1
1478660,1
1015646325,1
554550039,1
946700821,1
840968522,1
966909447,1
941828040,1
1009695032,1
942350467,1
938528277,1
945767470,1
939248725,1
1006094468,1
904684077,1
904326946,1
1005051621,1
1026183693,1
917735399,1
1058058997,1
1064708217,1
1067404716,1
1055388411,1
1067232685,1
1074808825,1
99631854,1
649900970,1
11297320,1
1067594328,1
1030584901,1
1030914356,1
1048860118,1
1048656580,1
1057742666,1
1066109909,1
1050414810,1
714084825,1
1057338225,1
1037762976,1
101690792,1
1028850220,1
974676372,1
954082381,1
1078806139,1
1078772871,1
774972927,1
1047999437,1
1035251533,1
1074833752,1
2917172,1
1027162707,1
713111400,1
1027176286,1
743685339,1
542326774,1
760474891,1
926937648,1
990473516,1
994920648,1
925701814,1
1051575160,1
1057417105,1
1065458504,1
1064550656,1
943758253,1
989740392,1
1075172031,1
957503730,1
984240921,1
964412079,1
996000105,1
697190242,1
382734464,1
1077772561,1
857665095,1
988695184,1
849287039,1
1079702953,1
846569117,1
104760213,1
207425944,1
23347035,1
617330910,1
67985684,1
940152666,1
694806783,1
976569023,1
129361824,1
115365559,1
2021621,1
850984326,1
839851059,1
840947264,1
845457892,1
938086612,1
978127787,1
1076905512,1
1078089957,1
1073924447,1
854589080,1
605438841,1
881927173,1
1031037245,1
1034468175,1
926852954,1
1036580470,1
1038145473,1
1037517437,1
910789607,1
1013996709,1
1000678548,1
989658484,1
924238584,1
993229873,1
1029556925,1
1052281627,1
1034618497,1
1020807041,1
239551404,1
785219305,1
65891872,1
943741175,1
850821877,1
1071301405,1
1077357719,1
901043892,1
421531157,1
222675670,1
547014123,1
719810940,1
668169232,1
778921121,1
818091143,1
660547626,1
623124669,1
1061859318,1
1060346895,1
995896429,1
1074143218,1
1061526916,1
992369582,1
727692160,1
873265825,1
1073644297,1
1010227838,1
613852211,1
171712161,1
103894610,1
875625890,1
1043953303,1
667667856,1
468090178,1
504535064,1
510334524,1
705721300,1
556280781,1
972740371,1
264751713,1
860110069,1
466125746,1
581720837,1
721937675,1
971139886,1
293449853,1
1061946254,1
1074613506,1
828024318,1
319379961,1
1078856781,1
1052894007,1
996505719,1
938657207,1
947641648,1
415363989,1
990470273,1
994161738,1
991242996,1
1061876518,1
651654591,1
995758203,1
737480375,1
1051928191,1
1069649553,1
781404082,1
545505122,1
934607582,1
674959038,1
1073594054,1
1025383375,1
1008862046,1
894173398,1
526239969,1
1011545963,1
944879012,1
557272842,1
964090072,1
946081188,1
532110873,1
1080455170,1
1037949577,1
1011712161,1
1082182869,1
1081625655,1
1062515861,1
1061559173,1
1064770140,1
1065135239,1
869196811,1
888704437,1
911433843,1
285329208,1
527821162,1
392042048,1
539031602,1
1036487220,1
760437081,1
901392801,1
967684242,1
898131688,1
953937364,1
971424952,1
991630303,1
490231345,1
1018323621,1
907792148,1
417791346,1
1032865161,1
1057009762,1
520818790,1
1034189840,1
1024472878,1
988321792,1
743088396,1
137097465,1
1029946685,1
964001941,1
1043732527,1
150089439,1
1004490390,1
1034965098,1
1027366437,1
264323512,1
817848279,1
225880892,1
553143922,1
364581488,1
695422391,1
947301282,1
1047671380,1
1050071658,1
476552856,1
993119560,1
736822316,1
636113379,1
330333818,1
328264530,1
722884,1
374216052,1
689484449,1
775512102,1
115982685,1
699368386,1
736709866,1
941923646,1
897542008,1
888554478,1
497443778,1
549964195,1
736499978,1
858862554,1
971545756,1
1013747124,1
1048709972,1
517093464,1
315081428,1
1009847361,1
1025452462,1
1071070340,1
1051693246,1
936398140,1
458225424,1
979950976,1
1071983456,1
1004886004,1
771560027,1
1045159042,1
462814738,1
785191351,1
688784244,1
784845090,1
974123786,1
960786196,1
988720966,1
664831417,1
1030521553,1
1006815478,1
1043215132,1
1060180376,1
580575379,1
604320746,1
950257802,1
1003193363,1
904451746,1
992024944,1
947629176,1
911214177,1
990457906,1
969864589,1
989569831,1
244962910,1
87829696,1
1021738242,1
1003314971,1
838231539,1
735185314,1
910804074,1
679228212,1
895771294,1
339374129,1
1036094354,1
1047799937,1
875551565,1
1061481696,1
1066760747,1
1068520353,1
1056661889,1
828120849,1
1071566290,1
1079353229,1
959308107,1
933905246,1
955878395,1
989150208,1
947440081,1
948205965,1
873158220,1
948205384,1
687871070,1
679778503,1
604877729,1
1018303523,1
1019815733,1
1007657697,1
779821918,1
834677222,1
1050115055,1
957842145,1
789459888,1
988073022,1
1073598419,1
883199785,1
961986183,1
391103699,1
1007962324,1
980739954,1
1009870450,1
1005046726,1
919906715,1
1079696114,1
1080096180,1
1052497523,1
1009318825,1
1081256155,1
929136497,1
874757212,1
1013402384,1
933563272,1
1054033690,1
119821977,1
335991056,1
2490956,1
988495067,1
922470123,1
523334100,1
1050112914,1
401367372,1
1034453251,1
1080584103,1
713198389,1
847480289,1
1023544567,1
1074800938,1
917146396,1
978444741,1
1074361254,1
1047996436,1
1077345260,1
985012775,1
997927963,1
1045075844,1
1023079788,1
591328684,1
11453117,1
937052616,1
895094370,1
908234521,1
970735376,1
316628586,1
1050741990,1
1013775391,1
811941018,1
443481863,1
195272781,1
103418583,1
988457308,1
739072891,1
946938633,1
406453029,1
1054363730,1
872063198,1
976472325,1
1056429873,1
537079541,1
120807173,1
1066313109,1
888301586,1
900922526,1
880475028,1
829393971,1
1041675569,1
1035111916,1
996653740,1
981247434,1
1050093563,1
1021004749,1
750614221,1
1022318925,1
900933249,1
1004724896,1
1020225875,1
1009442366,1
986731487,1
814363032,1
1070864990,1
1040450374,1
98425046,1
1052204168,1
969328986,1
973737704,1
970996227,1
979173321,1
980573953,1
963912654,1
641881124,1
987243185,1
1037796336,1
1037651721,1
1038179348,1
1037726672,1
1038449084,1
1030405588,1
1034572710,1
1014110720,1
1022280343,1
258088374,1
1030901319,1
912403229,1
1052774252,1
1038609041,1
1057273993,1
771882104,1
927115482,1
830347922,1
229970547,1
266116253,1
1037963633,1
1031901177,1
1027030936,1
1010513100,1
997425530,1
600739641,1
1033966733,1
11895157,1
926966662,1
1043570336,1
1019553943,1
1041051088,1
1020676795,1
999970795,1
990461938,1
970595800,1
987634897,1
987641298,1
1009364287,1
1008803512,1
1019416952,1
1024914927,1
687861467,1
1040707693,1
1045600053,1
1070347012,1
1066573838,1
1079953997,1
983314271,1
972601725,1
990665836,1
674496251,1
1020248959,1
1054388569,1
1047038351,1
1055519306,1
780165417,1
726415419,1
13061701,1
196200774,1
97643384,1
143598424,1
1078800246,1
940562761,1
393777761,1
583812048,1
1068100449,1
1078969982,1
91723110,1
466827566,1
928953386,1
178673990,1
915644871,1
1051043330,1
30249426,1
955299492,1
1033821741,1
1034195545,1
944033717,1
1018769587,1
1044779381,1
843104416,1
1056833099,1
941839047,1
1050758824,1
1074113549,1
460244440,1
460833907,1
461498122,1
560723955,1
419548731,1
799574728,1
829648464,1
182036911,1
391386137,1
467536553,1
1034303370,1
1059236768,1
1009638300,1
988583194,1
989624093,1
990398625,1
992342294,1
993165081,1
993795218,1
994396340,1
1000368047,1
1000809087,1
1000609357,1
1004726172,1
1016520311,1
946462757,1
719818065,1
479297913,1
939397898,1
1079339943,1
998216727,1
970643403,1
1003880466,1
1048642620,1
1013484857,1
1054021246,1
946631838,1
1056434907,1
840460690,1
892918310,1
801836009,1
1045763096,1
964184399,1
971027879,1
855277605,1
998068807,1
1051866420,1
786563658,1
660061216,1
1049530468,1
718191161,1
1062082726,1
998056025,1
1038585137,1
1037880549,1
706393895,1
600212593,1
1051291530,1
214248816,1
1076448159,1
977316873,1
988263942,1
986700130,1
682471839,1
989484978,1
1000858821,1
915874542,1
1011651904,1
1004794934,1
1004111457,1
1005012805,1
1005242289,1
1016259830,1
799715255,1
1074986477,1
440299264,1
1056084353,1
1067774605,1
1079606312,1
1055195000,1
660604678,1
1049712118,1
1036648826,1
820016276,1
1004091535,1
1024285991,1
723301963,1
894214550,1
330168754,1
1055865610,1
847512597,1
1063498288,1
1070979007,1
1051756476,1
1071916217,1
1070214428,1
1016322660,1
936405995,1
1025094460,1
658790238,1
510103021,1
896032276,1
789709629,1
1045189671,1
1056146191,1
1050255561,1
237509760,1
1050196208,1
1067915943,1
349718560,1
476242613,1
936686647,1
536212058,1
586457617,1
803387334,1
1067325907,1
1050496328,1
1071627756,1
1073815139,1
503165585,1
764033448,1
926510003,1
711100579,1
872804086,1
867985382,1
867603164,1
847782266,1
875784101,1
830076849,1
867214099,1
876660313,1
884486072,1
866880705,1
826109881,1
915824507,1
837164612,1
750257664,1
746828658,1
384610917,1
1059170024,1
619773740,1
1064962413,1
1073664167,1
1080353872,1
1062501655,1
1049310097,1
796173344,1
205700565,1
885083345,1
516458177,1
1001672996,1
1004567319,1
1004995028,1
1037095416,1
1048545928,1
1049363316,1
1047637932,1
995466581,1
1052402148,1
1056816972,1
1061964040,1
1043414090,1
1077169769,1
1073532014,1
817484587,1
1018187852,1
812454751,1
938796981,1
752635430,1
582456977,1
634214279,1
905078181,1
906429503,1
830463892,1
1080435667,1
690635377,1
708558269,1
216260293,1
841974378,1
1064542358,1
1046349869,1
746586598,1
971128126,1
277257139,1
1000047253,1
802384999,1
1000596288,1
1040998908,1
959692252,1
1040822319,1
1054367774,1
1049773691,1
995863303,1
92653008,1
1006152176,1
948524856,1
987267434,1
1039158510,1
1011956553,1
608825621,1
807684846,1
795090865,1
1018657701,1
303807369,1
1069251240,1
364744457,1
980812603,1
967460143,1
413497545,1
660473793,1
864001370,1
962980052,1
260700518,1
802887517,1
670263132,1
832229890,1
588809403,1
535380148,1
578345885,1
620550194,1
557698269,1
622928095,1
405853693,1
1043870123,1
943433079,1
845706674,1
839457512,1
460891414,1
946639728,1
1032826554,1
562880376,1
755376281,1
720389088,1
1032902528,1
946052637,1
1070054431,1
624385005,1
416242123,1
1064570907,1
1043475347,1
1048926194,1
1050522843,1
1059162708,1
1056829572,1
1057097793,1
1061955784,1
1062005259,1
1058218270,1
1059182647,1
1008361025,1
1064813463,1
1080027150,1
58749720,1
422683670,1
821444247,1
996771996,1
997365205,1
992109863,1
1036594630,1
1009549336,1
1061220306,1
1080618174,1
1078808467,1
883592608,1
288344396,1
802672367,1
647591867,1
636627139,1
876604230,1
191799951,1
1009313875,1
1009572708,1
1009574696,1
1009637546,1
1009638340,1
643124006,1
1078725883,1
1078768602,1
904940860,1
1046174407,1
1070933647,1
224262032,1
1028841683,1
997019620,1
1046426650,1
770384552,1
1059786348,1
1034060977,1
474770151,1
743013287,1
736449336,1
1064197841,1
1062375036,1
1064714231,1
199890164,1
1079007504,1
1056822082,1
382271995,1
967537414,1
1080590572,1
1081519029,1
1081995946,1
1077241051,1
517182039,1
875881882,1
593362629,1
948628881,1
1047254215,1
946136055,1
1048228080,1
1038624398,1
1051807423,1
814628772,1
906466778,1
959493760,1
1006437307,1
1032658076,1
979111834,1
596624564,1
1070562465,1
1080375646,1
481931607,1
893659723,1
926641372,1
991473846,1
879523511,1
540166952,1
724710300,1
727989042,1
983896755,1
557697372,1
1054285176,1
628699191,1
854198124,1
461164123,1
862241398,1
586024291,1
562651211,1
514847347,1
928772089,1
938599400,1
992008276,1
1014855533,1
1019854823,1
945689202,1
196236951,1
563162033,1
872291509,1
664301313,1
952849859,1
996740474,1
574216860,1
712648484,1
1038407278,1
712850892,1
1018184918,1
1018213345,1
1018186929,1
1018227850,1
1018233387,1
1018243185,1
1018277215,1
719004243,1
1014520462,1
1015568564,1
1014902513,1
986755662,1
1066987249,1
416783698,1
714632655,1
645868428,1
1024551497,1
1044337346,1
689880152,1
983977190,1
1025408295,1
907785649,1
646627882,1
634972218,1
574065868,1
582873052,1
561345986,1
614827139,1
614838302,1
630211884,1
639616800,1
1005624272,1
1007570252,1
884925485,1
311923505,1
965459420,1
902180527,1
996230488,1
985343034,1
998880714,1
1004198628,1
994664015,1
625812456,1
511214390,1
1019006835,1
580128615,1
1044287456,1
958702752,1
1041768916,1
72664898,1
73092078,1
994452395,1
953545046,1
901366952,1
996172857,1
895612596,1
895066641,1
995910102,1
994269403,1
84000552,1
996569700,1
997182858,1
998033594,1
1056853155,1
957501607,1
917277381,1
1080678692,1
963531181,1
386132008,1
840914751,1
904066591,1
404863594,1
27091726,1
22563835,1
102224441,1
152457602,1
211683117,1
1308192,1
659479094,1
108566499,1
955507063,1
954297629,1
589189701,1
980768629,1
658848020,1
957615114,1
1003185153,1
966280946,1
994389256,1
715777484,1
1063673303,1
723331025,1
684409344,1
778023418,1
572403434,1
187404785,1
97006874,1
319097690,1
614559024,1
553794420,1
863662259,1
784937993,1
798868093,1
784921940,1
625531818,1
323172161,1
985101556,1
972122918,1
988526163,1
979174684,1
985719569,1
723387126,1
994393841,1
983644920,1
907297789,1
443555119,1
607578974,1
548269727,1
1058071210,1
1068781420,1
1076269592,1
1080509684,1
235984781,1
235984878,1
235984924,1
365843055,1
965956103,1
1044180216,1
1047953612,1
1058796282,1
763302980,1
445469335,1
1006080948,1
1006199989,1
1004700482,1
455805352,1
469345140,1
1017258928,1
427329704,1
1069719772,1
1059305151,1
1030834243,1
1064571171,1
1058244973,1
1068032435,1
1070791328,1
1070640798,1
1075528007,1
1064007039,1
1064905511,1
1069707673,1
1070298669,1
461890599,1
1079920629,1
770952599,1
130267874,1
399727116,1
443625275,1
356140287,1
313479093,1
1080396846,1
562307716,1
954659872,1
1082453631,1
985874849,1
994616977,1
1022059672,1
1047490589,1
548064885,1
726142307,1
1058932113,1
440590205,1
475082725,1
964564827,1
1049305771,1
1049331266,1
1052511537,1
1060594035,1
1076764133,1
1049556956,1
1011525341,1
1011368683,1
877819379,1
1068094087,1
965272929,1
1050297656,1
993155799,1
397530232,1
563019232,1
355365180,1
1051141908,1
1032803916,1
80238384,1
1053805011,1
93681505,1
1054559259,1
1074393018,1
370003241,1
88663520,1
743248050,1
422575794,1
64798594,1
813206379,1
1024555328,1
1043934825,1
1049262276,1
1050499627,1
1050417853,1
753379866,1
764572113,1
1070600852,1
1011651294,1
698022310,1
1026264894,1
716019632,1
949665969,1
1047975641,1
453153946,1
1070670931,1
427301354,1
311995377,1
447882649,1
355090429,1
312833282,1
451358796,1
1068684013,1
961152766,1
415628022,1
1046945519,1
994693470,1
1072706255,1
1049017789,1
628146090,1
1007968355,1
1014234304,1
1033609792,1
868365890,1
1036979066,1
1000725789,1
941443938,1
337772046,1
600945786,1
126964128,1
669974432,1
542068625,1
513891823,1
116373718,1
643422896,1
1055595087,1
1073414557,1
1078541059,1
800474052,1
947501166,1
1058932779,1
1062054821,1
309382510,1
947655578,1
942882388,1
954578359,1
320227509,1
961697532,1
671086964,1
953758510,1
359528508,1
1069565284,1
1071031172,1
115603797,1
927771951,1
1071738117,1
1053302903,1
808980390,1
1080201610,1
1069613366,1
1064621644,1
978469682,1
971820400,1
1034495774,1
621776799,1
698883517,1
1060285926,1
1061679538,1
1002312928,1
1022884677,1
988902378,1
853485760,1
1013889158,1
1000336580,1
808369451,1
588612434,1
1037385307,1
876881352,1
378316423,1
1053451224,1
638833856,1
1077405143,1
1080874110,1
961788295,1
843300299,1
1053336891,1
1062091535,1
1062105494,1
793437744,1
518261433,1
559994511,1
429955474,1
168220037,1
504370661,1
538352265,1
516296505,1
727685801,1
146995102,1
450741998,1
103045392,1
1054557667,1
876369994,1
344993051,1
946066993,1
1057383411,1
1004333135,1
954239954,1
1070239590,1
673740333,1
666074376,1
1052494238,1
1074389631,1
212384589,1
654008288,1
1058925303,1
1057930582,1
753718787,1
792835378,1
160492968,1
560168134,1
841772584,1
651803429,1
1032759291,1
1044252999,1
1040746352,1
945422693,1
1018515947,1
1057658401,1
1062980914,1
1070849942,1
935168973,1
1053697080,1
1041924526,1
544407064,1
630379461,1
687511549,1
763620004,1
697155824,1
132089659,1
109562388,1
596193715,1
139827700,1
1027452956,1
1009783374,1
1004934861,1
1009019418,1
1051704763,1
1052456206,1
1067411373,1
1034368579,1
1056198697,1
1058001802,1
971402774,1
1052889782,1
951412891,1
941089770,1
992223924,1
1056620993,1
1070874499,1
515437999,1
694972668,1
1009690901,1
623147396,1
565946458,1
957700388,1
685844830,1
730516111,1
890490883,1
399123680,1
1018372251,1
456262823,1
992877309,1
1821494,1
1049177192,1
1068640807,1
941129314,1
986858092,1
981561313,1
1020190200,1
585206022,1
806806799,1
1004947514,1
1016864267,1
735114572,1
856580195,1
832197460,1
933968219,1
940392362,1
1025262097,1
1022488594,1
796060627,1
676902587,1
434997335,1
1019005822,1
1023844445,1
429978936,1
277985174,1
865077568,1
688798402,1
944975550,1
1009937237,1
964681233,1
97488311,1
1047449869,1
23946090,1
217215749,1
578496109,1
635954484,1
86498104,1
454166337,1
191534972,1
461505133,1
217950331,1
941880866,1
863962024,1
741341729,1
591447099,1
380015360,1
806027679,1
86989029,1
1064527847,1
327488371,1
306157969,1
705604381,1
1061157905,1
1017263336,1
881744165,1
713129383,1
198917830,1
488644595,1
957445763,1
1052622099,1
1043766505,1
1050324985,1
1062647317,1
1059039898,1
1074619882,1
1078750359,1
1051288779,1
585488117,1
554665620,1
873660552,1
930151871,1
788438891,1
945306817,1
1004653515,1
1058014826,1
736342550,1
954516444,1
17363638,1
116169977,1
1059746523,1
597277900,1
598442013,1
766775266,1
1024285770,1
1040287868,1
982254042,1
1031559704,1
946098423,1
1012156318,1
966303531,1
1054945543,1
1054562041,1
1038231583,1
690341071,1
356172393,1
941037666,1
996778769,1
991623028,1
1061523342,1
1067075448,1
1069421525,1
1000820693,1
871332809,1
980773761,1
993371259,1
977495488,1
1034705074,1
1056221664,1
1072391737,1
699572928,1
818188059,1
565103469,1
918104923,1
739973673,1
701095852,1
654728546,1
392188854,1
1051149939,1
790254764,1
127696811,1
744374635,1
997793278,1
997745296,1
921649266,1
878559269,1
912224622,1
1048582235,1
1018332425,1
16044778,1
1070386608,1
1022142005,1
863869642,1
412433858,1
1055894430,1
1062542254,1
1062102531,1
1040836003,1
1075300717,1
1077255703,1
1077390925,1
1019462943,1
882437279,1
1013679791,1
879035202,1
1077100357,1
1076999458,1
1016447184,1
928536764,1
373231394,1
584760335,1
398524805,1
329656074,1
512998261,1
823447133,1
1052720961,1
639484052,1
639825870,1
1057161680,1
1073817895,1
1011872002,1
1067631260,1
1061924903,1
1079309109,1
743188755,1
1064586636,1
535624932,1
971159132,1
1022859647,1
556741506,1
976597594,1
718222333,1
745077975,1
1060827015,1
919004522,1
1063015768,1
1064111406,1
1069198147,1
1070405685,1
1069648080,1
978116098,1
1074304765,1
655445955,1
748185365,1
673790380,1
817664836,1
813709345,1
583942550,1
852672317,1
61214422,1
138996351,1
1052213789,1
1083226856,1
910432132,1
1065204580,1
643890035,1
857870415,1
912063221,1
368553699,1
332774636,1
993357622,1
585106835,1
709147137,1
930562603,1
1004121608,1
931795113,1
406620878,1
323043232,1
322239494,1
654165145,1
992562475,1
1058804756,1
1052459346,1
1067872695,1
982727869,1
804417544,1
776699718,1
1071042026,1
1043346096,1
1064826838,1
1016431789,1
1029377923,1
1032876293,1
1034449627,1
1035248316,1
1035312673,1
1034322354,1
1037689538,1
1038602790,1
941543993,1
950470024,1
1071160102,1
1079886943,1
1050530682,1
884440214,1
886847573,1
1032756481,1
1040650402,1
585849471,1
873264672,1
658337935,1
1044419654,1
446028518,1
928423111,1
957073852,1
992321457,1
996741977,1
959370953,1
739007300,1
1024276856,1
919705070,1
1065378323,1
955350576,1
992335511,1
213423212,1
555327424,1
856707011,1
1078154884,1
761078107,1
1071446233,1
789040237,1
920952376,1
787948437,1
1048547803,1
673950377,1
674867,1
1008579701,1
1006000518,1
951274030,1
751723201,1
923134406,1
934507682,1
932635893,1
793285693,1
913529042,1
762997233,1
361587332,1
287585229,1
876503689,1
930145318,1
1050784086,1
1056891759,1
947178400,1
1056758144,1
1055939021,1
1081093223,1
1072726349,1
311556255,1
1018812661,1
1018176659,1
996175251,1
996711391,1
996648416,1
726547293,1
66681914,1
983138587,1
1005267224,1
1045630051,1
996065566,1
968061670,1
778629190,1
733251567,1
795666490,1
878974145,1
1042843511,1
1023844556,1
973176852,1
988674306,1
1019210253,1
1010102155,1
837182774,1
1066212649,1
639736326,1
1048571676,1
1080825412,1
1009434495,1
1022876416,1
1007356444,1
1012884913,1
1045572411,1
1059811764,1
1061648583,1
534597363,1
121667836,1
1046416324,1
1058446475,1
1055784081,1
1042650778,1
932089914,1
1057267986,1
1048775490,1
1014009993,1
971345796,1
996776641,1
12113414,1
641971399,1
1027588787,1
1024635861,1
946798919,1
1037942542,1
1034416590,1
1038702705,1
1016923413,1
1035045092,1
980068107,1
1014113713,1
1047168606,1
1021854474,1
1018067956,1
1076644686,1
979355909,1
1075538167,1
1052512029,1
1042557685,1
55037694,1
36692960,1
999129656,1
118762612,1
884634344,1
618571490,1
1068717830,1
712989984,1
1072786822,1
944630148,1
554147954,1
623235787,1
1023056928,1
1052030463,1
377374516,1
988929641,1
990418160,1
991161944,1
960894357,1
699333368,1
1074272664,1
17997191,1
959655372,1
640938979,1
1074075112,1
998122597,1
836683502,1
831531680,1
646202590,1
969256844,1
970488240,1
965626250,1
1078307179,1
941716955,1
266810368,1
979838939,1
138389750,1
979867552,1
979858395,1
901682731,1
915188505,1
970300497,1
953567719,1
992501627,1
984348018,1
995494942,1
846234935,1
757566523,1
840499797,1
739499356,1
1076893793,1
910779411,1
991072625,1
604936041,1
712923448,1
829881652,1
1014947848,1
993909246,1
1053405992,1
1069453858,1
730256507,1
1075328320,1
1074231550,1
169653065,1
860213916,1
1078191134,1
968483004,1
1012007690,1
1014893004,1
1045866978,1
1047194755,1
399864687,1
1071684121,1
548403663,1
872605367,1
245416150,1
382272788,1
1078841319,1
1059164720,1
1053658348,1
1066062381,1
1075651961,1
1068847608,1
963774977,1
916799127,1
575965597,1
595141954,1
659040724,1
163725425,1
959099286,1
244227524,1
163783969,1
175900428,1
1066527139,1
1030880769,1
1030215701,1
1027173160,1
878801853,1
553825577,1
216123417,1
429827250,1
865752464,1
860891766,1
954212874,1
865454137,1
1049165509,1
977208117,1
753581242,1
835933609,1
986722230,1
1032159811,1
1030881769,1
978851153,1
1034530718,1
1025333828,1
993031486,1
87808796,1
87879255,1
195131316,1
118164566,1
1023746097,1
989703413,1
1021811094,1
1030435717,1
1073165032,1
961232865,1
1881055,1
690640219,1
970021066,1
992465475,1
1033125312,1
672213088,1
696791834,1
109696943,1
1246559,1
888773810,1
975357473,1
1004900077,1
384224325,1
939129390,1
791648684,1
1055605600,1
873560237,1
1018436205,1
206954111,1
796734043,1
1053981083,1
989961824,1
934548697,1
979343538,1
889724276,1
1013537880,1
147106035,1
274154308,1
867512092,1
988829589,1
967600598,1
961585761,1
1010516734,1
977053105,1
1033461227,1
148970350,1
872169688,1
213627060,1
214544086,1
1017637368,1
958665786,1
934541714,1
890707658,1
639378912,1
230628554,1
124709172,1
1062595222,1
1057088610,1
1071161047,1
1062914374,1
957132335,1
1067882315,1
979809453,1
1001617474,1
983054586,1
1080753185,1
1056349752,1
1055814466,1
839606160,1
902035606,1
1078062298,1
1050750753,1
894680060,1
778067755,1
522139296,1
10884317,1
277786,1
197144281,1
639789131,1
56553720,1
2782024,1
100247142,1
315067974,1
998731346,1
728893688,1
237763695,1
1018102670,1
929915973,1
1045276803,1
945554102,1
348672053,1
428164703,1
960467979,1
878972234,1
176164188,1
702924768,1
760649021,1
662684786,1
652639732,1
662641687,1
913173169,1
1051661121,1
752833112,1
817813428,1
1030963655,1
858458791,1
888844408,1
849216943,1
1019896667,1
1037755438,1
1033770544,1
884073705,1
873219362,1
927044571,1
918882828,1
712482421,1
702621911,1
970544976,1
702391227,1
991916513,1
992990304,1
971272627,1
788461110,1
1010825055,1
991168884,1
712922627,1
405546779,1
1031798683,1
1039226753,1
907556799,1
767826042,1
698131589,1
653266819,1
771798812,1
669816648,1
667980283,1
666584781,1
703126924,1
1048177948,1
1013703019,1
1007876942,1
746538626,1
662691447,1
1080493648,1
1053456464,1
554273537,1
703393246,1
293007310,1
19593636,1
412653260,1
958060535,1
3028826,1
1034040792,1
1058714292,1
425063869,1
124813258,1
1080749284,1
1018014065,1
833836631,1
413735343,1
1051804096,1
1039246443,1
485406774,1
1048670575,1
1035397144,1
1069058330,1
756917291,1
1003607036,1
1038157894,1
1046139285,1
1046422485,1
1049250445,1
1052039396,1
1057280696,1
1060258683,1
1070821343,1
1072241666,1
1080397794,1
973838612,1
988977734,1
867344910,1
865319763,1
147649973,1
187486734,1
605152743,1
1042242497,1
1046062835,1
1048183478,1
993248307,1
1013840093,1
694319193,1
951355905,1
423381454,1
516450718,1
669015766,1
183372770,1
19519480,1
488315821,1
1192346,1
220885715,1
315862946,1
382706757,1
945662618,1
992827869,1
347792551,1
998061025,1
837944942,1
844609813,1
997611208,1
999539275,1
1048372151,1
997410351,1
1007374003,1
941225149,1
1036526392,1
715799159,1
1025916073,1
562189847,1
1056881009,1
1079690288,1
734463649,1
561669616,1
327830822,1
1062542148,1
1080670772,1
1083329295,1
929689715,1
937912179,1
968648754,1
938241855,1
984128842,1
1066568769,1
670037873,1
647582551,1
728872403,1
714297028,1
638233467,1
1051612163,1
1051785983,1
1027028884,1
850225417,1
1067564333,1
803411805,1
1051154466,1
1038016525,1
1042548761,1
1043637726,1
1044445641,1
1045661918,1
1039216150,1
1046744807,1
1063576321,1
1067464578,1
1074459112,1
766436804,1
727951404,1
1065950025,1
452873473,1
781660349,1
1039681267,1
673995672,1
993207990,1
481858347,1
1010860652,1
925452359,1
1013998425,1
944978274,1
945503673,1
1018101587,1
540851307,1
996696254,1
670643162,1
1018250245,1
961023675,1
1014027755,1
78861474,1
120810413,1
1068648611,1
1061464736,1
635142834,1
1046554143,1
669438474,1
1071669790,1
879829444,1
991964258,1
122614437,1
980441842,1
973523559,1
1061959283,1
1071540209,1
1040451050,1
996673606,1
1009852148,1
1024211466,1
1035077547,1
975607048,1
554501396,1
654049368,1
672767211,1
627758293,1
655000031,1
1039286304,1
1026172207,1
1072057464,1
1027401718,1
1070899813,1
1070898810,1
1071311998,1
739838025,1
455885141,1
912157016,1
1072961118,1
829300357,1
962263654,1
1040249401,1
492529759,1
715220,1
979836626,1
996349727,1
12772683,1
999609470,1
1059898703,1
937847608,1
967925575,1
58823484,1
1027282811,1
917285057,1
881667041,1
574854350,1
870932970,1
839363598,1
1048711175,1
890493132,1
919370527,1
945117667,1
2620031,1
562196903,1
711370094,1
538235973,1
989607636,1
981858357,1
716752946,1
1019779754,1
694246873,1
799688530,1
911811040,1
1079127460,1
1048078115,1
898918015,1
1056857362,1
649803282,1
1043420022,1
1054347527,1
964004155,1
1044958371,1
1041491736,1
1056667095,1
1031058675,1
984254392,1
781272524,1
114699219,1
994284334,1
886710177,1
711656203,1
934042913,1
878885927,1
103239128,1
323860720,1
565721915,1
111915687,1
950530874,1
452529449,1
465732568,1
988684945,1
630479086,1
888461333,1
889492508,1
889662200,1
889669583,1
890090515,1
890129502,1
890534089,1
890985690,1
891957941,1
894449703,1
895161458,1
895733942,1
896927783,1
897686072,1
899169022,1
900924242,1
902047089,1
556840289,1
960190017,1
841245764,1
932794321,1
870726286,1
987643013,1
1073663477,1
721241079,1
802760104,1
1067484997,1
476257484,1
111942252,1
493860611,1
996470415,1
828216961,1
926798027,1
876629688,1
975904237,1
575606872,1
721560949,1
930386207,1
1042113147,1
1042135498,1
829625817,1
1047935886,1
810801399,1
1061692640,1
821983450,1
1080377455,1
1080384590,1
172802916,1
324595738,1
91544038,1
960882220,1
357354839,1
764339037,1
782671191,1
446722790,1
768242646,1
636504809,1
457424759,1
436206139,1
995869658,1
394959203,1
1039088243,1
623479285,1
623479768,1
731673821,1
862156089,1
1078677742,1
26593290,1
1073940001,1
849671752,1
874251711,1
875747322,1
875777329,1
868933463,1
870476378,1
876338852,1
875817323,1
878412395,1
878524295,1
876713723,1
879314387,1
878049737,1
1054361808,1
1068502724,1
1073443484,1
1029684461,1
989583782,1
796022193,1
766133795,1
122698672,1
954014610,1
2420378,1
964238572,1
1050354597,1
1080408839,1
1062981988,1
900987594,1
172641759,1
505714315,1
483307403,1
506955099,1
946122691,1
718096127,1
935321249,1
955471514,1
945263744,1
987118366,1
835786404,1
996296633,1
991792882,1
379694281,1
953556192,1
229742405,1
969960530,1
996719116,1
1030640772,1
919339339,1
1059095202,1
991781396,1
874382145,1
413464993,1
2529150,1
1002243912,1
470381188,1
845027526,1
18482376,1
761712296,1
1071337217,1
1072425176,1
1079831341,1
398189506,1
382597057,1
446871371,1
206931909,1
939428088,1
968222849,1
779473077,1
1005005025,1
952453147,1
784947620,1
1014148448,1
845750336,1
928260688,1
706818043,1
1013860210,1
1059159919,1
603399815,1
761659571,1
943320737,1
706743650,1
636027630,1
648717725,1
581780756,1
544171743,1
636595408,1
795102472,1
633601162,1
824757369,1
779146150,1
217660921,1
392119742,1
163494831,1
1019372795,1
1021747029,1
1068113136,1
280093320,1
1003479579,1
1069711863,1
1080589828,1
950045768,1
620443123,1
960814951,1
915455799,1
1061999767,1
284586398,1
1076906977,1
725621746,1
752620857,1
728473970,1
629295037,1
943851545,1
797223373,1
116204175,1
553946562,1
984137949,1
493221253,1
955471474,1
971496309,1
984141946,1
986090546,1
986896527,1
972616669,1
968422803,1
868526748,1
275747732,1
830163484,1
764439160,1
749814005,1
894773360,1
996495348,1
1009809655,1
1005029041,1
1009600594,1
718239757,1
444863306,1
1080421168,1
467850680,1
1074226950,1
965148220,1
981261739,1
983746225,1
990213564,1
995422170,1
538473581,1
1011454731,1
1030792145,1
1040509404,1
572788254,1
728746019,1
341026001,1
105524290,1
688898936,1
1064650453,1
608013403,1
1077044364,1
903210301,1
458042331,1
1007833346,1
992271038,1
906984553,1
104295589,1
582315531,1
1013972839,1
54406116,1
1027318537,1
1004988065,1
1053282097,1
1025617587,1
915587303,1
1010437438,1
1009382564,1
1015662306,1
987589326,1
1032049578,1
984167951,1
373545513,1
410274369,1
183861053,1
743081981,1
1048238821,1
318447129,1
518782437,1
975816577,1
383979935,1
577534083,1
90675166,1
467188828,1
1005045361,1
433974858,1
1010958075,1
1018616277,1
627732990,1
954802271,1
952553307,1
486007749,1
486011792,1
486014685,1
486017316,1
486018531,1
963104572,1
492123281,1
499181763,1
499193919,1
1046254623,1
744279010,1
1071663613,1
739639731,1
333379681,1
565533989,1
836710598,1
439312495,1
12646809,1
697273901,1
932907874,1
923175601,1
1068598136,1
1073402366,1
969799138,1
1081966640,1
1053985883,1
1052568839,1
1056500682,1
29503050,1
1033180687,1
1062521189,1
414459098,1
508062555,1
756678130,1
1069882918,1
513456816,1
953836396,1
272277764,1
402933955,1
1077617554,1
737292665,1
1037754696,1
687445839,1
238206354,1
1044995762,1
1039001321,1
1047865775,1
25387054,1
1060300747,1
1058167353,1
1058926543,1
486227108,1
716926888,1
745966140,1
760122042,1
871497771,1
866647210,1
869431891,1
620497880,1
1009001335,1
1009153591,1
1013200599,1
833691610,1
625476658,1
276270952,1
638086969,1
988659091,1
931132506,1
1006423697,1
1010833255,1
1008341725,1
1009464762,1
1010941461,1
1012082995,1
923365121,1
922226796,1
945650550,1
951650815,1
944365087,1
973306928,1
996419982,1
878471639,1
1011820157,1
1048130030,1
863759968,1
181708879,1
422283116,1
411658073,1
187899150,1
639190215,1
425174639,1
914060471,1
648647142,1
800964562,1
934186922,1
966276717,1
633710967,1
663820034,1
230537583,1
245113928,1
895580511,1
1009923758,1
958748812,1
853477940,1
988634519,1
1881289,1
161523982,1
898084041,1
1052878716,1
620525466,1
869272340,1
647686575,1
974930959,1
1012401338,1
349656420,1
778489053,1
944407459,1
1031418640,1
1062078198,1
1053834591,1
1074053861,1
1075448109,1
1061992600,1
1059997192,1
1077390976,1
1074378489,1
576216995,1
1039648490,1
532244238,1
701175197,1
701313384,1
701355497,1
1058889389,1
777634178,1
1075450141,1
1074399894,1
1078046686,1
954780977,1
1077968628,1
987734040,1
218052172,1
1017377524,1
1050021074,1
954054632,1
1054469525,1
800974240,1
944614799,1
911711533,1
593107188,1
829212148,1
1043366970,1
560455156,1
624741268,1
835596940,1
723014454,1
71279266,1
943724275,1
557472117,1
1047886874,1
1051099927,1
947349000,1
408742143,1
945417613,1
1000913361,1
806016599,1
807645804,1
722394035,1
951141536,1
440233763,1
305299418,1
1082852398,1
423326744,1
904765532,1
1052295622,1
1040503666,1
409527406,1
1034445666,1
1056247121,1
872904304,1
1056613562,1
1051624060,1
1059530859,1
1064692535,1
993638198,1
1001321303,1
975699870,1
1000626064,1
1009642422,1
989665676,1
996353716,1
1028797523,1
624028847,1
554871791,1
576839862,1
1045075459,1
1056883063,1
1042737150,1
931952865,1
822914616,1
953858646,1
434087139,1
995332684,1
945208152,1
1015514990,1
1021729915,1
1031467823,1
317217597,1
354705670,1
913053434,1
1051641827,1
1049854178,1
23805162,1
579783707,1
604827866,1
337699066,1
490441503,1
1038571582,1
1048215113,1
1043203207,1
1017472657,1
832710830,1
1054913157,1
1058829180,1
2004059,1
2517416,1
671727900,1
473903418,1
41852966,1
919740734,1
845581979,1
771327872,1
588878138,1
1052528557,1
1014045627,1
1064286129,1
957554769,1
575164103,1
1074402087,1
1050254179,1
345051272,1
817542,1
953493538,1
1064720327,1
1076127216,1
648453355,1
857906662,1
788371995,1
545992230,1
1079411175,1
1078752764,1
975266082,1
141543238,1
725970781,1
151089750,1
983007384,1
1077128103,1
25902038,1
1077159408,1
1043219908,1
1050559802,1
872873066,1
1059804135,1
1064137227,1
1013958316,1
982363994,1
970703977,1
1015179351,1
1049128640,1
1073403245,1
1078046908,1
975977147,1
1081805901,1
407518596,1
1025583164,1
262848454,1
1000012091,1
1009880133,1
1012298527,1
779797971,1
910474481,1
1047134371,1
724480688,1
539067885,1
965087529,1
805485436,1
946148850,1
187091317,1
1078316692,1
1081397450,1
1073561639,1
1034331833,1
1033963557,1
540981638,1
883399712,1
905172385,1
930226261,1
934301390,1
615628267,1
984542970,1
980192825,1
1069869952,1
1048591194,1
1048876097,1
1043929174,1
1059193624,1
1052767342,1
1062508722,1
1061888339,1
1048351572,1
1062137470,1
1034167051,1
1034279158,1
907209316,1
1034228301,1
986722723,1
996772621,1
1051220442,1
1059541214,1
960605063,1
943133635,1
565180944,1
990528339,1
1027194003,1
502516450,1
1018574743,1
965758966,1
117049696,1
605485608,1
1032003710,1
1033307159,1
1024780107,1
1033575274,1
1033966286,1
1077347210,1
1073656965,1
925410368,1
10005522,1
774502210,1
935662821,1
485718024,1
487318706,1
694544934,1
794568479,1
673929337,1
517545546,1
854111186,1
729792038,1
640089116,1
965233306,1
989497760,1
484332897,1
871476662,1
946452565,1
945223583,1
1038069830,1
1021877301,1
292620774,1
681249986,1
882992969,1
153755327,1
979467140,1
979550065,1
979826188,1
981649882,1
983943072,1
984225813,1
787116328,1
956587136,1
418487405,1
1011712087,1
801197,1
1024815065,1
1011274719,1
1074516400,1
1064307154,1
1071332090,1
1067925926,1
965248072,1
417605491,1
1070543810,1
1069288126,1
718199372,1
1059043178,1
1060323896,1
1056889419,1
1057685610,1
1059713452,1
1058511785,1
1061236925,1
1056177630,1
1062408274,1
1063652098,1
1064835501,1
1039470099,1
1065421491,1
1068104872,1
1066703615,1
1069888269,1
1071249066,1
1072036469,1
973165548,1
956172496,1
845093079,1
1056957242,1
1074067668,1
750043615,1
1069292969,1
1070556945,1
1069298162,1
1081037146,1
956803612,1
1078108399,1
980738485,1
979716725,1
1077282239,1
1080494575,1
1080578631,1
1080851357,1
861203506,1
944844825,1
1056660675,1
1074859901,1
1076344061,1
1081742447,1
788290293,1
1050899284,1
1069669647,1
115449478,1
1073890737,1
1037928407,1
968879404,1
1035308006,1
1041017380,1
943620796,1
1048436944,1
561717841,1
1004436157,1
1068155218,1
1076160087,1
467773,1
1076428687,1
557729920,1
775863653,1
557552680,1
1050528569,1
279303952,1
1045374202,1
1064559623,1
967489598,1
1046566787,1
1077292250,1
1044807879,1
1000242175,1
821782648,1
629841492,1
387161707,1
888749539,1
225197640,1
899984714,1
926874424,1
1051536812,1
1080293320,1
1013854513,1
974558445,1
1020845655,1
370336918,1
446745717,1
1039309236,1
915851502,1
719544787,1
1022969012,1
1018040748,1
1016168752,1
556509736,1
1066553747,1
1053248127,1
1049037072,1
1010962360,1
908926550,1
1009961175,1
1074679859,1
1061831612,1
1060975375,1
1064674362,1
602166614,1
906833562,1
1044881376,1
1052295090,1
650506746,1
879803442,1
726105542,1
915383502,1
892711800,1
721886692,1
1080363664,1
764266906,1
40435,1
1073250825,1
1045574022,1
1056359660,1
960186612,1
1002700245,1
1061972286,1
1059033472,1
930331193,1
1000009679,1
871451270,1
1060288114,1
1019440043,1
990887396,1
920375395,1
854099259,1
1033467055,1
1048620209,1
717778593,1
1050481849,1
1046893805,1
122887581,1
609825012,1
1082894488,1
1072594525,1
367282932,1
1030908967,1
1039687049,1
795342395,1
1071218386,1
1046816727,1
1047966886,1
416214388,1
562948936,1
1012888054,1
857472698,1
1082559785,1
289117493,1
1963896,1
2081706,1
989293881,1
1003294038,1
871334400,1
744549639,1
490979987,1
1011104021,1
1042882934,1
1034795952,1
1042632399,1
1035017424,1
1044653537,1
1030696157,1
1048014653,1
1049362516,1
1050772590,1
1052132347,1
1057594245,1
1039676225,1
987536585,1
963074356,1
961806429,1
990408050,1
477750982,1
1009918442,1
1064707642,1
1074542400,1
1056890283,1
1020941540,1
1009751066,1
742344106,1
780419002,1
937804144,1
923599703,1
921167874,1
984508948,1
920676236,1
964889014,1
1022944293,1
693701050,1
1064743371,1
770044323,1
134860400,1
854334945,1
723681267,1
929054498,1
1055913106,1
1064098007,1
1064611080,1
1015447786,1
1027144313,1
1050938123,1
1054507508,1
923530654,1
923702333,1
830569154,1
924215932,1
933977188,1
993301155,1
720386389,1
456811044,1
97873710,1
736723892,1
967425227,1
993217716,1
992631326,1
1011921231,1
182799258,1
115147824,1
404732504,1
875982790,1
929367835,1
929377705,1
928934109,1
927595103,1
927523433,1
989735468,1
1012574593,1
1062491230,1
993350603,1
988773254,1
995355297,1
997350835,1
937702913,1
998036810,1
998161683,1
997400809,1
998543512,1
996723362,1
907314711,1
1079230065,1
1080808775,1
788341537,1
820599821,1
253459566,1
1069718594,1
1081391296,1
588453075,1
956489233,1
430348781,1
996532598,1
972976745,1
985699352,1
975067557,1
16586232,1
292297781,1
284516654,1
319986005,1
552097771,1
946186759,1
825578211,1
792746019,1
783896178,1
1000607085,1
986252370,1
501391710,1
553165735,1
835261138,1
981784987,1
685094209,1
930395337,1
942357051,1
637043751,1
1049206348,1
519998926,1
1058033108,1
1053872294,1
1059031303,1
1072208725,1
467756906,1
16119234,1
565975339,1
108596528,1
548746485,1
89271422,1
114270844,1
563094904,1
55575790,1
584146861,1
1028698794,1
385118559,1
1030393553,1
992130635,1
866546638,1
609677488,1
515119627,1
1054411783,1
1033100671,1
1061828749,1
973473708,1
1079745220,1
982134581,1
980072097,1
974315255,1
983016391,1
996762091,1
1011546245,1
1013708525,1
945593931,1
738743240,1
908263266,1
1022557137,1
1022716036,1
1023092602,1
1007850163,1
1023526221,1
1022619030,1
971237737,1
967858873,1
951912119,1
957013942,1
1010263186,1
904641186,1
913716226,1
992674304,1
123377036,1
1003925532,1
682742315,1
791856205,1
1043518458,1
646071527,1
462715154,1
282308036,1
957356434,1
979787064,1
1000938438,1
656194748,1
397585793,1
1048717130,1
410841100,1
878221978,1
1064690271,1
838051965,1
71321366,1
877903558,1
983943612,1
981925277,1
992235388,1
964182338,1
1009493188,1
1005426339,1
978305213,1
1053319137,1
955554896,1
977615911,1
1059184456,1
1067687886,1
1064539159,1
975255388,1
1080925001,1
1050699230,1
1049693034,1
1048559078,1
780795473,1
992568770,1
934508611,1
972424930,1
991477643,1
1005194004,1
811410845,1
1028530691,1
571372501,1
538505274,1
473968955,1
477896093,1
651869471,1
657653461,1
419550783,1
821045604,1
905479994,1
1030852085,1
1072178379,1
1070068566,1
1062282868,1
1063847320,1
926786089,1
968742572,1
985941344,1
1047418131,1
436037216,1
939904705,1
1033588381,1
469202665,1
1068186274,1
919210186,1
975823181,1
961814055,1
420398792,1
1064576681,1
209009276,1
1010063342,1
585849436,1
1045794574,1
975242094,1
1036157781,1
891273902,1
918332852,1
1042742417,1
1043879420,1
704291075,1
220560173,1
725783430,1
802804734,1
127073180,1
557951282,1
981491742,1
991162390,1
984059302,1
996744391,1
1021027230,1
1024557947,1
1058910452,1
1002422440,1
1076144374,1
826777365,1
1056389033,1
1031559442,1
1080940133,1
1080899491,1
1047991238,1
1059308664,1
1064718535,1
1050414554,1
1070569079,1
849550873,1
987247804,1
990127730,1
964700384,1
981800898,1
660451255,1
1062580288,1
1052320583,1
1069360745,1
948941645,1
547757289,1
829667488,1
500000,1
1007454198,1
1053063089,1
647989156,1
843222456,1
967002312,1
727119026,1
384680961,1
130107390,1
1063582281,1
1070908217,1
979090618,1
1075607466,1
1075563998,1
1072424940,1
678960880,1
660568321,1
94220152,1
437526525,1
996201105,1
998749403,1
1000511439,1
1004014664,1
1050764844,1
1055035590,1
1059113418,1
1076580304,1
1074459889,1
1079619184,1
1043490541,1
1046153882,1
1058157334,1
1065064543,1
1068069669,1
1073163729,1
649672400,1
916887576,1
564567033,1
787515510,1
971626628,1
1043381843,1
929441999,1
1042903940,1
863531855,1
787929160,1
1071320446,1
911623776,1
1058941129,1
788267980,1
452288054,1
303580684,1
319154808,1
401023860,1
546257273,1
964253996,1
1027318398,1
1047174809,1
486497946,1
988617461,1
1075542885,1
1073002951,1
972852477,1
966145048,1
964892705,1
973573798,1
973402953,1
966228826,1
966780091,1
882486292,1
972756820,1
972092645,1
974220544,1
993614174,1
604814983,1
934721152,1
969941937,1
563469401,1
1045115471,1
1079823691,1
1051920229,1
695938326,1
976302848,1
962843395,1
1012284194,1
964338765,1
1058539663,1
328879689,1
528318732,1
334132253,1
919281650,1
330026925,1
1021781914,1
24082246,1
808718101,1
701644655,1
534710921,1
1045850491,1
1063914432,1
1052339658,1
1054488233,1
965403179,1
967711270,1
965038810,1
964249729,1
923120555,1
1010378560,1
1080494568,1
1067918009,1
583430464,1
1062441709,1
1055032482,1
673601895,1
661035727,1
870770219,1
871510,1
1054509470,1
871087313,1
1073442328,1
1076325002,1
78168660,1
1077991481,1
1012765725,1
1078529391,1
946689532,1
1080592420,1
1055021904,1
964756273,1
922856864,1
1060900109,1
716156422,1
1010487146,1
1054074812,1
1054368755,1
1043387224,1
1061878226,1
720450879,1
1059237113,1
1066158126,1
1081884465,1
520975361,1
1045602088,1
1045671824,1
1043466476,1
1008023762,1
356368833,1
1063579361,1
803237314,1
470924657,1
1051533730,1
1059615435,1
1009248326,1
1068208914,1
1040706926,1
1026626265,1
546886309,1
67687406,1
935072144,1
616447376,1
934338372,1
303748352,1
1041532945,1
1047006110,1
1047003812,1
1050125575,1
990249897,1
1050124476,1
1071295445,1
1023983098,1
1012122694,1
712743383,1
968219057,1
799829169,1
955354695,1
996255708,1
1064484828,1
735510168,1
1067170871,1
1021714492,1
1050151172,1
1032662825,1
759552000,1
922265575,1
928178832,1
932098730,1
944825126,1
952353674,1
810072753,1
1054356560,1
487767182,1
986097767,1
926516998,1
796611502,1
872843593,1
337710801,1
915588669,1
1066502929,1
646333501,1
2008479,1
896512624,1
998881789,1
1077928681,1
1069175393,1
1074288503,1
1075049169,1
1067702085,1
1076944495,1
1077310003,1
1044402556,1
606594056,1
797247269,1
541628788,1
613226866,1
755152393,1
815810845,1
846413614,1
280617846,1
625291635,1
677533072,1
21588548,1
289404946,1
709670280,1
827686946,1
1043127751,1
1056060897,1
1045616175,1
960617852,1
651270110,1
658003417,1
857841247,1
1042983078,1
848209292,1
979851881,1
985062769,1
906416687,1
987418433,1
998678718,1
999589219,1
975235236,1
993210985,1
1012895724,1
1013251051,1
1024165392,1
974416486,1
565049966,1
1016453354,1
1016984239,1
1078135006,1
1079300409,1
1077099990,1
951350098,1
992275006,1
148331083,1
447463658,1
355951198,1
572356596,1
376098517,1
996240359,1
996153419,1
967056090,1
14493908,1
979429667,1
1018205974,1
1071236116,1
1060830864,1
493378176,1
542333239,1
1078134456,1
1073476299,1
143681771,1
1013671121,1
1056684191,1
1076978995,1
1050411422,1
1067463956,1
91327985,1
412737809,1
305227069,1
1038617078,1
964784214,1
961886473,1
1048210348,1
2711176,1
401111433,1
115412976,1
957886905,1
813656801,1
868852924,1
853485100,1
219125028,1
11015433,1
735224723,1
1016510414,1
774440938,1
1758457,1
21590791,1
421703557,1
213607886,1
548445359,1
1000611296,1
1032836092,1
782566863,1
885220705,1
975707351,1
918379405,1
933441410,1
1009917475,1
999963024,1
1009421915,1
1013578124,1
754321672,1
1013582331,1
1009608433,1
736819777,1
721288165,1
1036444451,1
1051550183,1
991225086,1
905641108,1
806887978,1
1073651915,1
88825508,1
687191425,1
673764396,1
728674600,1
729480132,1
561698302,1
323330090,1
725216557,1
676751864,1
666924135,1
329012072,1
317840968,1
715520129,1
709335863,1
758781230,1
728506809,1
935265264,1
933216791,1
1030916316,1
905004424,1
972441648,1
1070822533,1
969548714,1
781757030,1
1076712390,1
1068046368,1
718938219,1
298614455,1
750039713,1
903928555,1
1033665013,1
403259867,1
579678730,1
716411827,1
899023077,1
1079297694,1
876552232,1
823339303,1
1050494609,1
1046647797,1
805664329,1
1077317149,1
1075057570,1
570010349,1
661573699,1
206004890,1
669743988,1
672306892,1
784747196,1
786611288,1
787692973,1
788500753,1
787723063,1
787743798,1
787762761,1
1067850141,1
1064842736,1
1054260223,1
1071256907,1
1076687140,1
1074793453,1
1068074418,1
1056417129,1
1064507632,1
760941878,1
421329677,1
996635221,1
1000655317,1
988219506,1
1002348188,1
937560797,1
980483765,1
938526048,1
724643898,1
216554614,1
1011533338,1
1009517562,1
1018471905,1
1018456023,1
1023762294,1
1038297477,1
1053941372,1
1059765830,1
1049384355,1
726779088,1
1000940613,1
222536271,1
802774828,1
985014178,1
761870096,1
820471573,1
829206426,1
762485693,1
768027761,1
803674237,1
880395417,1
123604542,1
1066051360,1
841608300,1
789657370,1
765676919,1
789077553,1
1058534248,1
882212402,1
1018082971,1
132127788,1
48340218,1
1000274116,1
991084105,1
946471171,1
422402595,1
996508763,1
886289002,1
1052885929,1
967000297,1
1024814932,1
603651794,1
612555780,1
15906446,1
964410879,1
926568060,1
1006091421,1
782714702,1
1014489798,1
1023644492,1
960603362,1
961186835,1
905861710,1
1054631221,1
1054625999,1
916833869,1
1062110298,1
1026756710,1
964769277,1
745906503,1
1026979211,1
914192363,1
981576817,1
380533247,1
1017341336,1
964286886,1
971226283,1
929844320,1
960924416,1
975207687,1
993890957,1
1012894177,1
1032177961,1
1050122698,1
1037732112,1
1040547941,1
940191230,1
1053819710,1
992021846,1
1076837795,1
1072279124,1
1076695148,1
950349703,1
973596988,1
961179465,1
1022522858,1
1008699139,1
1047745294,1
1054384107,1
874080639,1
928193188,1
947014893,1
989428603,1
800196157,1
1024141424,1
730431778,1
766602795,1
1052887350,1
1080688218,1
926827029,1
923113817,1
975170587,1
942009552,1
1014587843,1
982693163,1
1055067065,1
500439813,1
1063024962,1
1068408680,1
1071351867,1
858959555,1
23900960,1
326028601,1
813892289,1
837692141,1
862994962,1
866091102,1
1212524,1
867053614,1
832617938,1
867818946,1
1010193658,1
715382176,1
980160488,1
971820469,1
996849717,1
769387444,1
1027468974,1
1081218293,1
210261230,1
494006564,1
1076516983,1
1077392658,1
24733203,1
1080879100,1
1080951418,1
1081878408,1
871218828,1
778410505,1
1071230748,1
1081287947,1
124958270,1
985795932,1
596820251,1
1038061584,1
1037047163,1
1046067180,1
718350558,1
1055897217,1
733341830,1
681196583,1
681191426,1
956156924,1
597185946,1
1066359577,1
1047552402,1
1002937024,1
870336031,1
501727508,1
921544941,1
709321652,1
941613562,1
31669130,1
712200723,1
996107514,1
759663811,1
930045928,1
878065368,1
941007841,1
979575346,1
904521545,1
569145051,1
905228419,1
978018922,1
1028778643,1
804028943,1
955486120,1
967908590,1
971560821,1
1056658582,1
1057753384,1
1004955764,1
1030657800,1
1061164646,1
1056463558,1
1076923890,1
1078145249,1
948579842,1
1004961934,1
1006912775,1
1023663122,1
1032115676,1
988980210,1
1153657,1
689715584,1
870327505,1
929734647,1
987712681,1
1042807561,1
955748648,1
1077343878,1
1079341676,1
1079746796,1
1055440355,1
782887104,1
803874768,1
867864924,1
799024181,1
781485266,1
720858873,1
901784821,1
846828190,1
16073391,1
369027493,1
850777983,1
961868823,1
947249668,1
960585519,1
1030739382,1
1056944473,1
1049663238,1
955876020,1
963118013,1
896711542,1
997094852,1
997761710,1
669189709,1
1005062779,1
1032991790,1
147899233,1
266250394,1
442628929,1
1002744450,1
1006308161,1
1004971270,1
1013744825,1
1012059222,1
888474567,1
701260902,1
16478740,1
991055798,1
1008299917,1
902481583,1
960582662,1
1009948445,1
921901557,1
1082353856,1
1082552306,1
1083347381,1
1040696599,1
1036538649,1
1037157945,1
1041994312,1
804098053,1
1049077055,1
466286379,1
203133383,1
701037406,1
829958932,1
875619313,1
534387471,1
596400160,1
935136433,1
938169230,1
940408526,1
650111663,1
1010839484,1
1022826831,1
497747380,1
914951419,1
885885321,1
1013594627,1
998981739,1
944310722,1
1013532175,1
11725605,1
723531825,1
658566856,1
944782305,1
800395573,1
1010626120,1
1030286293,1
1031621296,1
1037742500,1
1043076203,1
1035970054,1
1043846232,1
985628157,1
1066179108,1
407308635,1
1001815522,1
1059911014,1
969058399,1
70893402,1
899823833,1
1030714995,1
567350659,1
1041428950,1
536669649,1
1036409334,1
864078540,1
862868757,1
622266254,1
772372669,1
660948794,1
11806372,1
1034794252,1
1059347306,1
872945882,1
1062523237,1
874931015,1
997594531,1
402831315,1
779850764,1
979282788,1
454476220,1
1062660277,1
88035085,1
1009727599,1
819130154,1
546387134,1
1012626175,1
343737820,1
1013545285,1
721603873,1
1066544603,1
1014078607,1
725440655,1
589514877,1
1014009141,1
988499140,1
1002314069,1
1009937426,1
420848417,1
951031800,1
953596991,1
608827132,1
899778960,1
205922721,1
1076622937,1
947788408,1
938281434,1
833484124,1
179200448,1
947779656,1
947780404,1
984588290,1
984588338,1
988313681,1
651334241,1
992725272,1
992725243,1
26362827,1
968228030,1
947780716,1
947783939,1
761445256,1
491441906,1
1059371874,1
924111216,1
543533881,1
880400836,1
927496970,1
1074142373,1
959254222,1
975482813,1
992636724,1
734853423,1
443752661,1
501130096,1
387742251,1
388402954,1
1019168441,1
944151000,1
554825141,1
647706045,1
273686980,1
716603173,1
484901373,1
469720466,1
883330058,1
381470398,1
940763591,1
1063513773,1
1029439818,1
912338695,1
743264444,1
1018379122,1
1076124877,1
1074222295,1
389907045,1
14120780,1
378369889,1
545302688,1
197683540,1
595106938,1
1049703064,1
1046749175,1
1080650109,1
1081608463,1
952029143,1
872934363,1
805134083,1
1548329,1
767740869,1
1023744348,1
416225942,1
881406273,1
1082471176,1
1082544291,1
1082965841,1
991905586,1
1062248276,1
813665679,1
921573334,1
743759977,1
1021760891,1
868917724,1
166371857,1
1063551789,1
1077307454,1
960659303,1
960722435,1
974858755,1
796387138,1
971570017,1
981843897,1
992445882,1
189408070,1
216282861,1
2050893,1
650669726,1
1028475776,1
1031685094,1
1038155755,1
1041917448,1
1022946519,1
997319157,1
1047242365,1
1055067905,1
1075361358,1
830568078,1
792076019,1
857761398,1
1025986877,1
1029412944,1
1027946240,1
1031801920,1
1029903176,1
1035387501,1
1025609850,1
989618416,1
1018374290,1
964847947,1
945213390,1
1044106082,1
1031778928,1
987859975,1
1047363584,1
1047256122,1
915757026,1
1030761827,1
376816558,1
1057407684,1
1038550149,1
1080506102,1
1043528237,1
246229940,1
1005945097,1
324680157,1
1050730283,1
861567652,1
666065581,1
330046850,1
1015998881,1
769378901,1
1037933377,1
1047337112,1
1051213334,1
643015942,1
806262863,1
459470556,1
201957628,1
632473749,1
850855616,1
739926653,1
870679499,1
1014466695,1
582869830,1
863082229,1
27011031,1
116966421,1
703910825,1
122544856,1
945784226,1
1075344019,1
1077875655,1
467840336,1
191293253,1
997601093,1
991732276,1
1032875530,1
992180571,1
979726420,1
874423652,1
987647697,1
899858447,1
664810137,1
429571214,1
288774605,1
850280143,1
880429873,1
996218727,1
997216070,1
951814385,1
170383197,1
977100220,1
445404810,1
475886954,1
486918311,1
946529199,1
1028286842,1
846570417,1
1078814099,1
901134802,1
1004812614,1
1004939850,1
976782805,1
1009665639,1
1000557236,1
1024702373,1
1012272498,1
984563252,1
863572436,1
922128517,1
988238633,1
866763247,1
958112251,1
982444321,1
1028009674,1
994363596,1
1030322146,1
883336954,1
413881914,1
1075681441,1
26054022,1
721986434,1
728043413,1
570434448,1
813475169,1
897018039,1
982262517,1
842871551,1
1018639839,1
1022428786,1
1022208235,1
930135386,1
1054278542,1
972242709,1
413871939,1
989113755,1
995764263,1
995504563,1
994686467,1
796851441,1
819548280,1
405882964,1
934622099,1
1077238721,1
993874202,1
845843548,1
1001586799,1
778548036,1
723119630,1
1017970498,1
1025364527,1
498769192,1
1006019158,1
1000487705,1
1003130601,1
1021036725,1
1018596376,1
1022988414,1
1024447282,1
983800688,1
1073934512,1
670415843,1
1075928599,1
977053097,1
998082635,1
1049560699,1
926604035,1
416688872,1
996055176,1
1035757156,1
945462203,1
995779250,1
1027604062,1
943467694,1
461648706,1
1034128011,1
1043285204,1
1081014116,1
1036776311,1
1017291136,1
1076745279,1
883481969,1
946398253,1
2484077,1
693395763,1
563606317,1
995526557,1
613570810,1
1052864408,1
639292718,1
462941913,1
503111068,1
1011272259,1
866114955,1
1068163010,1
757380066,1
926976524,1
1032862079,1
1039285377,1
1030797302,1
1040797090,1
1040905186,1
1033471333,1
665219383,1
1074139724,1
1061701072,1
290334941,1
1052806094,1
1080356516,1
770225438,1
1045128965,1
984458100,1
1011322310,1
781395605,1
356675442,1
1023653390,1
890103376,1
1030900118,1
975507839,1
1024221623,1
767866741,1
1041068859,1
1042654321,1
1043067923,1
690079835,1
1048612716,1
946980752,1
1049927181,1
1042206241,1
1054071404,1
1060954283,1
1074728772,1
1051036072,1
926696777,1
902415670,1
109259962,1
725593087,1
431210704,1
377876573,1
619176435,1
12229493,1
983112133,1
979140943,1
988407789,1
988549082,1
995650210,1
918519830,1
1039356072,1
1043416478,1
1048881372,1
1037975363,1
1044898854,1
1052529721,1
1026100385,1
632609100,1
863223564,1
315984223,1
691482976,1
950072707,1
717031772,1
620494159,1
1027285203,1
1030737398,1
459592387,1
1050422409,1
1059148763,1
1061221258,1
1069468047,1
540405105,1
504868094,1
989051859,1
990671666,1
749480310,1
791548310,1
791563136,1
791604163,1
418160599,1
1044352654,1
1030567888,1
439875563,1
744027754,1
785624948,1
1005253530,1
1007867206,1
1076173507,1
619713669,1
419192005,1
533063536,1
387460771,1
236736606,1
336832434,1
992909369,1
1060286209,1
1014180520,1
141910506,1
888936404,1
84526816,1
1062392918,1
1051174658,1
954687327,1
1009611758,1
1008238593,1
795557269,1
785020132,1
762720817,1
384231320,1
19167383,1
1064039208,1
955267927,1
960829972,1
210329113,1
1054520613,1
737135963,1
1036965082,1
1070296025,1
1080720427,1
1082664231,1
1036541030,1
980723802,1
1052354373,1
1022535827,1
864525357,1
934172971,1
1048612428,1
979797343,1
1058706703,1
1050095147,1
897768088,1
1063548238,1
949448944,1
738716121,1
971488157,1
411021302,1
873998796,1
870731432,1
931823160,1
743190320,1
680061845,1
1030627324,1
325847719,1
181714937,1
1007012689,1
1054504193,1
1054374510,1
1014007785,1
1062513235,1
999459506,1
965391477,1
1030342283,1
1061873660,1
1034538903,1
1035262483,1
945177917,1
984300373,1
16253550,1
988726439,1
663761005,1
798456548,1
1033441470,1
940333609,1
1027076444,1
995013375,1
1018076449,1
1011392700,1
1030504079,1
455801752,1
795294219,1
1060083738,1
374041928,1
181648154,1
791827170,1
1076466637,1
1030561572,1
772538405,1
781308289,1
930142174,1
1041762798,1
115854028,1
640149430,1
874115964,1
956765238,1
116421566,1
556983567,1
548524783,1
395398566,1
998359052,1
1001024785,1
472794261,1
957347741,1
946500431,1
1044782679,1
775152778,1
781950100,1
1044715015,1
988782798,1
1044293862,1
1045748299,1
970134290,1
1051180368,1
993018161,1
1077164112,1
1018382828,1
1022639417,1
1026289428,1
1030721914,1
806418334,1
904811293,1
1052246113,1
968839586,1
952290359,1
979752571,1
496017354,1
556029069,1
788592378,1
404093213,1
1060183269,1
1064114838,1
1075077152,1
1081092583,1
1081098923,1
945125609,1
993079036,1
891446533,1
1056751394,1
974833551,1
973583586,1
989266608,1
871622350,1
943938233,1
946064161,1
1004969629,1
796680422,1
850970512,1
1038359742,1
1043454917,1
1030504865,1
2690068,1
527388857,1
460900963,1
1017980042,1
829953838,1
922533104,1
1045762392,1
964147961,1
1070310896,1
1027675731,1
979560191,1
671936881,1
952082709,1
689062183,1
956917343,1
788129656,1
995724773,1
1017832777,1
1001396909,1
983820152,1
916823706,1
1045347070,1
998546456,1
1021850848,1
1021953485,1
1022034397,1
1022635081,1
1022800525,1
1012769789,1
915754620,1
55844740,1
737481426,1
827621189,1
897562654,1
1023180741,1
153660611,1
884037979,1
407707531,1
960948959,1
23781703,1
712876988,1
996355707,1
1000616981,1
212869011,1
707409807,1
413612338,1
1571866,1
111898262,1
935892528,1
987687728,1
808315517,1
525529496,1
1049946725,1
723876412,1
944528856,1
384654897,1
942735639,1
873467009,1
1319228,1
795993039,1
834665814,1
967890492,1
957256797,1
141914902,1
975689888,1
1003526144,1
893612244,1
1001290747,1
897463522,1
900380778,1
1009644572,1
1000715394,1
1000830735,1
629314594,1
625850730,1
629340938,1
1011417184,1
59634302,1
1979041,1
961366759,1
526417752,1
943921506,1
971417087,1
524396744,1
1077396207,1
932062977,1
1064190339,1
999527469,1
721895919,1
994722085,1
1053827184,1
1004717342,1
1074312929,1
1049327791,1
501488179,1
741481222,1
547429549,1
813915015,1
270561235,1
220178654,1
1065776200,1
729069912,1
926241928,1
905195157,1
1076658205,1
967929169,1
623478993,1
833398931,1
1027084223,1
1054533228,1
771467051,1
475832391,1
137261686,1
138216714,1
1038093021,1
22913697,1
1050359237,1
962917073,1
983772826,1
985894435,1
783816526,1
986662713,1
779816774,1
382528430,1
447547221,1
651376044,1
806636293,1
883918829,1
1071859938,1
1071043610,1
826555302,1
828462526,1
966985089,1
1058686529,1
628628438,1
944636220,1
781062298,1
790635590,1
480320246,1
1058365375,1
1071251571,1
475415356,1
1040624711,1
893042208,1
690608135,1
877763778,1
518287805,1
658635438,1
951359367,1
919424187,1
994796646,1
1027709779,1
448046035,1
666205167,1
438826279,1
519183689,1
24093806,1
890962611,1
531761646,1
1051260412,1
452300939,1
452314800,1
879144290,1
987026722,1
947958701,1
938835616,1
600440484,1
980979599,1
1075740535,1
986004880,1
1073152302,1
630338074,1
1010939742,1
1067166972,1
730640894,1
652532452,1
600692943,1
602192721,1
604420034,1
590469348,1
859048793,1
1043349038,1
660709974,1
514340371,1
146735424,1
513973007,1
505314858,1
847794944,1
1048796923,1
1062341597,1
1066370734,1
1018402408,1
1004537535,1
1010674279,1
567147729,1
640865167,1
788256039,1
100973283,1
368597920,1
538982498,1
507234035,1
539610182,1
855258695,1
1049885287,1
455479211,1
1060719310,1
1014835015,1
710658522,1
1046987295,1
926756467,1
1055523618,1
944851032,1
964341171,1
1064754506,1
630850538,1
662935664,1
973954922,1
610753323,1
938651180,1
1059143781,1
922034592,1
996529202,1
1000676509,1
866518264,1
992124591,1
995522703,1
1002729378,1
1022846830,1
1038441306,1
564156076,1
1004915121,1
1001613017,1
1001653694,1
993556285,1
450415118,1
879172721,1
1059582921,1
1033523045,1
1050090908,1
590805965,1
1061023609,1
553579836,1
996539364,1
973758058,1
323940691,1
151912042,1
310875008,1
101505438,1
356366331,1
1080785094,1
384250832,1
84753514,1
300453173,1
964213187,1
268257007,1
648736787,1
18375,1
10867880,1
897617259,1
755975578,1
930642330,1
813112242,1
1004386082,1
691434922,1
882766237,1
1076755975,1
1012765502,1
791366253,1
844975336,1
916835988,1
941359075,1
947400452,1
956157812,1
967628816,1
970513987,1
1067565800,1
1022485602,1
1077093119,1
763206333,1
778734536,1
668192206,1
992205414,1
1050166450,1
1074193436,1
1052258605,1
1009898914,1
1056764306,1
1055274141,1
1063567390,1
453241431,1
240897279,1
1000618238,1
2723850,1
1046699274,1
839138883,1
886479825,1
868736916,1
1064738034,1
1070862829,1
1045404203,1
1048375258,1
1055491467,1
926965694,1
758138468,1
694248045,1
1080501706,1
1080976147,1
961765414,1
898927895,1
1062516916,1
666588298,1
1061606207,1
928995033,1
879216966,1
959137291,1
927955398,1
928467373,1
925952979,1
588847034,1
106776098,1
645993,1
699083833,1
1052562622,1
1058599414,1
1037862839,1
1059449241,1
1060055333,1
557161584,1
550097428,1
737929088,1
189220,1
854256039,1
172308346,1
1049380277,1
1070707756,1
1075644689,1
1069806680,1
1052469421,1
362416709,1
1002430776,1
1038939191,1
1053858243,1
952270399,1
1059282515,1
1062801181,1
1068938370,1
1072191654,1
793733720,1
733524528,1
871483594,1
1068040043,1
1079138031,1
1079854117,1
1080835998,1
1076807315,1
1070979279,1
159444166,1
450977183,1
789429809,1
126624182,1
931192989,1
946084801,1
945788636,1
980573821,1
940994357,1
1012496688,1
405622369,1
994203000,1
996090641,1
627503918,1
98842925,1
92896342,1
53321734,1
460160417,1
704680830,1
635894901,1
663014483,1
149782153,1
787752824,1
430152030,1
1071320468,1
1082783378,1
1083070126,1
996775575,1
964218327,1
113372204,1
896632089,1
994256746,1
930146459,1
1073178391,1
1042517924,1
48562906,1
1045328867,1
710861706,1
1052944551,1
1080118509,1
440669417,1
891304162,1
1079345461,1
725858134,1
1080286421,1
1082031087,1
1076671494,1
1080926958,1
1081300302,1
711989186,1
942614352,1
992140124,1
721290191,1
1051618751,1
1053265777,1
1062504824,1
992930807,1
783984843,1
1029263815,1
917509953,1
1051074244,1
730157976,1
1072392125,1
1053693853,1
1074384617,1
395695526,1
1080936138,1
1081384073,1
1081343581,1
1078712291,1
850939352,1
411355028,1
456223183,1
1070906478,1
1073576411,1
878574967,1
1070499096,1
1074583718,1
502159739,1
983450679,1
1013842254,1
392236776,1
1077128050,1
990998170,1
1012191137,1
1009375344,1
1001516245,1
1036801236,1
1044438639,1
947140051,1
1056132386,1
41027970,1
676516273,1
848315891,1
877974281,1
858740651,1
966767671,1
951226962,1
1080903577,1
1080033186,1
781740287,1
663565371,1
709388743,1
1067934177,1
1076779635,1
818846862,1
682664157,1
797237297,1
992588954,1
1030909523,1
12223240,1
18991013,1
11795430,1
997951124,1
728076673,1
723776888,1
1057826973,1
887436554,1
870135746,1
1000859007,1
763919510,1
483998693,1
429980184,1
201292945,1
439160064,1
1013714843,1
949145075,1
953835569,1
953280714,1
961557152,1
846972638,1
850330173,1
124816242,1
996789400,1
785036756,1
1005633137,1
630552021,1
919929447,1
988734105,1
851405714,1
800028859,1
856480478,1
716875159,1
431323850,1
791565617,1
1071357770,1
1073656436,1
1066505245,1
1045982365,1
1080769952,1
1037804216,1
1020097242,1
882536145,1
1037198286,1
1038708641,1
1014163941,1
109654816,1
711036611,1
768312078,1
703639220,1
1018407292,1
1057222776,1
1039060385,1
895160521,1
418817768,1
739794523,1
721050945,1
1041055287,1
1040448801,1
360045678,1
1043451685,1
1046769025,1
1048436146,1
1046974507,1
1056665596,1
1040252457,1
1051893737,1
451122148,1
880332430,1
911440238,1
964376610,1
874988406,1
234630455,1
1012962090,1
941262046,1
1057850398,1
557017330,1
1060944380,1
1072122381,1
931232326,1
930715668,1
943723773,1
980004427,1
1063516176,1
939164648,1
1057866794,1
1052876880,1
841166235,1
1071100234,1
888531676,1
1072705382,1
844232671,1
1009703201,1
1012201263,1
745904874,1
892054731,1
1069771765,1
1050275926,1
1064498878,1
742632892,1
416145937,1
813950121,1
143859541,1
350527030,1
1004429915,1
961840754,1
911922367,1
1046293479,1
1013513310,1
1056412618,1
1080880454,1
334314224,1
739533307,1
1063907927,1
1076535038,1
791394285,1
1014436452,1
1075541072,1
1067642601,1
1076078647,1
23533694,1
817066213,1
829689475,1
13647870,1
305599288,1
737033501,1
104067127,1
705716605,1
797511791,1
669379725,1
71959,1
736049751,1
954400517,1
893414764,1
829761105,1
857827063,1
795468439,1
651390091,1
904973934,1
951692397,1
647768231,1
916922335,1
658989934,1
629707055,1
991672789,1
1078648371,1
992098985,1
975377725,1
604109939,1
960630302,1
951059895,1
1080414475,1
1077393969,1
822037661,1
1080052196,1
1010097939,1
481495490,1
487889912,1
480164942,1
405787395,1
96057064,1
363805128,1
481013579,1
426889907,1
655401664,1
831737277,1
974470125,1
946107529,1
664395206,1
990423706,1
1078601881,1
1045943077,1
1043738335,1
797724793,1
1005857325,1
1005804453,1
609387424,1
997839514,1
1002302913,1
195408375,1
971666287,1
613105531,1
1059766288,1
461522282,1
918591873,1
998711460,1
658080271,1
999242231,1
974491056,1
1074723582,1
912820117,1
454374581,1
47862078,1
90751271,1
994128416,1
873714322,1
968566865,1
968699371,1
120673206,1
486321028,1
983817455,1
629421255,1
996553975,1
88755395,1
197736935,1
1075415476,1
1072097748,1
1068945829,1
1055486782,1
914877431,1
786958248,1
998891366,1
934401599,1
120815345,1
70530280,1
1051714534,1
1049481176,1
760686733,1
1005490265,1
923579073,1
975968665,1
923579382,1
964879255,1
983937129,1
965959688,1
956692119,1
911479727,1
937890189,1
977076048,1
992617330,1
894332289,1
1031362988,1
1030531112,1
1041937405,1
1042655270,1
1049674792,1
564843484,1
979929817,1
1065517496,1
914529343,1
1077772216,1
809852415,1
201106604,1
941378348,1
1006192229,1
1027646253,1
943968326,1
804438452,1
804853911,1
807518254,1
816963487,1
814541940,1
824273112,1
818204407,1
961056433,1
569310740,1
3220957,1
1043544287,1
1005356746,1
901119709,1
733338490,1
1043625028,1
580423344,1
718825962,1
2062783,1
721798541,1
1061870961,1
391787946,1
825308179,1
751003619,1
1043554821,1
1066491069,1
1015595542,1
1028833480,1
1034103503,1
1067932789,1
879625173,1
954562514,1
882168922,1
854581050,1
967478789,1
783916572,1
905313692,1
942218153,1
1052433209,1
857129311,1
654860565,1
561973653,1
897707357,1
886855987,1
953514374,1
988160606,1
993465226,1
1001234730,1
932635793,1
904205498,1
1072278655,1
778723927,1
878646740,1
889901079,1
802040679,1
957470379,1
1048836566,1
1020772605,1
784922777,1
720405512,1
611722663,1
364335722,1
514063445,1
713820369,1
1049890673,1
742267812,1
554941506,1
783192678,1
480500678,1
903749523,1
941545115,1
1025700931,1
940748389,1
989425195,1
997265943,1
991939356,1
1003606205,1
1011985812,1
991964205,1
1070300191,1
1062423589,1
1070796161,1
635805380,1
749690517,1
818377930,1
1000021459,1
879858409,1
937614560,1
1045512232,1
1025559628,1
1027005293,1
454871166,1
980150686,1
1030581445,1
1030617159,1
1034412067,1
733897986,1
1028435388,1
1040379698,1
1040629013,1
1042935930,1
1060001174,1
749950693,1
168306524,1
425528257,1
758502093,1
541818297,1
1038364513,1
828117895,1
1040141327,1
307233164,1
997718910,1
1041272758,1
1011120418,1
1051376626,1
904189761,1
912316069,1
184625181,1
632304712,1
920774437,1
328923401,1
758928504,1
768867656,1
782941183,1
728842374,1
901727444,1
208623275,1
887475335,1
1027709976,1
1043671578,1
386457203,1
302093643,1
874777694,1
1011512087,1
881943468,1
1076652718,1
869264071,1
544397610,1
952159757,1
829177828,1
937843491,1
884689227,1
645045213,1
121652582,1
1058675134,1
138948699,1
604668464,1
327514283,1
1010706547,1
1057250103,1
1075547266,1
877827293,1
61954912,1
952417222,1
747842791,1
1027149891,1
1022603832,1
1078727641,1
1080223430,1
1071093711,1
794287550,1
965424402,1
967299049,1
484168673,1
1058505206,1
839971688,1
913151126,1
996391863,1
783879293,1
941153587,1
809817478,1
705457278,1
732927747,1
1057918885,1
1005014075,1
871835643,1
991291033,1
1053173333,1
960014440,1
416776360,1
404064537,1
540547716,1
414444575,1
930422649,1
410367812,1
737512597,1
1048118063,1
736169974,1
1054475035,1
1030637375,1
542281721,1
668287497,1
1052066893,1
994618751,1
1073516433,1
540142613,1
167192957,1
383020582,1
110440079,1
171001902,1
560990835,1
161545823,1
1056845828,1
1045146092,1
1037950044,1
1026934167,1
1050453163,1
850525268,1
708871784,1
1073247218,1
800314416,1
818589058,1
239544497,1
1074807610,1
1080500684,1
650843021,1
1076328956,1
1050677631,1
1081330197,1
739915856,1
1004685669,1
1077365925,1
1075341607,1
817701758,1
629689409,1
1075399648,1
1046886669,1
1077585688,1
98117983,1
300124563,1
377943848,1
910206029,1
960038284,1
918776561,1
294620609,1
621227381,1
954565516,1
841697837,1
727657132,1
699068911,1
943752703,1
988315828,1
158110137,1
126935050,1
220501588,1
693675188,1
668875306,1
992114142,1
1059217670,1
924688701,1
1011765517,1
754708565,1
1013785774,1
1034180940,1
944891583,1
884209348,1
930252046,1
968016103,1
27186109,1
1028772508,1
551539705,1
167599080,1
557417398,1
930151683,1
857580254,1
952200629,1
1052218882,1
1056999725,1
1010816528,1
519900936,1
923419444,1
414660267,1
949940685,1
962576041,1
964589367,1
967642283,1
974153314,1
974944537,1
970830215,1
975394312,1
975617350,1
985442836,1
987790217,1
1023026736,1
1043852217,1
784650876,1
609502577,1
827121007,1
746214125,1
492065369,1
772550721,1
961558437,1
1035907489,1
1052546916,1
403586495,1
1077546273,1
1074172410,1
713024700,1
799323143,1
883967446,1
822175627,1
971844509,1
988674806,1
1067800332,1
1060948214,1
1018815148,1
934300895,1
792985081,1
985899253,1
940309595,1
710069415,1
993871842,1
988114847,1
877010356,1
1020653428,1
846679591,1
1079436971,1
1003273107,1
1046297832,1
821416299,1
825150213,1
87151005,1
921720079,1
916632240,1
935716896,1
14882185,1
1026771212,1
1050406122,1
1050413035,1
1061542720,1
522131880,1
559562017,1
123701136,1
896150228,1
860949572,1
860954985,1
600353066,1
1005047375,1
953907882,1
927591645,1
885844913,1
1066320596,1
1063396713,1
1053623862,1
971357978,1
944437754,1
950843856,1
808325800,1
960040801,1
947935005,1
1053152457,1
847406584,1
1016903106,1
700867283,1
1022510803,1
947690824,1
894173322,1
716351652,1
590772813,1
871132557,1
700893608,1
1044798731,1
1030785396,1
1075048208,1
1080237039,1
1082425939,1
807735964,1
1059516619,1
983868276,1
1041180356,1
965705581,1
1059594568,1
1049247590,1
1049325478,1
918988939,1
1053001655,1
1053318546,1
1055488155,1
1059995457,1
1061831901,1
1053318776,1
954222958,1
1052316795,1
1077326084,1
486647024,1
884194342,1
963974313,1
100406751,1
1051452041,1
439253522,1
373222770,1
713219694,1
919055912,1
686923395,1
236888879,1
1003836846,1
964102064,1
1023407269,1
1025612076,1
944823847,1
1049307000,1
1048296053,1
889045767,1
1059737864,1
1072848100,1
1072980043,1
501426327,1
528674328,1
312722722,1
935371797,1
856111547,1
883771251,1
724654578,1
939570077,1
735755126,1
721841897,1
1066513871,1
1067993919,1
1081158938,1
1075092248,1
676778105,1
1056631702,1
1053354885,1
1065612237,1
985029093,1
959399973,1
625571176,1
994396495,1
993133538,1
731107148,1
814213382,1
1029925466,1
531740955,1
1064873321,1
877659035,1
1048367035,1
969209294,1
962869111,1
904143180,1
965105751,1
967942649,1
1043397755,1
1049483813,1
396758533,1
172568408,1
1355657,1
522557780,1
237833512,1
1052952880,1
390376971,1
958937732,1
746620631,1
1026021093,1
163047474,1
1066183491,1
1015873132,1
1045332455,1
1012765060,1
572219468,1
623161823,1
895466314,1
1073624709,1
472371311,1
901483206,1
685986576,1
1031525545,1
873234591,1
758547007,1
1053061511,1
1057465917,1
1028060651,1
781651759,1
971396062,1
971611526,1
1056842909,1
1058313208,1
1053239078,1
760436892,1
860346759,1
862159429,1
913616171,1
1015658946,1
1030979521,1
1040169933,1
963626521,1
985968903,1
986198575,1
966579152,1
1041544077,1
993777637,1
1005205181,1
1055044446,1
1050867505,1
1059487514,1
1048959128,1
889340631,1
1062102590,1
1060193967,1
883361967,1
935740077,1
897941212,1
1031643425,1
455850537,1
468030506,1
313873435,1
941493042,1
106494308,1
1030960186,1
1067218590,1
961159736,1
163183020,1
953010036,1
624324641,1
1069067336,1
1064521021,1
1063762258,1
1031341246,1
1074974288,1
1029166812,1
1075372218,1
1074061209,1
1061194124,1
147246836,1
146061377,1
816863096,1
138927837,1
723115161,1
416735537,1
722767218,1
1045321836,1
1050994805,1
799197612,1
1043961262,1
743014856,1
1061281052,1
1071133495,1
581149330,1
1042343271,1
95098736,1
149694399,1
788552268,1
298580363,1
269266094,1
156349668,1
58964646,1
817615422,1
966949047,1
729107020,1
543998255,1
451715532,1
109673270,1
442532062,1
84312500,1
622961596,1
10063815,1
621303631,1
817455885,1
341459351,1
203247483,1
412984,1
365984905,1
977500023,1
782689312,1
899327874,1
925614778,1
1027666031,1
996780627,1
892152644,1
80897230,1
836792085,1
1056187803,1
20404370,1
1054647865,1
1059152753,1
1060199182,1
1061369030,1
873966510,1
956708781,1
522935741,1
882932010,1
1028998589,1
1052638371,1
1010931879,1
880615229,1
929454576,1
943264632,1
966277861,1
984001653,1
172634716,1
93634861,1
60447716,1
465691614,1
443863099,1
1075329147,1
883650798,1
1059041594,1
1056767352,1
1058919497,1
990246239,1
956551538,1
951636640,1
989762143,1
878487660,1
997810719,1
763427725,1
953686477,1
965777635,1
982025786,1
875100855,1
1017853861,1
1013490276,1
1018086666,1
1018962630,1
1022619676,1
1032944512,1
1045217626,1
1058741722,1
1057742343,1
913373737,1
1067653260,1
1080927374,1
1018277582,1
906470659,1
12759167,1
1018169483,1
192573351,1
212154134,1
12784617,1
853865172,1
737771856,1
1015142386,1
1064633893,1
1033789589,1
534537529,1
335881057,1
626428900,1
1002444540,1
1009340741,1
817780303,1
475934651,1
924874031,1
1031492246,1
439013527,1
775908494,1
965827727,1
942530825,1
409458680,1
783434174,1
408290833,1
1066708981,1
637726381,1
485566144,1
1032206721,1
1017213627,1
1018184884,1
53547846,1
947263152,1
951350469,1
967666515,1
807238792,1
193966229,1
775291966,1
167621736,1
917591305,1
815415797,1
1057793393,1
950241151,1
879232660,1
875665070,1
966328211,1
1042938196,1
1029142325,1
487735604,1
1021229807,1
418245628,1
1046966563,1
953391288,1
602761076,1
1045415762,1
1080269763,1
697946186,1
1080207150,1
934067012,1
870693793,1
1078494455,1
1010960700,1
1059240495,1
1074078239,1
715864016,1
497150422,1
578605343,1
720168405,1
698066164,1
11514635,1
911545397,1
1052366871,1
880138720,1
1068290761,1
323070272,1
960749773,1
456369276,1
962411178,1
970655413,1
978442468,1
744810014,1
839004813,1
1009324509,1
996767433,1
468624162,1
1080645656,1
1074518243,1
909579898,1
813483169,1
1046966139,1
964940187,1
1034515284,1
268456031,1
950265917,1
1043325823,1
1043272980,1
870811103,1
984339441,1
409883663,1
102735531,1
1061864911,1
364459934,1
1048230224,1
1050627800,1
917969421,1
378663279,1
718096471,1
1041252005,1
1056514650,1
1063101847,1
94072468,1
1004810526,1
990476576,1
831498324,1
955170865,1
317303436,1
883952329,1
947660861,1
462321543,1
421042,1
1074581527,1
988849187,1
1038134548,1
1009807707,1
422961366,1
1017671166,1
1018243311,1
1027648671,1
1033653489,1
918938806,1
138230592,1
930045670,1
1065999553,1
874684911,1
1077485824,1
713572557,1
1013100314,1
715640607,1
1000033830,1
356347467,1
1029700928,1
700448666,1
1033198862,1
1052978285,1
623831322,1
1054418958,1
195385320,1
1038471955,1
664438852,1
655302977,1
880180604,1
870018215,1
988519979,1
1067511667,1
1071304876,1
772953813,1
817574007,1
979358707,1
1000564899,1
996748760,1
1018626241,1
973628061,1
994849777,1
999274264,1
565723905,1
812886707,1
824305886,1
972706161,1
1000747330,1
678512904,1
58659,1
73644874,1
818026819,1
1984619,1
2255840,1
999338440,1
996679109,1
979847321,1
1082533860,1
1082239363,1
1083035656,1
722165319,1
1040869779,1
1060382030,1
1067943699,1
1068306819,1
1079078077,1
1077966942,1
964211123,1
464815656,1
1072874575,1
1076595866,1
1072073599,1
1077713926,1
1077535335,1
1077334665,1
1077331440,1
1080331601,1
1077344601,1
1083013669,1
938915182,1
934758263,1
640331625,1
952316975,1
827256901,1
960124280,1
960325910,1
323264553,1
707592482,1
10007164,1
11410598,1
974246935,1
1074692236,1
854538821,1
986775579,1
1014108555,1
1014113523,1
1012346738,1
564136384,1
438056143,1
880184472,1
1025236350,1
1076584753,1
953982322,1
939463100,1
934734982,1
939520309,1
919677633,1
876737801,1
906312477,1
950391222,1
966088627,1
987124126,1
429809344,1
918944486,1
415478748,1
876093877,1
188485605,1
62604892,1
596324346,1
478675040,1
1036418361,1
1052771177,1
683059314,1
690854365,1
934434990,1
1041108576,1
1048834805,1
228402583,1
1054794964,1
883803101,1
808318423,1
574895897,1
623189274,1
81028724,1
884302182,1
74222940,1
370544925,1
1044576000,1
1053629593,1
1042423343,1
1047594206,1
1051566586,1
984563952,1
1008749657,1
937837202,1
1008915218,1
1007210001,1
1006990586,1
868579315,1
1050532840,1
1034137916,1
1047040771,1
953708113,1
977465591,1
992350863,1
992436953,1
996584740,1
905491278,1
1082904665,1
1077325761,1
1080864347,1
412512113,1
159678248,1
645893817,1
353258391,1
401902232,1
484775019,1
961479292,1
884290781,1
1034651024,1
1038307831,1
1009714911,1
1041106961,1
722107814,1
876561906,1
114343398,1
1037460664,1
1000521971,1
1067336243,1
1032824083,1
1076557316,1
1077854924,1
874407092,1
1073486851,1
846763322,1
1005528862,1
103930746,1
1016126389,1
880797785,1
1061952089,1
730449846,1
712196027,1
891053699,1
1051452595,1
937652473,1
642725694,1
850504777,1
1067697693,1
716500538,1
928956291,1
26916121,1
635774500,1
1050673614,1
1049644263,1
1050359256,1
1052410332,1
1052475851,1
994485860,1
1053987712,1
89487905,1
975794960,1
1058164290,1
1074356833,1
871804136,1
171941417,1
1035554784,1
1051164937,1
1053687487,1
1050794724,1
984395108,1
504866393,1
1042320306,1
1019184360,1
1025050519,1
859599778,1
472495412,1
1046383134,1
1046814665,1
563658470,1
863216968,1
341122333,1
1056508884,1
850823285,1
1073518871,1
479723069,1
870783106,1
1005198006,1
474334825,1
1056817421,1
1013705360,1
797624296,1
1076124817,1
778074917,1
1074247066,1
941186527,1
1041633494,1
973770050,1
1001531801,1
1004499114,1
995364257,1
974368148,1
965002332,1
962958561,1
885441450,1
1066326217,1
965337393,1
556618422,1
1030311213,1
1064554163,1
1076089039,1
981465980,1
864173563,1
1067910277,1
1046867527,1
681876477,1
837788957,1
952412470,1
934047,1
587872821,1
812989028,1
999558273,1
719800501,1
964247534,1
1060601246,1
1002218551,1
1045872167,1
906045479,1
888527202,1
200612186,1
12102867,1
1080344085,1
1027078028,1
871540138,1
605978428,1
561954607,1
1045554505,1
993117069,1
23480620,1
183876482,1
997566798,1
614337,1
1007844120,1
1034305171,1
1055422609,1
1030881680,1
1022638631,1
947610746,1
1051737025,1
837498261,1
901101951,1
909247952,1
706110930,1
1072368369,1
1053874637,1
1073004068,1
978723473,1
1047135105,1
1058710282,1
16812626,1
969140043,1
872875642,1
906675670,1
971455590,1
1012982796,1
806194166,1
1061527199,1
1010322111,1
1014557449,1
1030302613,1
980004062,1
1080177073,1
952992996,1
972091331,1
986365108,1
952172227,1
1030258364,1
1003595259,1
113534736,1
859111044,1
1077455176,1
966111367,1
970521369,1
400584643,1
1006862607,1
779934207,1
16033247,1
948062748,1
1062342993,1
1066083041,1
959008966,1
1057048675,1
953011283,1
597448594,1
152323093,1
835583690,1
1056610043,1
1018177379,1
1066725594,1
989655948,1
992622417,1
827603882,1
994194694,1
998278823,1
980295657,1
1001156770,1
1001156046,1
1055451542,1
222811035,1
964606253,1
756051477,1
187536389,1
203660374,1
1057539748,1
70565362,1
1037659106,1
308702884,1
116664524,1
1643599,1
1838754,1
539658631,1
567570508,1
923099323,1
809641107,1
417439438,1
558318970,1
218525411,1
267052881,1
681997,1
955194834,1
443770518,1
982206878,1
840503450,1
651447298,1
849630998,1
861741240,1
933463260,1
749010531,1
546675105,1
562326053,1
658028382,1
644408297,1
645796192,1
651653275,1
652930089,1
520530916,1
1041198055,1
1041021268,1
1050223917,1
721235990,1
694202078,1
991463435,1
996609970,1
576258787,1
1034413247,1
898240274,1
1009684315,1
969325754,1
996940745,1
936437998,1
1011958157,1
874400379,1
1026199570,1
1025406346,1
859465479,1
536502378,1
1008149275,1
1056679127,1
952762028,1
657637415,1
734117646,1
426568517,1
801706338,1
841404993,1
797945077,1
3226513,1
998694838,1
1069657285,1
1068496850,1
903355880,1
904993891,1
1078785932,1
1029534714,1
730238934,1
991839401,1
1045553966,1
960550272,1
1052301062,1
1059819170,1
807525338,1
1009721991,1
1050407993,1
1054975453,1
866729964,1
965595561,1
1066205024,1
1063203516,1
953520766,1
953904950,1
57260824,1
469835549,1
1016845881,1
1030057670,1
76108594,1
119433845,1
643433542,1
989000749,1
1047645828,1
990066152,1
1013515410,1
795431477,1
1037783782,1
1038628679,1
1040162891,1
1045672351,1
1046519532,1
1052879301,1
1056903370,1
73255672,1
1054623067,1
334349002,1
694731162,1
1052359269,1
554681657,1
1033411101,1
829638408,1
981378276,1
716460131,1
1049063868,1
1013752160,1
987154432,1
1009593233,1
1013429221,1
963682587,1
1053361821,1
1056398241,1
166406583,1
419677644,1
1066671308,1
961204168,1
1071265353,1
561894758,1
782123749,1
888784558,1
1000754077,1
976308877,1
1054314258,1
1066465674,1
1054646171,1
862148263,1
390341966,1
317911413,1
265553097,1
1050890002,1
497642404,1
632854560,1
765342292,1
1082468630,1
1024535764,1
997678416,1
546849905,1
1061919060,1
969858709,1
752022178,1
752023718,1
751945884,1
624053623,1
752026839,1
742752298,1
381677011,1
1056272240,1
749546758,1
1052154858,1
1056572736,1
1026116275,1
1031593987,1
151600497,1
322037104,1
837348823,1
923072891,1
1066395627,1
451072820,1
928991632,1
880235211,1
953031598,1
625781503,1
1031524693,1
138097042,1
718064360,1
1033426221,1
754507744,1
674999655,1
689855701,1
600036416,1
1053677647,1
954295887,1
1044644478,1
1074653806,1
1068611456,1
1058499816,1
1010289445,1
1061335050,1
1044987836,1
867966568,1
1067945990,1
839041205,1
930506944,1
1079628935,1
1050310793,1
1076854383,1
1080475590,1
1075095543,1
523899374,1
872345334,1
1050764050,1
1002996317,1
1020357438,1
752048780,1
645300715,1
415913764,1
764428521,1
781180526,1
1056563214,1
1071143263,1
702346268,1
40354276,1
421730497,1
1036737413,1
1055110838,1
1063873972,1
669305949,1
93562685,1
935682465,1
440591438,1
645220576,1
645858484,1
645833003,1
641170322,1
415618174,1
490572757,1
490617445,1
1071129543,1
1078728823,1
1081329555,1
1081360589,1
1082410716,1
1081299460,1
1040961012,1
1032230181,1
1021744719,1
1071140737,1
1049185914,1
1061877018,1
897903307,1
852753109,1
1007911855,1
1007367344,1
946987987,1
883940249,1
1022667540,1
813410668,1
789487814,1
1074470702,1
1079875078,1
988902803,1
1000040039,1
1048587976,1
888463054,1
942610509,1
649003776,1
382278356,1
23067784,1
305635421,1
1009874816,1
1030855585,1
1041477783,1
42742150,1
924028980,1
1007464512,1
998751973,1
998773968,1
998777084,1
998780407,1
998783087,1
998786522,1
1058943058,1
865184806,1
1038628909,1
1035152666,1
1043920696,1
1042744740,1
1009835027,1
627508676,1
475522978,1
1043602667,1
1005316462,1
1013953492,1
980364896,1
847273132,1
996037504,1
996086629,1
1005901083,1
949661226,1
1007838125,1
881801949,1
817666082,1
532201686,1
882123463,1
1043325680,1
1043835974,1
1051551805,1
1023000975,1
966304837,1
1062471472,1
227009283,1
826822075,1
203955224,1
203955268,1
805555517,1
838831000,1
787545291,1
777820309,1
1080763014,1
1082816530,1
1021356968,1
942557992,1
967346003,1
946726069,1
955847682,1
1033082142,1
974842151,1
1071056922,1
1064719672,1
742900081,1
1049149043,1
927898870,1
968186325,1
930350931,1
991582121,1
600690032,1
348650899,1
746326256,1
508370966,1
978367577,1
847232653,1
799260087,1
888608379,1
981973072,1
1068053639,1
1079903115,1
1049540016,1
992871762,1
994280467,1
658399593,1
787984997,1
725391370,1
938569914,1
203956913,1
203956241,1
1006076800,1
1031445598,1
1068468390,1
1070189535,1
512994236,1
780261747,1
871255701,1
524519551,1
757221828,1
1079371585,1
1067648523,1
1082087923,1
1004111256,1
1056304279,1
1071422925,1
879225679,1
964122765,1
871633274,1
1035886330,1
73579752,1
791868710,1
26349057,1
1040681200,1
1013890282,1
1014059792,1
1009346322,1
1014076554,1
950731046,1
1015642731,1
19325612,1
535239410,1
927175480,1
942697184,1
337713345,1
77218,1
772142100,1
810422510,1
814294625,1
18179492,1
284245121,1
140087238,1
1030179939,1
384156754,1
1040680728,1
514113553,1
946187531,1
1038772558,1
1055678559,1
413743189,1
500729109,1
597664560,1
358319371,1
315118619,1
3044104,1
160895231,1
589046513,1
912271807,1
492183370,1
675555297,1
436602933,1
660131174,1
744097608,1
871557434,1
1054292163,1
817563264,1
881953274,1
872140433,1
280090910,1
1050336567,1
478899710,1
478922332,1
957817738,1
985243785,1
579395620,1
1034766888,1
996350091,1
1071198587,1
1025722223,1
1030510509,1
666372710,1
943936380,1
974953756,1
871856934,1
393464757,1
517100829,1
954174757,1
972921498,1
959339543,1
959586070,1
575930334,1
113051945,1
986644035,1
934583714,1
1050881037,1
1043306061,1
282642088,1
469540467,1
840634228,1
976575704,1
977515422,1
828880170,1
995675514,1
957687186,1
960604508,1
964318252,1
963076399,1
966275403,1
932080298,1
967441975,1
957098772,1
989599504,1
953373650,1
996344517,1
995942175,1
759543400,1
1061972346,1
271947030,1
120028774,1
220260546,1
1053868089,1
1075606640,1
129261376,1
356942029,1
322504519,1
419856443,1
200990696,1
984564741,1
414919713,1
1077235225,1
130863050,1
1076035350,1
842970946,1
324937187,1
912125432,1
918542713,1
670184518,1
1021257800,1
709687554,1
798846965,1
1069056008,1
166727542,1
380765875,1
1036273848,1
1070306299,1
945364408,1
1061264664,1
1052111884,1
1080499313,1
901074312,1
137851942,1
947256452,1
347643797,1
312283715,1
474477193,1
961023103,1
975370134,1
1073576536,1
953301759,1
1014572847,1
843262286,1
724619981,1
927863220,1
664110502,1
1030478365,1
1004713961,1
1038688752,1
728161628,1
951789883,1
937241211,1
802615035,1
878914527,1
391720929,1
828783602,1
948373826,1
333089412,1
1043910171,1
1059137596,1
1078503845,1
1078493855,1
140975844,1
533128872,1
979169986,1
929522308,1
562597481,1
1031899857,1
802887389,1
273454281,1
327826627,1
12567325,1
663458395,1
1955556,1
1067236197,1
954550993,1
953736359,1
950122346,1
196169886,1
886419572,1
731940842,1
730870952,1
575997293,1
1028276079,1
1029065087,1
886796417,1
1016084053,1
919008490,1
993471425,1
897203384,1
303770242,1
485500681,1
924192502,1
516646037,1
994872335,1
1047461613,1
1047831160,1
1041489527,1
1062795491,1
1016794734,1
996138206,1
809814597,1
1014704350,1
968830466,1
1078659200,1
1038216210,1
728757920,1
1043564517,1
1001648478,1
1003895861,1
169027426,1
983058885,1
495506594,1
276264649,1
992549467,1
993936440,1
984751769,1
1036527851,1
248725507,1
877462718,1
765410597,1
1018592565,1
836816810,1
283644060,1
676913864,1
98853875,1
783886983,1
1082055439,1
810853889,1
1013473180,1
749438953,1
882584483,1
1018377887,1
530756256,1
188406277,1
977966953,1
637825016,1
763617285,1
1042517006,1
614505727,1
662812843,1
747067440,1
1048521127,1
331396581,1
429525467,1
903429201,1
990191880,1
950543999,1
442585886,1
421903800,1
645838775,1
962958710,1
784390518,1
1030913024,1
1039771295,1
1076350555,1
204374450,1
693454231,1
704069698,1
573154174,1
413450195,1
1044009543,1
907880440,1
1068580848,1
1036562524,1
1076371300,1
1059319692,1
983977493,1
1081799871,1
992010031,1
984378000,1
1002407719,1
952279660,1
588871387,1
979640593,1
1034142534,1
1041863074,1
722065147,1
998962995,1
1011295462,1
323379973,1
657814504,1
430979000,1
1025165971,1
1007870253,1
2950001,1
1049823219,1
411932612,1
950008938,1
548686650,1
778618672,1
691475110,1
53222722,1
1027420269,1
894739035,1
1018061914,1
1045311375,1
1013640996,1
1058976713,1
1068792881,1
1077612209,1
988971633,1
950712645,1
1071743477,1
1077286398,1
432329063,1
918258873,1
571943427,1
1021876016,1
1034353717,1
1080228192,1
894998818,1
973754638,1
871046062,1
1005309550,1
1011206316,1
356883353,1
794178496,1
1082526486,1
828081724,1
641440706,1
468489584,1
793490297,1
998022608,1
973135021,1
465110826,1
946453927,1
1038092935,1
730550248,1
860392799,1
888181726,1
103179629,1
731393812,1
1003894604,1
1008288091,1
1013632416,1
977405923,1
923850597,1
236966200,1
954252124,1
873350208,1
29985,1
12503744,1
230898,1
1000821210,1
1067116563,1
1050340730,1
1054507834,1
665926682,1
881529851,1
957265370,1
1079658892,1
956555051,1
1071724066,1
1043700887,1
1071863045,1
1065979889,1
1077574013,1
1072313974,1
1079582766,1
1080268959,1
1056926397,1
953281033,1
789130585,1
72754074,1
1071099827,1
1076882458,1
1056703705,1
1071031916,1
1080825932,1
1081855188,1
954119100,1
54610590,1
1064729079,1
821817471,1
1074147249,1
1064523173,1
1075712238,1
1065564282,1
1070954306,1
1074094029,1
934077536,1
768570416,1
964334270,1
117629601,1
903497828,1
914724069,1
964625999,1
1013485704,1
362247627,1
364261771,1
875158593,1
1000622508,1
1001806562,1
704161215,1
1076674710,1
849766318,1
934847349,1
1067985846,1
934886075,1
934885651,1
934887158,1
934876648,1
934876129,1
989172048,1
996852469,1
1001171906,1
989750620,1
948885135,1
1035413796,1
1035927801,1
870068672,1
986461689,1
949260793,1
1029385460,1
965569719,1
1071135642,1
572042764,1
983037556,1
677394225,1
193852450,1
1051168995,1
621184695,1
867835693,1
159526965,1
973346287,1
1032537909,1
1051998240,1
1041652954,1
1012750393,1
1049539238,1
606637694,1
495576809,1
1071132056,1
1072292141,1
1076615876,1
1074282980,1
1039485870,1
1038462484,1
1007728320,1
926683466,1
935381909,1
378652688,1
707786050,1
872063196,1
952170472,1
1067880154,1
1070671546,1
1070926040,1
988358203,1
944413585,1
407473172,1
1005990876,1
872891881,1
946078213,1
1036646819,1
785797572,1
1040459313,1
722978158,1
1061953663,1
1075539475,1
1011668752,1
1060678083,1
1052466906,1
1030708417,1
890326947,1
961812382,1
968256257,1
1082252390,1
1000795555,1
1000794391,1
953402047,1
1000791598,1
1000789655,1
1011589784,1
1073584364,1
1046026922,1
1075057954,1
1076602506,1
1074581975,1
1077220207,1
1079810096,1
1083169899,1
992338919,1
968046992,1
894675189,1
958564019,1
159315437,1
1014100969,1
1080613476,1
1027595229,1
832098693,1
975543020,1
1029717929,1
306784634,1
992293469,1
967684503,1
151622248,1
513355440,1
997667506,1
553992262,1
1018295966,1
655116854,1
1011484706,1
1040139840,1
945946027,1
891503579,1
626219976,1
299923590,1
1080518942,1
701287236,1
918669614,1
591995651,1
695358223,1
912600626,1
866161944,1
584648423,1
798475654,1
871543948,1
952430938,1
570957061,1
170342675,1
992070955,1
976576680,1
901171595,1
225842421,1
1027142681,1
968540421,1
1039685418,1
1041324424,1
398299796,1
114855572,1
701348889,1
1049109718,1
448314537,1
277474806,1
1048605692,1
430999356,1
1049670176,1
1043340642,1
1057352161,1
1063396624,1
1052839821,1
485829397,1
23600596,1
978487662,1
982321783,1
982639704,1
1070722412,1
732490256,1
1012863048,1
1067864276,1
324427558,1
2691327,1
325470347,1
454680923,1
372439996,1
1074107775,1
1051992430,1
721659190,1
132302198,1
964144713,1
205780662,1
531619304,1
706942860,1
164429846,1
349461607,1
26147357,1
553522043,1
974697093,1
941026590,1
988376430,1
964168454,1
1027254179,1
20432718,1
1034553236,1
1028853084,1
1028147839,1
1042201578,1
964075756,1
508779896,1
264920551,1
1062512976,1
536666306,1
1068237661,1
1008265363,1
1054794650,1
917053904,1
1072391899,1
1008221359,1
1025275890,1
1070320829,1
1068137302,1
951711815,1
988597987,1
964921929,1
868498751,1
695826412,1
1004306151,1
1032231430,1
1038763592,1
470312112,1
1027334479,1
884761079,1
543516609,1
1067947331,1
811303853,1
880782293,1
921377370,1
581398891,1
921297774,1
933673981,1
871056938,1
1054009717,1
1061836947,1
884655015,1
959309207,1
967693434,1
360272476,1
964657615,1
429865988,1
1051403161,1
1050784223,1
741352229,1
73763582,1
924915058,1
1062452282,1
894570218,1
961099758,1
464939286,1
426551957,1
1008634950,1
986371948,1
618526819,1
1009675634,1
1048999066,1
779119371,1
912043501,1
1049148094,1
942808829,1
546502750,1
94642595,1
513307549,1
383114272,1
426549309,1
426548183,1
426550612,1
383104475,1
383115762,1
383116276,1
1071336099,1
1071844877,1
1048606859,1
1041262318,1
1076754988,1
704307568,1
1047020631,1
1036582106,1
989575779,1
1044920037,1
988409966,1
683047332,1
998254048,1
1000686695,1
980194903,1
1069696870,1
992211830,1
953149354,1
1031183604,1
474660044,1
855656451,1
924182165,1
989149098,1
401058793,1
707356952,1
1046883384,1
1038133466,1
1073752169,1
1077111338,1
1077558027,1
1045510820,1
1078169448,1
1080638196,1
1081244694,1
1058142321,1
1019362846,1
1010629287,1
645709988,1
698399835,1
956987935,1
1082006374,1
904438141,1
955379402,1
1011570182,1
1052259172,1
983072807,1
1011526559,1
816796356,1
823874255,1
418140519,1
933168390,1
73720236,1
228077849,1
432762752,1
428961042,1
723046927,1
589575134,1
948080254,1
501467665,1
630433918,1
513790811,1
698016518,1
742177595,1
1054563638,1
882927887,1
884852647,1
1035448650,1
1057780871,1
1041849594,1
876347659,1
1082019025,1
1059600061,1
999398360,1
1077287576,1
948612050,1
945597218,1
1061842567,1
1056031444,1
1077125275,1
1080170228,1
48191468,1
1028550763,1
1062512523,1
1070364093,1
777193701,1
927657203,1
1079955207,1
340247616,1
87824979,1
988024260,1
1079202273,1
1065068219,1
1078378110,1
1046747275,1
1047085051,1
987676857,1
1016180249,1
1038288676,1
20037520,1
1025272945,1
1047189575,1
1038751306,1
744552319,1
944874956,1
1053835543,1
882024114,1
991828418,1
1048143930,1
1052219781,1
1062523183,1
1054539864,1
1067710935,1
1059814917,1
868291473,1
116019,1
132082214,1
1012311030,1
1026988677,1
1049439742,1
1017385201,1
1050755310,1
1056653095,1
1074860808,1
463823440,1
1079307422,1
670454101,1
490983241,1
11317273,1
908243625,1
364272660,1
825156256,1
835641114,1
813096227,1
973049844,1
861535989,1
975366489,1
1070906106,1
759840030,1
960906741,1
1062114008,1
1077592576,1
1064541833,1
987234199,1
1078156531,1
1042018200,1
1045226896,1
1050396902,1
1048790437,1
1022627506,1
1050167141,1
1057362423,1
1079458650,1
239474060,1
1077380485,1
971478601,1
494236036,1
923316057,1
1062378624,1
1075582859,1
780157116,1
1026936112,1
761364114,1
990374169,1
735705149,1
786747065,1
1056714269,1
1056700238,1
961500304,1
966011995,1
858910692,1
431277181,1
698287374,1
211656670,1
722345408,1
407506685,1
547634788,1
296087300,1
1074089837,1
882952000,1
1074577386,1
605953816,1
1074080703,1
1077334685,1
1077668748,1
117337603,1
1080306959,1
886730891,1
1003983029,1
950267680,1
1053984187,1
1011774672,1
1030827015,1
1077276908,1
532442999,1
695895033,1
461495421,1
616083492,1
644910467,1
1018942107,1
1029852511,1
869815014,1
946417471,1
911687285,1
420652129,1
987727232,1
996379166,1
555749831,1
1018054686,1
959284508,1
1031609200,1
383902129,1
863425379,1
941544754,1
1006682273,1
753004851,1
1011757837,1
1007466608,1
946967955,1
906888779,1
636665953,1
396392978,1
415696285,1
831760495,1
1040211047,1
967788381,1
709914714,1
573032946,1
509353063,1
1000595292,1
926822233,1
656207216,1
879750036,1
966584466,1
965076476,1
537558734,1
721391373,1
497560565,1
929492825,1
1068788788,1
1057009406,1
1063663716,1
1060894114,1
1064889487,1
1063049762,1
1074288383,1
984363221,1
1073223329,1
1056277891,1
1045134567,1
1036734774,1
973073136,1
1048103829,1
1064856848,1
1067930941,1
957307003,1
1057040073,1
475938967,1
749660457,1
477814084,1
983848605,1
1079431989,1
996281468,1
364562877,1
992135625,1
967661710,1
1007578660,1
1000726916,1
956106750,1
479451268,1
957826260,1
480310598,1
469038544,1
349681137,1
479583384,1
964976335,1
479595734,1
477553179,1
473339931,1
682485122,1
915672501,1
910271615,1
1037168942,1
1041844434,1
126408753,1
992283794,1
784907025,1
712165832,1
1014827423,1
1032632580,1
929001409,1
2505411,1
397782142,1
939677040,1
799081920,1
447813650,1
117630032,1
943758857,1
113825817,1
834993821,1
973028967,1
910272618,1
1002800372,1
1043535863,1
17779386,1
697732422,1
1038642715,1
941580031,1
1061231321,1
1063127207,1
1067073670,1
1070378819,1
1074932735,1
1074463929,1
1079848853,1
1063612446,1
1069794200,1
956029330,1
710860818,1
955268666,1
349640545,1
676227566,1
865904402,1
123247565,1
599208163,1
1048756603,1
103676705,1
916552092,1
153639108,1
1055677649,1
806046157,1
806335007,1
806395991,1
806477304,1
806672009,1
1063381179,1
806743565,1
807130774,1
506092558,1
821063757,1
945494391,1
189227376,1
991273268,1
1013031376,1
986697754,1
644673807,1
411890217,1
684884089,1
467195042,1
1028977372,1
423044427,1
450128165,1
967186110,1
532187081,1
781110973,1
461235797,1
965168300,1
962699674,1
640479510,1
747921230,1
300803503,1
566361406,1
932822106,1
635002221,1
1079795783,1
1063361051,1
1077066087,1
1078806445,1
1080803361,1
998346384,1
850098802,1
950433053,1
1059281092,1
1013714830,1
1061110769,1
661115774,1
1014837911,1
781090195,1
1014808873,1
717380060,1
1692617,1
1050787352,1
1045597151,1
1052377552,1
54243014,1
1046706179,1
676261050,1
1048562871,1
862665265,1
1059326607,1
995544155,1
716496960,1
996679540,1
996079666,1
889279640,1
950707080,1
960932961,1
515217171,1
1000342850,1
13909441,1
1051806046,1
1076495598,1
1072345427,1
991521892,1
1075429315,1
1077006711,1
1049449994,1
992522447,1
960118723,1
996163652,1
510822945,1
557905917,1
1012121736,1
1041424395,1
934486494,1
1036213169,1
639896091,1
1056907281,1
991793818,1
888179206,1
964774604,1
1735854,1
1835682,1
1964030,1
1976265,1
2866208,1
463034517,1
1230256,1
755402750,1
133779768,1
60847542,1
951698844,1
1047684065,1
1061763925,1
911489876,1
1022891646,1
723815684,1
1045673795,1
767944092,1
918021256,1
1046928363,1
1885336,1
1891626,1
1048682152,1
1891638,1
755836132,1
931220172,1
238169526,1
332521894,1
468070401,1
398664157,1
413743035,1
965267011,1
961115898,1
965121644,1
491691290,1
901707313,1
1070701970,1
944373441,1
1059657184,1
1044145753,1
1071946777,1
18933972,1
1963743,1
1024531791,1
994123703,1
941727915,1
543813104,1
51817206,1
666619651,1
42343288,1
1081144360,1
389261924,1
1082816822,1
1083226563,1
83695732,1
316783815,1
571268154,1
72146168,1
791093278,1
71455048,1
811384589,1
1008128052,1
73908946,1
1077295292,1
1080728622,1
1083377818,1
944276587,1
1063041168,1
1049071105,1
1056895300,1
746471144,1
1079948061,1
946800972,1
1005352185,1
519285565,1
1041167384,1
1038348465,1
1041641048,1
1022868828,1
1064764193,1
235984543,1
235984674,1
235984691,1
230578171,1
172274211,1
1038717767,1
1009894349,1
950038949,1
1068090259,1
987823505,1
972643586,1
934307943,1
1071303823,1
1026994945,1
992413473,1
76667698,1
1039871463,1
1010326267,1
1058259732,1
997885041,1
1064560655,1
1072662318,1
1071309840,1
885076083,1
1069247686,1
516809584,1
643381609,1
1040451041,1
1070212732,1
888141426,1
888145040,1
1002329293,1
1069894475,1
552235636,1
1010792800,1
986527414,1
1008612893,1
1033998005,1
1030497419,1
1029849260,1
997846275,1
680344949,1
631133740,1
862394960,1
789246238,1
716471855,1
564383432,1
1033709354,1
783842323,1
723409905,1
169948716,1
922825264,1
1046016132,1
1006965858,1
1009866091,1
958220143,1
1070224012,1
1070831778,1
789914868,1
1025438041,1
219805050,1
627998747,1
967672058,1
1029695304,1
1050865970,1
1056620463,1
1043007276,1
926684065,1
504839876,1
870458795,1
791849865,1
1009660129,1
1045212502,1
1045312900,1
318146869,1
454886917,1
317517020,1
150331658,1
940789692,1
1030712478,1
909424637,1
1071529570,1
975421273,1
1073678962,1
1074200069,1
103467701,1
1076148420,1
1074954924,1
1076310055,1
833844871,1
1081867991,1
703999093,1
511140274,1
993078825,1
848989005,1
176971649,1
937738661,1
468211556,1
433835558,1
1004951453,1
793107288,1
769171979,1
1027184814,1
1032500355,1
1031211406,1
1001890477,1
1002771278,1
1071251140,1
1064846562,1
1079365439,1
92610510,1
624182714,1
97597846,1
965453876,1
105505286,1
894724919,1
941657671,1
949828231,1
123706472,1
683614310,1
903288600,1
2011832,1
98859170,1
1047901652,1
1049750247,1
1029190895,1
810264813,1
1051189883,1
1026038376,1
884102670,1
504808795,1
965422712,1
504518414,1
875362619,1
536810330,1
567844359,1
787132356,1
998934352,1
194080520,1
865703855,1
1026958173,1
560972958,1
1061377903,1
550938102,1
364864466,1
298665965,1
888938935,1
866854369,1
1013222525,1
1051488050,1
1020842292,1
1054583577,1
781992379,1
546425549,1
704498745,1
884257699,1
212784976,1
20414299,1
798286514,1
553017847,1
622435399,1
879687776,1
308982218,1
1005629726,1
1004270226,1
284037414,1
389071572,1
963595694,1
497376492,1
487556793,1
560848050,1
420591719,1
776755510,1
1053976525,1
999890949,1
875312716,1
827868045,1
431554436,1
103746364,1
967225516,1
802458149,1
171592605,1
545873693,1
17394950,1
16163057,1
1009504451,1
412651306,1
801974948,1
755547988,1
768035494,1
768079328,1
1063721165,1
768092287,1
759075579,1
730491266,1
1062927573,1
1071112608,1
1079343939,1
783057789,1
895800629,1
922820388,1
945799857,1
887346417,1
372387518,1
556314208,1
1057576316,1
1067925396,1
596279165,1
1029891127,1
993992391,1
771692188,1
830598374,1
48000032,1
931980527,1
921489346,1
965689730,1
861023611,1
781364326,1
914127651,1
1056970641,1
960379493,1
947402181,1
1080562845,1
1046699152,1
1067956125,1
1063458035,1
1075058725,1
1041070133,1
1028819447,1
1070788829,1
1034230324,1
1061943725,1
1071441881,1
1047895669,1
817142432,1
1047313389,1
1048401534,1
1045814084,1
1027457060,1
861153933,1
983808080,1
270843110,1
684728941,1
923385100,1
1010015762,1
661426911,1
1054492981,1
825914230,1
971961474,1
1013880883,1
728845369,1
776426112,1
776452197,1
1030900110,1
1032880050,1
23807433,1
1016473041,1
988868266,1
990401080,1
911431199,1
941723176,1
1000815190,1
1022664595,1
1040807337,1
1080614973,1
1080220018,1
810163025,1
1041135082,1
883595046,1
937693386,1
1000535628,1
1000893355,1
1004245706,1
995378539,1
1023592073,1
1044896203,1
881126857,1
685938076,1
1000569041,1
11411837,1
1026734283,1
989186192,1
755374252,1
1079873913,1
1080811973,1
1080588577,1
927192575,1
1067161173,1
1076801400,1
1006646703,1
783962972,1
1051193136,1
736740072,1
488351627,1
836189193,1
926886533,1
878027761,1
725791133,1
169626684,1
966532349,1
1002133484,1
1030530709,1
1001352299,1
1003341601,1
625577999,1
1004965390,1
957993451,1
914103431,1
272302956,1
494690477,1
676021742,1
791321108,1
466942415,1
535682059,1
990425718,1
993919505,1
210344197,1
945279242,1
1018523921,1
1018499056,1
829787965,1
983735023,1
1019016278,1
1030408184,1
1028946119,1
746277280,1
1062156950,1
1062972543,1
1062109625,1
1074242966,1
1080874848,1
545684969,1
541649478,1
948863205,1
610553179,1
544664127,1
903698684,1
602896293,1
548075226,1
908029604,1
831654967,1
1072846720,1
1009583840,1
1080631356,1
815437361,1
1074433485,1
916822963,1
611288564,1
1011908290,1
314285941,1
1011964502,1
1026917270,1
765499423,1
1065513674,1
1068760456,1
1073765186,1
1074160685,1
609522131,1
602367903,1
903699345,1
599039103,1
178049747,1
828700239,1
397691078,1
169974487,1
197488855,1
1030445894,1
1052818200,1
870343252,1
1077571105,1
1069714207,1
1078451594,1
1081928360,1
1029219898,1
1022614348,1
1031142847,1
1029969715,1
1019540470,1
999942171,1
1029869981,1
978798863,1
1048712393,1
1056911342,1
381484460,1
819536111,1
1074141967,1
349496733,1
342998088,1
941470979,1
399767686,1
554911958,1
1066386734,1
719755318,1
1030217178,1
1056727325,1
1033109934,1
975738878,1
924022322,1
978416590,1
812641348,1
1073532117,1
1074239673,1
963014897,1
964458282,1
495378961,1
1006122643,1
556124102,1
878711154,1
596668596,1
956557763,1
639785883,1
870549753,1
922278050,1
1016459574,1
948871806,1
1041944333,1
992068266,1
942398444,1
866394178,1
1005625132,1
1045926990,1
919457575,1
905918045,1
322506883,1
24130367,1
913951780,1
630728387,1
966902739,1
965309092,1
960588561,1
1037766791,1
421061982,1
881157334,1
395863616,1
1079884409,1
585841592,1
2571216,1
808216508,1
1593371,1
544497831,1
887397940,1
544828939,1
545707125,1
13688019,1
858286294,1
1052662623,1
1078255089,1
947089940,1
1077582081,1
1077905767,1
400572066,1
165536915,1
996695545,1
888511874,1
1004567297,1
993719615,1
1026940918,1
343446350,1
1062140861,1
374375380,1
1000603955,1
1074946811,1
415594842,1
868982292,1
877269263,1
330870652,1
890571884,1
880255346,1
1062984202,1
973568199,1
947666083,1
306124286,1
979993610,1
553522666,1
1059815078,1
1064465196,1
686845309,1
1027610145,1
73339656,1
1003117598,1
1016516479,1
1036526869,1
1049911353,1
979629484,1
1013766407,1
555318291,1
941339197,1
371539102,1
935636334,1
805984834,1
954138761,1
661757708,1
992120467,1
503334446,1
1029191415,1
670375739,1
953569824,1
212203124,1
1048814933,1
938305979,1
984126763,1
469198173,1
982647657,1
970234096,1
781110477,1
1028156880,1
1010075471,1
1005081959,1
721900557,1
1018008015,1
1004603218,1
685340254,1
586977890,1
26437668,1
456004964,1
137924880,1
974598284,1
782718916,1
984169310,1
1045038892,1
1055875391,1
483228209,1
383900391,1
878631860,1
1024935007,1
1057339226,1
986069614,1
989232817,1
559423358,1
1046485903,1
600700675,1
879702680,1
945427879,1
881072953,1
939304626,1
882250232,1
305501694,1
1045562778,1
1017558250,1
1018076545,1
748120533,1
742968043,1
983258580,1
1061975121,1
611788410,1
1043356838,1
479565869,1
477060524,1
863816050,1
846396060,1
711327639,1
439970812,1
415202289,1
711375660,1
1061340149,1
895773656,1
967259781,1
967586620,1
977629719,1
733603649,1
984049671,1
992995661,1
843416249,1
993104102,1
1040483711,1
846824269,1
1012508661,1
903906002,1
888325977,1
634876562,1
700048562,1
1044353813,1
816866310,1
894663278,1
964180806,1
933351530,1
94856437,1
829716056,1
1077108483,1
753621192,1
829626419,1
551765792,1
1080814397,1
58025658,1
792382946,1
690277374,1
57985530,1
850466980,1
732290936,1
659448593,1
679712899,1
694129792,1
937324527,1
1081346801,1
989975520,1
913866521,1
1056491739,1
1057932946,1
972951792,1
962273353,1
988123573,1
927040108,1
1001260697,1
1005988638,1
1030684985,1
1057251989,1
449608887,1
917476952,1
927200803,1
967737444,1
872819491,1
167064139,1
40932610,1
482257499,1
523999061,1
867444182,1
867053600,1
1021766857,1
743279302,1
380140812,1
609590725,1
900205064,1
878607055,1
396654174,1
1022944046,1
944845615,1
749749624,1
1009628310,1
438151645,1
941281790,1
632143422,1
190864888,1
663106945,1
778523721,1
356811460,1
787533137,1
784749617,1
449345921,1
1009574877,1
463118043,1
451395648,1
449374995,1
887026201,1
1081569251,1
1082523055,1
967705550,1
1037376158,1
904878994,1
1028644138,1
857798529,1
641066080,1
943763907,1
1075750294,1
1067907129,1
382261527,1
1053003075,1
1052470152,1
555437309,1
1081311490,1
1080193846,1
1074991386,1
713763997,1
279207380,1
930845637,1
1011634674,1
1016336579,1
628476859,1
162670160,1
1065624107,1
1054895719,1
1070312401,1
1032164713,1
1047434473,1
1065954419,1
1066108753,1
1046992877,1
468885363,1
486351723,1
764689993,1
1026554945,1
1028152039,1
846176517,1
901480526,1
998504676,1
644486417,1
831899287,1
1006081665,1
387950200,1
169518798,1
721711464,1
724481397,1
905580317,1
875677511,1
890818476,1
736498552,1
686673699,1
1014109922,1
1057661469,1
1071091243,1
1072806087,1
1054430633,1
903824210,1
925398510,1
394748483,1
1036525964,1
1037772303,1
1071267850,1
951300760,1
748384780,1
67962498,1
1009876749,1
978723468,1
923560240,1
299838320,1
974480855,1
40791994,1
204792774,1
353810842,1
993937569,1
1063468597,1
460360070,1
1005140299,1
1005400508,1
735350198,1
1045103264,1
1018338559,1
720617010,1
49911258,1
948871626,1
1040230606,1
1002396578,1
957396766,1
888794755,1
1040847888,1
850681948,1
1034566620,1
1000856470,1
1070162146,1
1060584901,1
1074169637,1
1068595392,1
866445099,1
1061448178,1
1037198526,1
1079805831,1
649072403,1
986275770,1
966679516,1
198471822,1
995434605,1
889425442,1
894148748,1
927262920,1
808898809,1
1038786187,1
554455234,1
643533509,1
1005294074,1
945552223,1
562657926,1
733084662,1
1053676220,1
854666892,1
1078967196,1
877030058,1
445926721,1
713731460,1
479937145,1
945259139,1
842786254,1
695930139,1
620168102,1
572830862,1
690929514,1
1080776133,1
1070826672,1
1067907810,1
1052611078,1
994202584,1
1046839795,1
1066504789,1
719786832,1
972877781,1
636358517,1
636422581,1
921480513,1
996370246,1
195431650,1
1003483023,1
998799011,1
1056768058,1
1011669244,1
1062784472,1
1068848444,1
1074023641,1
1066390900,1
1077243861,1
1013806429,1
420652836,1
992249876,1
945233671,1
723612888,1
996715276,1
938674631,1
1029559940,1
498356569,1
508145837,1
795279016,1
162736717,1
1059418944,1
1060009458,1
912028759,1
870959573,1
692825346,1
710981658,1
854527734,1
916297426,1
629527038,1
919358454,1
926436990,1
995509321,1
994632945,1
1072964204,1
797003268,1
1073692366,1
965508482,1
975248330,1
1030715007,1
1000841542,1
938368951,1
876932844,1
1036727077,1
1041442380,1
1040872425,1
885162079,1
885431677,1
695232224,1
609991906,1
876257549,1
868921115,1
890680235,1
891115091,1
898200427,1
1066014061,1
1064972366,1
426717873,1
402553054,1
1081944454,1
996842628,1
1073261011,1
1064313573,1
1064407728,1
1064582553,1
486931571,1
656462063,1
481554413,1
490337863,1
288958071,1
898575229,1
911275345,1
996526228,1
757378873,1
821761908,1
1029438887,1
994375548,1
919970776,1
875350937,1
956968161,1
944942361,1
776076239,1
916406855,1
915633648,1
893319000,1
912453734,1
945160005,1
919066778,1
859527996,1
947644833,1
967876446,1
979468820,1
932735374,1
912820509,1
507397661,1
217153386,1
1077361949,1
168090270,1
932186049,1
722844384,1
1040783844,1
929581588,1
999495084,1
948638367,1
825849319,1
1009326493,1
728352447,1
710509281,1
1027291279,1
1038392690,1
1042484864,1
1037783967,1
1043495242,1
1050858734,1
1054768925,1
1056605305,1
1061994790,1
1066072529,1
1058322111,1
781412488,1
933413768,1
1067083367,1
1042263896,1
1021352945,1
1080614385,1
909144123,1
1009719631,1
904197341,1
413705477,1
1011456427,1
1013840588,1
408243032,1
886519578,1
945890318,1
957451277,1
968095413,1
195696959,1
957265087,1
821829561,1
977970114,1
951240142,1
512052886,1
385097607,1
1074418998,1
890950524,1
887789972,1
887707347,1
1020119564,1
1012814825,1
28581670,1
966297145,1
125920443,1
163593118,1
333580441,1
156590805,1
103232699,1
1012764550,1
964785369,1
958113561,1
971340155,1
879498580,1
1054753339,1
977765011,1
1010950362,1
854513531,1
1028151791,1
1036672745,1
1041732268,1
1023068640,1
953870941,1
947103431,1
711168778,1
165848443,1
993950172,1
380107125,1
730434011,1
1071224915,1
1075511092,1
1884519,1
1058043050,1
994471844,1
86440642,1
356770302,1
73144620,1
1024904087,1
638125104,1
1032224216,1
992545714,1
1012448139,1
1058384352,1
1060498242,1
725765747,1
950818590,1
1058312706,1
1014100583,1
1052437061,1
1077098253,1
992122027,1
1048005547,1
1048632684,1
1048785929,1
1059747593,1
1019042978,1
988291634,1
446990693,1
1022773742,1
1021664464,1
1051095744,1
1023118525,1
943764099,1
509975156,1
583678888,1
11262450,1
411279040,1
714679255,1
907827109,1
336027139,1
1066927105,1
801859513,1
1076141378,1
1056575052,1
927608366,1
928364281,1
928360069,1
1078902005,1
1074262809,1
1080862664,1
1080349872,1
1080867269,1
739416017,1
387963615,1
657168951,1
1033186106,1
1040904826,1
1041982426,1
907745074,1
950416398,1
953968175,1
1043984715,1
960451802,1
1067283861,1
1064489883,1
1021563992,1
1080593922,1
929578884,1
875643470,1
945598087,1
889655762,1
705341051,1
1080047101,1
1080714339,1
1070939296,1
1075204904,1
1081511724,1
502652348,1
1079113946,1
1074406068,1
648965001,1
946071469,1
667026553,1
632533748,1
548749479,1
1005042320,1
993289836,1
987565672,1
1000499450,1
999596106,1
1000335990,1
707214436,1
1053278301,1
383315,1
634548935,1
592804375,1
803548325,1
827709137,1
1009680866,1
821468857,1
492047067,1
945342344,1
957036236,1
959777657,1
1077892959,1
1080875877,1
1081295771,1
988906378,1
467819894,1
872508536,1
970396033,1
1046049982,1
1000738155,1
854136863,1
3095873,1
1059017332,1
1062032822,1
1075843572,1
1082330834,1
1054687661,1
888644974,1
889242023,1
888426545,1
889759933,1
891250319,1
869502072,1
897836773,1
916570187,1
993956053,1
366305556,1
1062151267,1
1062192534,1
419323475,1
983765330,1
1055833845,1
1054092031,1
1014067906,1
997052821,1
998391351,1
156065866,1
188821701,1
970411979,1
942589428,1
549979913,1
484321587,1
555806585,1
317466175,1
884177332,1
969839521,1
992143114,1
237078316,1
261810198,1
236455507,1
237244719,1
237371018,1
1047438207,1
999833549,1
52511428,1
1005009024,1
722780367,1
1022458504,1
1020663884,1
1030904613,1
1064026165,1
959203804,1
492579814,1
1040699110,1
780891648,1
1048984747,1
922988853,1
686850690,1
857152571,1
1007599415,1
956593029,1
1045931399,1
747256654,1
872118747,1
1076333597,1
1076441421,1
1077551440,1
1056460658,1
1037708630,1
1048563569,1
1064167637,1
932107264,1
11343465,1
12770552,1
1056170578,1
1054873489,1
1067760143,1
1044345666,1
607230932,1
1020948778,1
700843551,1
756240122,1
761285475,1
623828329,1
614998023,1
1067009927,1
918809434,1
735338055,1
638168400,1
1057107841,1
1080388039,1
833971245,1
577606038,1
970965138,1
1069539425,1
1068588468,1
1073441290,1
1076572553,1
1080313902,1
773224995,1
174887583,1
770702416,1
665637985,1
213436413,1
747813651,1
194105952,1
427279282,1
91395993,1
15604558,1
1014104402,1
203720382,1
1883338,1
48135084,1
1004696220,1
674213415,1
269984845,1
657485864,1
486444622,1
124500625,1
974381393,1
1028873808,1
1055262140,1
868141185,1
960808390,1
1027300110,1
1030924181,1
1040727873,1
981569267,1
993152805,1
993152573,1
993153804,1
993153136,1
989692881,1
989684716,1
994726358,1
1038832081,1
336131986,1
871227597,1
974447672,1
869240939,1
940445875,1
475079649,1
1059458395,1
813860763,1
722511045,1
883910738,1
1074518290,1
1029482161,1
918158271,1
1080866993,1
947390703,1
958194326,1
967803771,1
965961061,1
961759892,1
976078856,1
987558806,1
976028715,1
991832183,1
1049060163,1
547553536,1
761595645,1
709246540,1
894605587,1
964166123,1
886112471,1
1010757176,1
1040555468,1
1069297980,1
987526392,1
48909012,1
917535747,1
226300979,1
459526199,1
459672140,1
190531329,1
543769921,1
637573691,1
188830446,1
842077295,1
844499019,1
562619110,1
474762820,1
548561771,1
948563463,1
906773230,1
1015062666,1
933993576,1
725159107,1
950011911,1
220968311,1
959595061,1
933579725,1
783958137,1
1026200955,1
603774877,1
1018326856,1
1051588664,1
1043095530,1
571956332,1
1052889479,1
812802063,1
958023677,1
964340587,1
249192621,1
897795610,1
991728621,1
55754120,1
991736102,1
170991315,1
431100217,1
1013407860,1
968079309,1
1014037515,1
884378303,1
1018952652,1
862437533,1
624081693,1
739767,1
577720200,1
1041233489,1
1054759367,1
787678561,1
879661215,1
1076351269,1
1052990079,1
1071677887,1
1078734481,1
846936451,1
92809662,1
1028095989,1
693407496,1
254598083,1
984650764,1
989144037,1
982702150,1
1031167821,1
1057057683,1
790212954,1
997347370,1
967214130,1
543762675,1
805778485,1
999552245,1
172854526,1
1026103045,1
798494327,1
476376149,1
398890173,1
417574448,1
704772410,1
406739724,1
927077870,1
878461138,1
227094465,1
1009774817,1
1016068109,1
1064867266,1
1063354284,1
1023137438,1
1046266566,1
768472695,1
1068788417,1
366055884,1
1076172262,1
970490504,1
1080176480,1
1080321678,1
1054776010,1
1067650075,1
1071133969,1
1064622272,1
1071810647,1
2989801,1
878782971,1
404940060,1
402980379,1
402521703,1
992754892,1
1018838773,1
528304876,1
627577495,1
1077423200,1
730610753,1
1080726859,1
1080869174,1
1042741983,1
1047916574,1
1044309664,1
1057648281,1
1049427108,1
676162642,1
549976328,1
646798984,1
740923867,1
771947296,1
312428007,1
418429641,1
1010195895,1
1051804622,1
372398262,1
1049631912,1
582709746,1
1061923519,1
1071021188,1
1061345498,1
1064021480,1
1046226547,1
1079576720,1
726622983,1
694637902,1
1029355705,1
55305754,1
408295882,1
1010351610,1
722262118,1
557914095,1
877649988,1
292265275,1
450196375,1
404949474,1
1071931669,1
1066169391,1
738024281,1
940216780,1
944875012,1
1029103657,1
1079475255,1
590217762,1
922654717,1
1029969940,1
1071316248,1
1053008224,1
1074478873,1
845543764,1
845569855,1
870616916,1
872489202,1
1005348642,1
1074584127,1
1074950382,1
1056156440,1
944765384,1
996329317,1
872340901,1
348332628,1
1080337587,1
721612936,1
1041972180,1
1055875962,1
431386747,1
669261591,1
629072055,1
947631175,1
996718257,1
733048543,1
630824789,1
634160648,1
1076302101,1
1076944859,1
953941152,1
1080649719,1
1081874130,1
604737588,1
492735735,1
714419533,1
1019911336,1
1080482211,1
713230860,1
954757904,1
1062447244,1
835320611,1
51001572,1
343870811,1
1039755075,1
1046903152,1
1014872112,1
988576307,1
1023792190,1
1028639552,1
1035751411,1
1056795099,1
709052520,1
942973952,1
1070000322,1
760756314,1
832351741,1
1072071337,1
706375188,1
1038510233,1
52895810,1
901454045,1
708739900,1
1018186157,1
609474072,1
1026210996,1
694721439,1
1034501462,1
835981545,1
646295841,1
1043941235,1
421034203,1
897752871,1
65734928,1
93494093,1
1051975856,1
289677863,1
808676754,1
843345623,1
552011745,1
942508139,1
988456357,1
1008277809,1
822057880,1
579683209,1
975466462,1
1076164007,1
287064955,1
875133142,1
944519650,1
1025085089,1
1023350952,1
1030119514,1
1024321415,1
197608276,1
1071155570,1
1080933496,1
621797165,1
1058692785,1
1071154383,1
817168075,1
401827148,1
1027332803,1
408097673,1
1009746959,1
43217996,1
1034344839,1
533102687,1
527409702,1
390755716,1
409519915,1
1009929723,1
1054857469,1
772163772,1
1014147827,1
1016059604,1
1022412690,1
680574672,1
945332438,1
1009107015,1
1054730466,1
1055019998,1
1055935537,1
1055681315,1
1056564323,1
1045377767,1
1045230698,1
484549841,1
101477865,1
851855204,1
790361877,1
301514002,1
85609372,1
192371870,1
1058057160,1
1059579579,1
1059282683,1
820506618,1
988839331,1
1023122283,1
1008629273,1
1030730523,1
1038008963,1
1041938416,1
615718556,1
979246010,1
973873362,1
984312319,1
312028116,1
1017502507,1
946830210,1
1055897606,1
859046201,1
1053888913,1
1044520455,1
927703445,1
1052520554,1
643833854,1
955886362,1
912030079,1
560243932,1
777590906,1
909918416,1
1010448189,1
677874006,1
958155055,1
522154950,1
943984834,1
832788653,1
1043674061,1
1040590872,1
1035899057,1
1043342960,1
1046200236,1
1043563168,1
1056385490,1
952435891,1
922870932,1
853453681,1
1028168939,1
1025470168,1
973695860,1
987536263,1
1001359605,1
1033516665,1
871520101,1
1035187042,1
166900574,1
802384279,1
575441473,1
529452800,1
101444247,1
885401192,1
1076292168,1
957467457,1
1020963180,1
1023072840,1
1023076808,1
1019333704,1
41241066,1
1016162042,1
1022758306,1
963766487,1
677815124,1
438476875,1
392727028,1
553251466,1
1027259594,1
1034623497,1
1030460306,1
879510030,1
883596761,1
1018594929,1
1039732636,1
1040939992,1
911390364,1
887204998,1
809680609,1
985741638,1
162220652,1
26912943,1
494173969,1
1005341571,1
1026969780,1
879384423,1
568708388,1
1078373123,1
1080357227,1
1009938409,1
544587519,1
1019304303,1
1018485408,1
382773344,1
531793130,1
1022834680,1
1076606118,1
927043587,1
705544532,1
211683259,1
871078423,1
421127447,1
565687827,1
653558901,1
437557486,1
1020224894,1
1013264097,1
1078764170,1
1029974252,1
1062142060,1
1030832485,1
501200829,1
1068307406,1
1067884697,1
753180415,1
1017597529,1
1017129071,1
171362103,1
2060317,1
401089462,1
885134990,1
192762486,1
287954950,1
1052594168,1
719185,1
1011382650,1
1017273244,1
1018530740,1
1066501930,1
997866238,1
