作品ID,論理,制御フロー,同期,抽象化,データ表現,ユーザとの対話性,並列処理,CTスコア
995608817,0,3,2,2,2,1,1,11
987647697,1,2,2,3,2,1,3,14
988674306,2,2,2,2,2,1,3,14
973176852,3,3,3,3,1,1,3,17
1023844556,0,2,3,1,1,2,3,12
633130337,0,2,1,3,1,2,1,10
1042843511,0,2,0,1,1,1,1,6
878974145,0,2,0,1,2,1,1,7
91331917,0,0,0,0,0,0,0,0
919878818,0,0,0,0,0,0,0,0
915447085,2,2,2,1,1,1,1,10
1067865853,3,3,3,3,2,2,3,19
1064985815,0,1,2,1,1,1,0,6
1056989349,3,3,3,2,3,2,3,19
1047229893,0,0,0,0,0,0,0,0
1047220584,1,0,0,0,2,0,0,3
1043646342,0,0,0,0,0,0,0,0
1045630051,0,0,0,0,0,0,0,0
1043647908,0,0,0,0,0,0,0,0
1043645448,0,1,0,0,2,1,0,4
1038269749,0,0,0,0,0,0,0,0
1034682029,0,0,0,0,0,0,0,0
1027424749,0,0,0,0,0,0,0,0
1027424493,0,0,0,0,0,0,0,0
1027424215,0,0,0,0,0,0,0,0
428156735,0,2,2,1,1,1,3,10
68544212,0,0,0,0,0,0,0,0
983138587,0,2,0,1,1,2,1,7
66681914,0,0,0,0,0,0,0,0
798353991,0,2,0,0,0,1,0,3
464890679,0,0,0,0,0,0,0,0
726547293,0,0,0,0,0,0,0,0
996648416,1,2,1,3,2,2,1,12
996711391,0,0,0,0,0,0,0,0
863746212,0,2,0,1,1,1,1,6
945373511,3,3,2,1,2,2,3,16
535783147,0,0,0,0,0,0,0,0
535695413,0,0,0,0,0,0,0,0
514510708,0,1,2,1,1,2,3,10
411210603,3,3,3,3,3,2,3,20
996175251,3,2,2,3,2,2,3,17
1019725316,1,2,3,2,2,2,1,13
1018176659,0,0,0,0,0,1,0,1
1019210253,0,2,0,1,2,1,1,7
1018812661,0,2,0,1,1,1,1,6
1010102155,0,0,0,0,0,0,0,0
1066212649,0,0,0,0,0,0,0,0
1057267986,3,3,3,3,2,2,3,19
1057609734,3,3,2,3,3,1,3,18
932089914,0,2,1,1,1,1,1,7
1042650778,3,3,2,3,2,2,3,18
1055784081,0,3,2,2,2,1,1,11
1059114078,0,2,1,1,2,1,1,8
1058446475,3,3,2,3,3,1,3,18
121667836,0,0,0,0,0,0,0,0
728286315,3,3,3,3,2,2,3,19
534597363,3,2,3,1,2,2,3,16
674053257,3,3,3,3,3,2,3,20
60917032,3,3,3,3,3,2,3,20
1051863815,0,0,0,0,0,0,0,0
1061648583,0,2,1,1,1,1,1,7
1045572411,0,2,0,0,0,1,0,3
1012884913,0,0,0,0,0,0,0,0
1007356444,0,2,0,0,1,1,0,4
1022876416,3,2,0,1,3,1,1,11
1009434495,0,2,1,1,1,1,1,7
101096448,0,0,0,0,0,0,0,0
1080825412,0,1,0,1,1,2,1,6
1048571676,3,3,3,3,3,1,3,19
413799949,3,3,3,3,2,2,2,18
1001546446,0,2,1,1,1,1,1,7
961731254,0,0,0,0,0,0,0,0
825590845,3,2,2,1,1,2,1,12
639736326,1,2,2,1,1,2,1,10
837182774,0,2,1,1,1,1,1,7
659168736,0,2,1,1,1,1,1,7
311556255,1,2,2,1,1,2,1,10
1072726349,0,2,2,2,2,1,1,10
478260051,0,2,0,1,1,1,1,6
1081093223,3,2,3,1,2,2,3,16
472120032,0,3,1,2,1,1,1,9
846567479,3,3,2,3,2,1,3,17
1081236879,0,2,1,1,1,2,1,8
789040237,0,2,3,1,1,1,3,11
1071446233,0,2,2,1,1,1,3,10
761078107,0,2,3,3,1,1,3,13
856707011,1,2,1,3,2,2,1,12
555327424,3,3,2,2,2,2,0,14
213423212,0,0,0,0,0,0,0,0
992335511,1,2,2,1,2,2,1,11
489159823,3,3,3,3,3,2,3,20
1075803612,3,2,2,2,2,1,3,15
1065378323,0,1,0,1,1,2,2,7
1052429197,0,0,0,0,0,0,0,0
1044419654,0,2,0,0,0,1,0,3
1024276856,0,2,0,1,1,1,1,6
959370953,0,1,0,1,1,2,0,5
996741977,0,0,0,0,0,0,0,0
928423111,3,3,3,3,3,2,1,18
707869151,3,3,3,3,2,2,3,19
446028518,3,3,3,2,2,2,3,18
284081932,3,3,3,3,3,2,3,20
787948437,3,3,3,3,3,2,3,20
953046105,3,3,3,3,2,2,3,19
836040447,3,3,3,3,3,2,3,20
946418677,3,2,3,3,3,2,3,19
1048547803,3,3,3,3,3,2,3,20
673950377,3,3,3,3,2,2,3,19
1055939021,3,3,3,3,3,2,1,18
1056758144,3,3,3,1,2,2,3,17
1056891759,3,2,3,3,3,2,3,19
1050784086,3,2,2,3,2,2,3,17
10128407,3,3,3,3,3,2,3,20
930145318,1,2,1,2,3,1,1,11
876503689,3,3,3,1,3,2,3,18
287585229,2,3,3,3,3,1,3,18
361587332,3,2,3,1,2,3,3,17
762997233,0,2,1,1,1,1,1,7
564435478,3,3,3,3,3,2,3,20
913529042,0,2,1,1,1,1,1,7
793285693,0,2,3,1,2,1,1,10
737792768,3,3,3,1,1,2,1,14
932635893,1,2,3,1,2,2,3,14
923134406,0,1,0,1,1,2,2,7
640286443,3,3,3,3,3,1,3,19
95127403,0,0,0,0,0,0,0,0
639429555,3,3,3,3,3,1,3,19
1006000518,0,0,0,0,0,0,0,0
1008579701,0,2,0,1,1,1,1,6
1014009993,0,1,3,1,1,2,0,8
971345796,0,2,2,3,1,1,3,12
996776641,0,1,0,1,1,2,1,6
998122597,0,1,3,1,1,2,1,9
995494942,0,1,0,1,1,2,0,5
984348018,0,1,0,1,1,2,0,5
992501627,0,1,3,1,1,2,0,8
953567719,3,2,3,1,1,2,1,13
970300497,0,1,1,1,1,1,1,6
915188505,0,2,0,1,1,2,1,7
901682731,0,2,2,1,2,1,3,11
979858395,1,2,2,1,1,3,1,11
934096307,3,2,3,1,2,2,2,15
979867552,0,1,0,1,3,2,0,7
106425884,0,0,0,0,0,0,0,0
979838939,3,3,2,3,3,2,3,19
266810368,3,3,3,2,3,2,0,16
138345047,0,0,0,0,0,0,0,0
941716955,1,2,2,1,2,2,1,11
1078307179,0,2,0,1,1,1,1,6
1077711582,0,2,0,0,0,1,0,3
96562625,0,0,0,0,0,0,0,0
969256844,2,2,2,3,3,2,3,17
846234935,1,2,0,3,2,2,1,11
830287245,0,2,0,0,1,1,0,4
836683502,0,2,1,2,2,1,1,9
331474033,0,0,0,0,0,0,0,0
455986754,3,3,2,3,2,1,3,17
533045968,0,2,3,1,1,1,3,11
468193782,0,2,2,1,1,1,3,10
170026565,3,3,3,3,3,2,3,20
301875509,3,3,3,1,2,2,0,14
26805471,0,0,0,0,0,0,0,0
269484201,0,0,0,0,0,0,0,0
269484444,0,1,0,2,1,0,0,4
269483623,0,1,0,2,1,0,0,4
269484842,0,0,0,0,0,0,0,0
359345386,0,3,2,1,1,2,3,12
301870071,0,0,0,0,0,0,0,0
1014893004,0,0,0,0,0,0,0,0
1079082052,3,3,3,2,1,2,1,15
968483004,0,1,2,1,1,1,3,9
930655286,3,3,3,3,3,2,3,20
1078191134,0,1,0,0,0,1,0,2
999474776,3,2,0,3,2,2,1,13
1073501637,3,3,3,1,1,2,1,14
1078148855,0,2,1,0,1,1,0,5
860213916,0,2,2,1,1,1,3,10
169653065,0,0,0,0,0,0,0,0
1000009808,3,3,3,3,3,2,3,20
107423155,0,0,0,0,0,0,0,0
730256507,0,2,1,0,1,1,0,5
1069453858,0,0,0,0,0,0,0,0
1053405992,3,3,3,2,2,2,3,18
1080863727,0,0,0,0,0,0,0,0
993909246,3,3,0,2,1,2,1,12
1027615604,0,1,0,1,1,2,0,5
1023153254,0,1,0,1,1,2,0,5
1014947848,0,0,0,0,0,0,0,0
1075796439,2,3,3,3,2,2,3,18
1053009359,0,2,0,1,1,1,0,5
1009351795,0,0,0,0,0,0,0,0
1067686497,1,2,0,1,1,2,1,8
1067663084,0,2,1,1,1,2,1,8
1065593064,3,2,3,3,2,2,1,16
975694904,3,3,3,3,3,2,3,20
546266119,3,3,2,3,2,2,1,16
829881652,0,0,0,0,0,0,0,0
712923448,0,2,2,1,1,1,1,8
604936041,0,0,0,0,0,0,0,0
991072625,0,0,0,0,0,0,0,0
910779411,3,2,3,3,2,1,3,17
1076893793,3,3,3,3,3,2,3,20
840499797,0,3,3,2,2,1,3,14
1074075112,0,2,1,1,2,1,1,8
1011052786,0,2,3,3,2,1,3,14
999129656,0,2,3,3,2,2,3,15
640938979,3,3,3,3,2,1,3,18
1064570354,0,2,2,3,1,1,3,12
1042557685,0,2,2,3,1,1,1,10
1052512029,0,2,2,1,1,1,3,10
1059080047,3,3,3,3,3,2,3,20
705028386,3,3,2,3,2,1,3,17
1075538167,0,2,0,1,0,1,0,4
979355909,0,2,2,1,2,1,3,11
1076644686,0,1,0,0,1,1,0,3
1065400623,0,2,1,1,1,2,1,8
1049083455,3,3,2,3,2,2,3,18
1021854474,0,2,1,0,1,1,0,5
881696532,3,3,3,3,3,1,3,19
114623465,0,0,0,0,0,0,0,0
304292119,2,2,1,3,1,1,1,11
670568101,3,3,3,3,3,1,3,19
1047168606,0,2,2,1,1,1,1,8
930690948,0,2,2,2,2,1,3,12
152436958,3,3,3,3,2,2,3,19
948571714,3,3,3,3,3,2,3,20
810079355,2,2,3,3,2,1,3,16
1014113713,0,2,2,1,1,1,1,8
980068107,3,3,2,3,3,2,3,19
1034372285,3,3,3,3,3,2,3,20
1035045092,2,2,2,1,3,2,3,15
1016923413,3,3,3,3,3,2,3,20
1038702705,3,3,3,3,3,2,3,20
1037942542,3,3,3,3,2,2,3,19
1042497735,3,3,3,3,3,2,3,20
946798919,3,2,3,3,2,2,0,15
1024635861,3,3,3,3,3,2,3,20
1022236684,3,2,3,2,2,2,3,17
1027588787,0,2,1,1,2,2,1,9
1016024304,3,3,3,3,2,2,3,19
428265264,3,3,3,3,2,2,3,19
953846392,3,3,3,3,3,2,3,20
641971399,0,1,0,0,1,2,0,4
55037694,0,0,0,0,0,0,0,0
612480024,3,3,3,3,3,2,3,20
12113414,3,2,3,1,2,2,3,16
118762612,0,0,0,0,0,0,0,0
959655372,1,2,1,1,2,1,1,9
17997191,0,0,0,0,0,0,0,0
853110869,3,3,3,3,3,2,3,20
1074272664,0,2,3,1,1,2,3,12
17209672,0,0,0,0,0,0,0,0
888774224,0,2,0,0,0,1,0,3
699333368,2,2,1,1,3,2,1,12
960894357,0,0,0,0,0,0,0,0
991161944,3,2,3,3,2,2,1,16
988929641,3,2,3,3,2,2,1,16
377374516,3,3,3,3,3,2,3,20
854398085,3,3,3,3,2,2,3,19
924118926,3,3,3,3,3,2,3,20
932892326,3,3,3,3,3,2,3,20
1054786028,0,2,0,1,1,1,1,6
1034790025,0,1,0,0,1,1,0,3
694540239,3,2,3,1,1,2,1,13
1023056928,0,2,0,0,0,1,0,3
623235787,3,3,3,3,2,2,2,18
554147954,3,3,3,3,3,2,3,20
1153269,0,2,3,2,2,1,3,13
944630148,0,2,3,1,2,2,3,13
1072786822,2,2,2,1,2,1,3,13
712989984,0,2,1,1,1,2,2,9
669828978,2,3,3,1,2,2,3,16
964762211,0,2,2,1,2,1,3,11
884634344,0,1,2,1,1,1,3,9
955350576,0,2,2,1,1,1,3,10
658337935,3,3,2,3,3,2,2,18
873264672,0,3,3,1,3,1,3,14
585849471,2,3,2,1,2,2,3,15
744374635,3,3,3,3,2,1,1,16
127696811,0,0,0,0,0,0,0,0
790254764,0,2,2,1,1,1,3,10
1051149939,2,2,2,1,2,2,3,14
392188854,3,3,3,3,3,2,3,20
654728546,3,3,3,3,3,2,3,20
375833236,3,3,3,3,2,2,3,19
701095852,3,2,3,1,2,2,3,16
739973673,3,3,3,3,3,2,3,20
565103469,0,2,0,1,1,2,2,8
818188059,1,2,0,0,1,3,0,7
699572928,3,3,3,3,2,2,3,19
351793769,3,3,3,3,3,2,3,20
1081606143,0,0,0,0,0,0,0,0
1072391737,0,0,0,0,0,0,0,0
1041570813,0,2,2,2,1,1,3,11
1034705074,3,3,2,3,3,2,3,19
787562783,2,2,3,1,2,1,3,14
993371259,2,3,0,0,1,2,0,8
980773761,0,2,0,1,0,1,1,5
871332809,3,3,3,2,3,2,3,19
635975105,3,3,3,3,3,1,3,19
997793278,3,3,2,1,1,2,0,12
997745296,3,3,3,3,2,2,3,19
878559269,0,1,0,0,1,1,0,3
879035202,1,2,2,2,2,2,3,14
1013679791,3,3,3,3,3,1,3,19
882437279,3,3,3,3,2,2,3,19
1019462943,0,2,0,1,1,2,0,6
1077390925,0,2,1,2,2,0,0,7
1077235354,0,2,2,2,1,2,1,10
1077255703,0,2,1,2,2,1,0,8
1044083496,0,2,1,1,1,1,1,7
1075300717,0,0,0,0,0,0,0,0
1040836003,0,2,2,1,1,1,3,10
1062102531,0,0,0,0,0,0,0,0
1062542254,0,2,1,1,1,1,0,6
412433858,2,2,2,1,1,2,3,13
863869642,0,2,2,3,2,1,3,13
1022142005,0,2,2,1,1,1,3,10
1070386608,1,2,2,3,3,2,1,14
16044778,0,0,0,0,0,0,0,0
581224661,3,2,3,3,3,2,3,19
1018332425,0,2,1,1,1,1,1,7
1055802472,0,2,0,0,0,1,0,3
1048582235,0,0,0,0,0,0,0,0
912224622,2,2,2,1,2,2,2,13
725195876,0,1,0,0,0,2,0,3
1071764284,0,2,0,1,1,2,1,7
1067075448,0,2,2,1,1,1,3,10
1061523342,0,2,0,1,1,2,2,8
1058014826,1,2,2,2,1,2,3,13
1004653515,0,2,1,1,1,1,1,7
1056647282,3,2,3,1,1,2,1,13
699520705,3,3,3,3,2,2,3,19
945306817,0,2,2,1,2,1,1,9
788438891,3,3,3,1,3,2,3,18
930151871,0,3,2,2,2,1,1,11
873660552,0,2,1,1,1,1,1,7
566477766,0,3,3,1,2,1,3,13
585488117,0,2,2,2,2,1,1,10
1051288779,0,2,0,1,1,2,0,6
1074619882,0,0,0,1,2,0,0,3
881744165,3,2,2,3,3,2,3,18
1059039898,2,2,1,3,2,1,1,12
1062647317,0,2,2,1,1,1,3,10
1050324985,3,1,1,0,2,1,0,8
1063624847,0,2,0,1,1,1,1,6
1043766505,2,2,3,3,3,1,3,17
1052622099,3,3,3,3,3,2,3,20
957445763,0,2,1,2,1,1,1,8
1059919776,0,3,0,1,2,2,1,9
1020629457,0,2,1,3,2,1,1,10
488644595,3,3,3,3,3,2,3,20
876857061,3,3,3,3,3,2,3,20
713129383,3,3,3,3,3,2,3,20
855445766,3,3,3,3,3,2,3,20
471688706,3,3,3,3,3,2,3,20
954516444,2,2,2,1,2,2,3,14
957101579,3,3,3,3,3,2,3,20
27676406,3,3,3,3,3,2,3,20
17363638,0,0,0,0,0,0,0,0
116169977,3,3,3,3,2,2,3,19
778582288,3,3,3,3,3,2,3,20
995230379,0,2,2,1,1,2,1,9
957468487,0,2,0,1,1,1,1,6
991623028,0,0,0,0,0,0,0,0
996778769,0,2,0,0,0,1,0,3
420987785,0,2,0,3,1,1,0,7
953530944,3,3,3,3,3,2,3,20
941037666,1,3,1,2,3,1,1,12
1051864128,0,0,0,0,0,0,0,0
356172393,3,3,2,2,3,1,1,15
861300526,3,3,3,3,3,2,3,20
690341071,3,3,3,3,2,2,3,19
1038231583,3,3,3,3,3,2,3,20
1054562041,0,2,1,3,1,1,1,9
323984271,0,2,0,1,2,1,1,7
1054945543,0,2,2,1,1,1,3,10
547025035,0,2,0,0,0,1,0,3
546642257,0,0,0,0,0,0,0,0
966303531,0,0,0,0,0,0,0,0
1012156318,0,0,0,0,0,0,0,0
946098423,3,2,3,3,2,2,1,16
1031559704,0,3,2,1,1,1,3,11
982254042,3,3,2,2,1,2,3,16
961356009,3,3,3,1,2,2,1,15
1043738671,0,1,0,1,1,1,0,4
102428577,1,3,2,1,3,2,3,15
560596896,0,0,0,0,0,0,0,0
1010317531,3,3,3,3,3,2,3,20
766775266,0,1,0,1,3,2,2,9
598442013,2,3,2,0,2,2,0,11
595356801,0,2,2,1,2,2,3,12
1059746523,0,2,2,1,1,1,1,8
1062217583,2,2,2,3,2,2,2,15
1077100357,3,3,2,3,2,1,3,17
1076999458,0,0,0,0,0,0,0,0
1073817895,0,2,1,1,1,2,1,8
982727869,0,1,0,1,1,2,0,5
1066539883,0,1,0,1,2,2,1,7
1067872695,3,3,2,3,2,1,3,17
1052459346,3,2,2,3,2,1,3,16
1058804756,0,2,0,1,2,2,3,10
587166423,3,3,3,3,2,2,3,19
992562475,3,3,3,3,3,2,3,20
654165145,2,2,2,3,2,2,3,16
992315912,3,3,3,3,3,2,3,20
322239494,0,2,1,1,1,2,2,9
224236914,3,3,3,3,3,2,3,20
323363385,0,2,1,1,1,2,2,9
323043232,0,1,1,1,1,2,2,8
823872487,3,3,3,3,3,2,3,20
46587498,0,0,0,0,0,0,0,0
406620878,3,3,3,3,3,2,3,20
843162693,3,3,3,3,3,2,3,20
450074108,3,3,3,3,3,2,3,20
1004121608,3,3,3,3,3,2,3,20
930562603,3,3,3,3,2,2,3,19
992946604,3,2,2,1,2,2,3,15
920785856,3,3,3,3,3,2,3,20
885593924,3,3,2,3,2,2,3,18
95750839,0,0,0,0,0,0,0,0
685271634,3,3,3,3,3,2,3,20
862198463,3,3,2,3,2,2,3,18
753164295,3,3,3,3,3,2,3,20
947046713,3,3,3,3,3,2,3,20
951376155,3,3,0,2,3,2,1,14
684065914,3,3,3,3,2,2,3,19
709147137,3,3,3,3,3,2,2,19
585106835,1,2,2,1,1,2,3,12
993357622,3,2,2,2,2,2,3,16
26953261,0,0,0,0,0,0,0,0
332774636,0,2,1,1,1,1,1,7
368553699,3,2,2,3,2,2,3,17
912063221,2,3,2,3,2,2,2,16
991140671,3,2,3,3,3,2,3,19
857870415,3,2,3,3,3,2,1,17
886358738,3,3,3,3,3,2,3,20
1020384861,3,3,3,2,3,2,3,19
804417544,3,3,2,3,3,2,3,19
643890035,3,3,2,3,3,2,2,18
776699718,2,2,1,1,3,2,0,11
1043346096,2,2,3,1,3,2,2,15
1032756481,0,2,1,1,1,1,1,7
1070349798,0,2,1,1,1,1,1,7
886847573,0,2,1,1,1,2,2,9
690521265,1,2,2,3,3,1,3,15
1078718606,0,2,2,1,1,2,1,9
884440214,2,2,2,3,3,2,3,17
1050530682,2,2,1,1,2,2,3,13
1079886943,3,2,3,1,1,2,2,14
1071160102,0,2,1,1,1,1,1,7
1076102736,0,1,0,1,1,2,0,5
1077505581,0,1,0,1,1,2,2,7
950470024,3,3,3,3,3,2,3,20
941543993,3,3,2,2,2,2,3,17
1051893874,0,2,2,1,1,1,3,10
1003825797,3,3,3,3,2,2,3,19
1037689538,0,2,0,1,1,2,1,7
1034322354,0,2,0,1,1,2,1,7
1035312673,0,2,0,1,1,2,1,7
1035248316,0,2,2,1,1,2,1,9
1034625096,0,2,0,1,1,2,1,7
1034449627,3,2,2,2,3,1,1,14
1032876293,0,1,0,1,1,2,2,7
1029377923,0,2,0,1,1,2,2,8
1028044573,3,3,0,2,2,2,3,15
1024573942,0,1,0,1,1,2,0,5
1016431789,0,2,0,1,1,2,1,7
1038704581,0,2,0,1,1,2,1,7
1064826838,0,2,0,1,1,1,1,6
1071042026,0,2,1,2,3,1,1,10
1073589464,0,0,0,0,0,0,0,0
910432132,0,0,0,0,0,0,0,0
1073108511,0,0,0,0,0,0,0,0
1083226856,0,2,3,3,2,1,3,14
1022859647,0,2,3,1,2,1,3,12
511117852,1,2,2,1,1,2,1,10
502659852,2,1,0,1,1,2,0,7
502565939,1,1,0,1,1,1,1,6
503857228,2,1,0,0,1,2,0,6
503845719,2,2,2,1,1,2,1,11
502652015,1,2,0,1,1,2,0,7
180799165,0,1,0,1,1,2,0,5
168888257,3,2,0,1,1,2,1,10
167865349,1,1,0,0,1,2,0,5
411683888,2,1,0,1,0,2,0,6
167863545,1,1,0,1,1,2,0,6
411682472,1,1,0,1,1,2,0,6
411684817,0,2,3,1,1,2,1,10
535624932,0,2,2,1,1,2,3,11
1064586636,0,2,2,1,2,2,3,12
224896574,3,3,3,3,3,2,3,20
743188755,3,3,2,1,2,2,3,16
1079309109,0,0,0,0,0,0,0,0
1061924903,3,3,3,3,2,2,3,19
1011872002,3,2,3,3,2,2,3,18
928536764,0,2,1,1,2,2,1,9
923325406,0,0,0,0,0,0,0,0
621172683,3,3,3,3,2,2,3,19
884410653,3,3,3,3,3,2,3,20
639484052,3,2,3,3,2,2,3,18
807524487,3,3,3,3,3,2,3,20
1033205765,3,3,3,3,3,2,3,20
1052720961,3,3,2,3,2,2,1,16
823447133,3,3,3,3,3,2,3,20
512998261,0,1,2,1,1,1,1,7
921530093,3,3,3,3,3,2,3,20
456857547,3,3,3,3,3,2,3,20
398524805,0,0,0,0,0,0,0,0
584760335,0,2,0,1,1,2,1,7
556741506,0,1,2,1,0,2,3,9
976597594,0,2,0,0,0,1,0,3
718222333,0,0,0,0,0,0,0,0
745077975,0,2,0,0,1,1,0,4
1052213789,0,0,0,0,0,0,0,0
553535316,0,2,2,3,1,1,3,12
61214422,0,0,0,0,0,0,0,0
852672317,0,2,3,1,1,1,3,11
813709345,0,0,0,0,0,0,0,0
817664836,0,2,2,1,1,1,3,10
748185365,0,0,0,0,0,0,0,0
655445955,0,2,0,1,1,1,1,6
1074304765,0,2,0,1,1,1,1,6
978116098,3,2,0,3,2,2,2,14
1070405685,0,0,0,0,0,0,0,0
107087774,0,0,0,0,0,0,0,0
1069198147,0,0,0,0,0,0,0,0
955199767,2,3,1,1,1,1,1,10
1064111406,2,1,2,1,2,2,3,13
1063015768,0,2,2,1,1,1,1,8
919004522,0,2,0,0,0,1,0,3
1060827015,2,2,2,3,2,2,3,16
1077137586,0,0,0,0,0,0,0,0
1047194755,3,2,3,2,2,2,0,14
767660172,0,2,1,1,1,1,1,7
399864687,3,2,3,3,3,2,3,19
844609813,0,0,0,0,0,0,0,0
837944942,0,2,1,1,1,1,1,7
998061025,0,1,2,1,1,1,1,7
347792551,0,2,0,0,0,1,0,3
992827869,0,0,0,0,0,0,0,0
942828873,0,2,1,1,1,1,1,7
546931104,0,0,0,0,0,0,0,0
945662618,0,0,0,0,0,0,0,0
382706757,2,2,2,1,1,2,3,13
315862946,3,3,3,2,3,2,3,19
144790962,3,3,3,1,2,2,3,17
220885715,3,3,3,1,3,2,3,18
488315821,2,1,0,1,2,2,2,10
18337277,0,0,0,0,0,0,0,0
669015766,3,3,3,2,3,2,3,19
516450718,3,3,3,2,3,2,3,19
423381454,3,3,3,1,3,2,3,18
167163265,3,3,3,2,3,2,3,19
951355905,2,3,3,1,2,2,2,15
1013840093,0,2,0,1,1,2,1,7
997611208,0,0,0,0,0,0,0,0
993248307,0,2,1,1,1,1,1,7
999539275,0,1,0,1,1,2,0,5
996525895,0,0,0,0,0,0,0,0
997410351,0,2,0,1,1,2,1,7
984128842,3,3,2,3,1,2,1,15
938241855,3,3,2,3,2,2,1,16
968648754,3,3,2,3,2,2,3,18
937912179,3,3,2,1,2,2,3,16
929689715,1,3,2,3,2,2,3,16
1004936676,0,1,2,1,1,1,1,7
1083329295,0,2,0,1,1,1,0,5
1080670772,0,1,0,0,0,1,0,2
1074363935,0,2,2,1,1,1,1,8
1062542148,0,2,1,1,1,2,0,7
327830822,2,2,3,3,2,2,3,17
561669616,3,2,2,1,2,2,3,15
734463649,0,1,3,1,1,2,3,11
989698619,0,2,1,1,1,1,1,7
203956143,0,1,1,1,1,1,1,6
980118341,0,1,1,1,1,2,0,6
964683545,0,0,0,0,0,0,0,0
957721628,2,2,0,1,1,2,1,9
93822764,0,0,0,0,0,0,0,0
721677623,0,2,0,1,1,2,1,7
901176231,0,2,0,0,0,1,0,3
562189847,0,2,2,1,1,1,3,10
1025916073,0,2,2,1,2,1,3,11
1036526392,0,2,1,1,1,1,1,7
1062422076,0,2,1,0,1,1,0,5
545937525,3,3,2,3,2,2,3,18
1007374003,1,2,2,1,2,1,3,12
1049125565,0,0,0,0,0,0,0,0
1048372151,0,2,0,1,1,1,1,6
1045595112,3,2,2,3,1,2,3,16
1048183478,0,1,0,0,0,1,0,2
1046062835,0,2,1,1,1,1,1,7
1042242497,0,2,2,1,1,2,1,9
1039246443,0,2,2,1,1,2,1,9
1051804096,0,2,0,1,1,2,1,7
731361771,2,1,3,1,2,3,3,15
413735343,0,0,0,0,0,0,0,0
545562281,3,3,2,1,2,2,1,14
833836631,0,2,2,1,1,1,1,8
1018014065,0,0,0,0,0,0,0,0
1080749284,3,2,3,1,2,2,3,16
124813258,0,0,0,0,0,0,0,0
425063869,0,1,0,1,0,2,2,6
1058714292,0,2,2,2,2,1,3,12
1046458381,0,0,0,0,0,0,0,0
746538626,0,2,2,1,1,1,1,8
958060535,0,2,0,0,0,1,0,3
703393246,0,2,0,0,0,1,0,3
227069842,3,3,3,2,2,2,3,18
554273537,0,0,0,0,0,0,0,0
36711178,3,3,3,3,3,2,3,20
1053456464,0,1,2,1,0,1,3,8
1080493648,0,0,0,0,0,0,0,0
662691447,3,2,3,3,2,2,3,18
485406774,0,2,0,1,2,1,1,7
1048670575,0,2,1,1,1,1,1,7
1035397144,3,2,3,2,2,2,3,17
605152743,0,0,0,0,0,0,0,0
187486734,3,3,3,3,2,2,3,19
147649973,0,0,0,0,0,0,0,0
865319763,0,2,2,1,1,1,3,10
988977734,0,2,0,1,1,1,1,6
973838612,0,2,0,2,1,1,1,7
116148495,0,0,0,0,0,0,0,0
1072241666,0,1,0,0,0,2,0,3
1070821343,3,2,3,1,2,2,3,16
971359353,3,3,3,3,2,2,3,19
236394375,0,0,0,0,0,0,0,0
886402741,3,2,3,1,3,2,3,17
1060258683,0,0,0,0,0,0,0,0
1051165672,2,3,2,3,2,1,3,16
1052039396,3,2,0,1,2,2,1,11
1046422485,3,2,2,3,2,2,1,15
1046139285,0,1,0,1,1,1,1,5
980048262,3,3,3,1,2,2,1,15
1003607036,3,3,3,2,1,2,1,15
1006066185,3,3,2,2,1,2,3,16
987496945,3,3,3,3,2,2,3,19
756917291,3,3,3,3,3,2,3,20
602494408,3,3,3,3,3,2,3,20
1066568769,0,2,2,1,1,2,2,10
670037873,1,2,2,1,1,2,1,10
647582551,3,3,3,3,2,2,3,19
635142834,3,3,3,3,3,2,3,20
627758293,0,2,2,1,1,1,3,10
654049368,3,2,3,3,2,2,3,18
554501396,0,0,0,0,0,0,0,0
975607048,0,2,2,1,1,2,1,9
909033162,0,2,1,1,1,1,1,7
1035077547,0,1,0,0,1,1,0,3
1024211466,0,0,0,0,0,0,0,0
1009852148,0,0,0,0,0,0,0,0
1077612105,0,2,1,1,1,1,1,7
1071540209,1,2,1,1,1,1,1,8
1062029673,0,2,1,2,2,1,1,9
1061959283,0,0,0,0,0,0,0,0
973523559,0,2,1,1,2,1,0,7
1004804551,3,3,3,3,3,2,3,20
980441842,2,2,2,1,2,2,3,14
122614437,0,0,0,0,0,0,0,0
991964258,2,1,0,2,2,2,0,9
879829444,3,3,3,3,2,1,3,18
899965154,3,3,3,3,2,2,3,19
878465277,3,3,3,3,3,2,3,20
669438474,3,3,3,3,3,2,3,20
655000031,3,3,3,3,3,2,3,20
678636729,3,3,3,3,3,2,3,20
1046554143,0,2,2,1,3,1,1,10
961189051,3,2,3,3,2,2,3,18
1030515703,3,3,2,2,3,2,2,17
1039286304,3,2,3,3,2,2,3,18
704844016,3,3,3,3,2,2,3,19
960679103,2,2,2,3,2,1,1,13
1072057464,0,2,0,1,1,1,1,6
937847608,0,1,0,1,1,1,0,4
1059898703,0,2,0,1,1,1,0,5
1051235566,0,2,0,1,1,1,1,6
12772683,0,0,0,0,0,0,0,0
996349727,3,3,3,3,3,1,3,19
979836626,0,2,2,1,1,1,1,8
492529759,0,2,2,1,1,1,1,8
1040249401,3,2,3,1,2,2,3,16
105500895,3,3,3,3,3,2,3,20
962263654,3,3,3,3,2,2,3,19
829300357,0,2,2,2,1,1,1,9
906499207,1,2,2,1,3,1,3,13
1072961118,0,2,1,1,1,1,1,7
1064735986,0,1,0,1,1,1,1,5
906460613,0,2,2,1,0,1,3,9
912157016,0,1,0,1,1,1,1,5
1067908826,3,2,2,1,1,1,1,11
455885141,0,2,2,1,1,2,1,9
1043962942,0,0,0,0,0,0,0,0
961542355,3,3,0,1,2,2,1,12
739838025,0,1,0,1,1,1,1,5
1071311998,0,2,1,0,1,1,0,5
1070899813,0,0,0,0,0,0,0,0
1027401718,0,2,1,1,1,1,1,7
1026172207,0,2,0,0,0,1,0,3
1040936595,0,0,0,0,0,0,0,0
1061464736,0,2,1,3,1,1,1,9
1065950025,0,2,0,0,0,1,0,3
1068648611,0,1,0,1,1,2,0,5
1062829712,3,2,2,1,1,2,1,12
1062586575,0,0,0,0,0,0,0,0
1074459112,3,2,3,1,1,2,3,15
1067464578,3,2,3,1,1,2,3,15
1063576321,3,2,3,1,1,2,1,13
1046744807,1,2,1,1,1,2,1,9
1045661918,2,2,2,1,2,2,1,12
1044445641,1,2,1,1,1,2,1,9
1043637726,0,1,0,1,1,2,1,6
1042548761,1,2,1,1,1,2,1,9
1038016525,0,0,0,0,0,0,0,0
1051154466,0,2,3,1,1,1,3,11
1078398419,0,2,3,1,1,1,3,11
803411805,0,2,3,1,2,2,3,13
966384899,0,1,2,1,1,1,0,6
677119108,0,2,3,1,1,1,3,11
1073660196,0,2,1,1,1,1,1,7
1067564333,0,2,0,0,1,1,0,4
850225417,0,2,3,1,2,1,3,12
1064314882,3,3,3,2,3,1,0,15
1027028884,3,3,2,3,3,2,1,17
992481079,3,3,3,3,3,3,3,21
890628429,0,2,3,1,2,2,1,11
1051612163,1,2,2,1,2,2,1,11
573535522,1,2,3,3,3,2,1,15
638233467,3,2,0,3,2,1,1,12
101573546,0,0,0,0,0,0,0,0
714297028,0,3,1,1,1,2,1,9
766436804,0,1,2,1,1,1,3,9
727951404,0,2,2,1,1,1,3,10
710334366,2,3,3,2,2,2,3,17
41582728,0,0,0,0,0,0,0,0
452873473,3,2,3,3,2,2,1,16
1080089265,0,2,1,0,1,1,0,5
1052703178,0,1,2,1,1,1,1,7
1050940303,0,0,0,0,0,0,0,0
1043859009,0,0,0,0,0,0,0,0
961023675,0,1,0,1,1,1,1,5
1018250245,0,1,0,1,1,2,2,7
670643162,0,0,0,0,0,0,0,0
996696254,0,0,0,0,0,0,0,0
783458645,0,0,0,0,0,0,0,0
540851307,0,2,0,1,1,1,1,6
945503673,3,2,2,3,1,2,3,16
944978274,0,0,0,0,0,0,0,0
1013998425,0,1,0,1,1,2,0,5
925452359,0,0,0,0,0,0,0,0
958044257,3,3,3,3,3,2,3,20
1010860652,3,2,3,3,3,2,1,17
481858347,3,3,3,3,3,2,3,20
17783489,3,3,3,3,3,2,3,20
911964846,3,3,1,1,2,1,1,12
969181305,3,3,3,3,3,2,3,20
1039681267,3,2,2,2,3,2,3,17
520625786,0,1,2,1,1,1,3,9
781660349,0,2,3,1,1,1,1,9
1034040792,3,3,3,3,3,2,3,20
1013703019,2,2,2,1,1,1,3,12
1048177948,0,1,0,0,0,1,0,2
384224325,3,3,3,3,3,2,3,20
487580583,3,3,3,3,3,2,3,20
975357473,0,2,2,1,2,1,3,11
56534898,3,3,3,3,3,2,3,20
109696943,0,0,0,0,0,0,0,0
713735815,3,3,3,3,2,2,3,19
63958014,0,0,0,0,0,0,0,0
60165802,0,0,0,0,0,0,0,0
672213088,3,3,3,3,3,2,1,18
690640219,0,0,0,0,0,0,0,0
483112694,0,1,0,0,0,1,0,2
961232865,0,2,1,0,1,1,0,5
1073165032,1,2,2,3,2,1,3,14
1030435717,0,1,0,1,1,2,2,7
989703413,0,2,2,1,2,2,2,11
118164566,0,0,0,0,0,0,0,0
315943507,3,3,3,3,2,2,3,19
873560237,3,3,3,2,3,2,3,19
1047903544,3,3,3,3,3,2,3,20
485855713,0,1,0,1,1,1,0,4
676569542,3,3,3,3,2,2,3,19
1033461227,0,2,2,1,1,1,3,10
977053105,3,3,3,3,3,2,3,20
1010516734,3,3,3,3,3,2,3,20
472452637,3,3,2,3,2,1,1,15
961585761,3,3,3,3,2,2,3,19
942962737,3,3,3,3,3,2,3,20
988829589,0,2,0,1,1,2,1,7
867512092,0,1,0,0,0,2,0,3
612229554,3,3,3,3,3,2,3,20
274154308,0,0,0,0,0,0,0,0
147106035,0,0,0,0,0,0,0,0
598658475,1,2,0,1,1,3,1,9
636207725,3,2,3,1,2,2,2,15
585264629,3,3,1,3,2,2,1,15
889724276,0,2,1,1,1,2,1,8
299154963,3,3,3,3,3,2,3,20
988791953,0,0,0,0,0,0,0,0
934548697,0,1,0,0,1,1,0,3
989961824,2,2,1,3,2,2,1,13
1053981083,0,2,3,1,2,2,3,13
206954111,0,0,0,0,0,0,0,0
1018436205,0,2,2,2,3,1,1,11
10556056,0,0,0,0,0,0,0,0
87879255,0,0,0,0,0,0,0,0
87808796,0,0,0,0,0,0,0,0
175900428,0,0,0,0,0,0,0,0
163783969,0,0,0,0,0,0,0,0
959099286,3,3,2,3,3,2,1,17
885791797,0,2,1,1,1,1,0,6
163725425,0,0,0,0,0,0,0,0
320954606,3,3,3,3,2,3,3,20
659040724,0,2,0,1,2,1,1,7
595141954,3,3,3,3,2,1,3,18
575965597,1,3,2,3,1,1,3,14
916799127,0,2,2,3,1,2,1,11
1068847608,3,2,3,1,2,2,3,16
1071684121,0,0,0,0,0,0,0,0
1022277165,3,3,3,3,2,2,3,19
1075651961,3,3,0,1,1,2,1,11
700050957,3,2,1,1,1,2,1,11
1066062381,1,2,0,3,2,2,1,11
1053658348,3,3,3,3,3,2,3,20
1078841319,3,3,3,3,3,2,3,20
964599643,0,1,2,1,1,1,3,9
963633359,0,2,1,1,1,2,1,8
872605367,0,2,1,0,1,1,0,5
548403663,0,2,0,0,0,1,0,3
1066527139,0,2,2,1,1,1,3,10
1064486396,0,0,0,0,0,0,0,0
1027533291,0,1,0,1,1,2,1,6
1029505057,0,0,0,0,0,0,0,0
1030880769,0,0,0,0,0,0,0,0
1030215701,0,0,0,0,0,0,0,0
993031486,0,0,0,0,0,0,0,0
872034068,0,0,0,0,0,0,0,0
424054321,3,3,3,3,3,2,3,20
851764166,0,2,1,1,1,1,1,7
602468498,3,2,2,1,2,2,3,15
391229022,3,3,3,3,3,2,3,20
1034562706,0,1,0,0,0,1,0,2
1034530718,0,1,0,0,1,1,0,3
978851153,0,2,0,1,1,1,1,6
1030881769,0,0,0,0,0,0,0,0
1032159811,0,0,0,0,0,0,0,0
1023068178,0,2,0,0,1,1,0,4
1023144076,1,2,2,1,2,2,1,11
929533535,0,1,0,1,1,2,0,5
1017334146,2,2,2,1,2,2,3,14
1066556985,0,1,0,0,1,1,0,3
835933609,0,2,2,1,1,1,3,10
753581242,3,3,2,3,1,1,3,16
977208117,0,0,0,0,0,0,0,0
991783327,3,3,2,2,1,1,1,13
302541573,3,3,3,3,3,2,3,20
1049165509,3,2,3,1,2,2,1,14
865454137,0,2,2,1,1,2,1,9
802930891,3,3,3,3,3,2,3,20
954212874,3,3,3,2,3,2,3,19
860891766,3,3,3,3,3,2,3,20
335935823,3,3,3,3,3,2,3,20
216123417,3,3,3,3,2,2,3,19
553825577,3,3,3,3,3,2,3,20
16291089,3,3,3,3,2,2,3,19
878801853,3,3,3,3,2,2,3,19
872169688,3,3,3,3,2,2,3,19
958286486,3,3,3,3,2,2,3,19
214544086,3,3,3,2,3,2,1,17
176164188,3,3,3,2,3,2,1,17
918882828,3,3,3,3,2,1,3,18
927044571,3,3,3,3,3,2,3,20
873219362,3,3,3,3,2,2,3,19
706965235,0,1,0,0,0,1,0,2
1033770544,0,0,0,0,0,0,0,0
1037755438,0,0,0,0,0,0,0,0
1019896667,0,2,3,1,1,2,3,12
849216943,0,2,1,3,1,1,1,9
888844408,0,2,1,1,1,1,1,7
544850699,0,1,3,1,1,1,1,8
858458791,0,2,2,3,1,1,1,10
1030963655,2,2,1,2,1,1,1,10
817813428,3,2,2,1,2,2,3,15
752833112,2,3,2,3,1,2,3,16
1051661121,0,2,0,1,1,2,0,6
805718042,3,3,3,3,3,1,3,19
946780942,0,0,0,0,0,0,0,0
662539858,3,3,3,3,3,1,3,19
913173169,0,2,1,0,0,1,0,4
662641687,0,1,2,1,1,1,1,7
707360058,0,2,2,1,1,1,3,10
652639732,0,2,2,1,1,1,1,8
763721091,2,3,2,1,2,1,3,14
662684786,0,1,1,1,1,1,1,6
673085747,2,2,2,1,2,1,1,11
760649021,0,2,2,1,1,1,1,8
712482421,0,2,2,3,1,1,3,12
702924768,0,2,2,1,1,1,1,8
702621911,0,2,2,1,1,1,1,8
702391227,0,2,1,1,1,1,1,7
703126924,0,2,2,1,1,1,1,8
666584781,0,2,2,1,1,1,1,8
667980283,0,2,2,1,1,1,1,8
771798812,0,2,3,1,1,1,3,11
653266819,2,2,2,1,2,1,1,11
698131589,0,2,2,1,1,1,1,8
767826042,0,2,2,1,1,1,1,8
907556799,0,2,1,1,1,1,1,7
1039226753,0,0,0,0,0,1,0,1
1031798683,0,0,0,0,0,0,0,0
950603819,0,2,1,1,1,1,1,7
855139756,0,2,1,1,1,1,1,7
721121922,0,2,2,1,1,2,1,9
405546779,0,1,0,1,1,1,1,5
1010825055,0,2,1,1,1,1,1,7
1066770905,0,0,0,0,0,0,0,0
1071068601,0,0,0,0,0,0,0,0
1071041228,0,0,0,0,0,0,0,0
996382154,0,0,0,0,0,0,0,0
992990304,0,1,0,1,1,1,1,5
991916513,0,2,0,1,1,2,1,7
878972234,0,1,0,1,1,2,0,5
728464113,2,2,2,3,3,1,3,16
1003006858,3,2,3,1,2,2,1,14
194164289,0,0,0,0,0,0,0,0
10015792,0,0,0,0,0,0,0,0
890815944,3,2,3,1,2,2,1,14
10007151,0,2,1,1,1,1,1,7
10014986,0,0,0,0,0,0,0,0
960467979,0,2,2,1,1,2,1,9
885719207,0,2,2,3,1,1,3,12
1018727272,2,2,1,1,2,1,1,10
882185204,0,1,1,1,1,1,1,6
1030651866,0,0,0,0,0,0,0,0
1055814466,0,2,0,1,1,1,1,6
1056349752,0,0,0,0,0,0,0,0
1080753185,3,3,1,1,1,2,1,12
983054586,2,2,2,1,3,2,3,15
1001617474,0,1,0,1,1,2,2,7
979809453,2,2,2,1,2,2,3,14
1067882315,0,1,0,1,1,2,1,6
957132335,2,2,2,1,2,2,3,14
1054333082,2,2,2,1,2,2,3,14
1062914374,0,0,0,0,0,0,0,0
1049062743,0,1,0,1,1,2,1,6
1078819939,0,0,0,0,0,0,0,0
1075087963,0,1,0,1,1,2,0,5
1073620527,0,0,0,0,0,0,0,0
966336577,0,0,0,0,0,0,0,0
1071161047,0,2,1,2,3,1,1,10
1070946765,0,0,0,0,0,0,0,0
1063008304,0,0,0,0,0,0,0,0
1062595222,0,0,0,0,0,0,0,0
124709172,0,0,0,0,0,0,0,0
230628554,0,1,0,1,2,2,2,8
639378912,0,2,0,0,0,1,0,3
934541714,3,3,1,3,1,2,1,14
958665786,0,1,0,0,0,1,0,2
902035606,3,2,2,3,3,1,3,17
1020983943,0,1,1,0,0,1,0,3
1017637368,3,2,2,2,2,1,1,13
1001473906,0,0,0,0,0,0,0,0
1018480866,0,0,0,0,0,0,0,0
1078062298,0,2,0,1,1,2,1,7
428164703,3,3,3,3,2,2,3,19
348672053,3,2,3,2,2,1,3,16
1034684023,0,2,0,1,1,1,1,6
645982517,0,0,0,0,0,0,0,0
314682372,0,0,0,0,0,0,0,0
735815295,3,3,3,3,3,2,3,20
1050442794,0,0,0,0,0,0,0,0
945554102,2,2,2,3,1,2,3,15
1080610307,0,2,0,0,0,1,0,3
1036945698,0,0,0,0,0,0,0,0
1077132037,0,2,0,2,1,2,1,8
1045276803,3,2,3,1,1,2,1,13
929915973,0,2,2,1,1,1,3,10
237763695,1,2,2,1,1,2,3,12
998731346,0,2,2,1,1,2,3,11
315067974,0,1,0,1,1,2,1,6
100247142,0,0,0,0,0,0,0,0
988494347,0,2,0,1,1,2,1,7
639789131,3,3,3,1,2,2,3,17
197144281,0,0,0,0,0,0,0,0
953430477,3,3,3,2,2,2,3,18
522139296,3,3,3,3,2,2,3,19
778067755,0,1,1,1,1,1,0,5
1016447184,0,1,0,0,0,1,0,2
1017263336,2,3,2,3,3,1,1,15
942871899,3,3,3,3,2,2,3,19
1061157905,0,1,0,1,1,1,1,5
705604381,3,3,2,3,2,1,3,17
875881882,0,0,0,0,0,0,0,0
517182039,0,2,2,1,1,1,1,8
1077241051,0,1,0,0,1,2,0,4
1081995946,0,1,0,0,0,1,0,2
967537414,0,1,0,0,0,1,0,2
382271995,0,2,1,2,1,1,1,8
905001008,0,2,2,1,1,1,1,8
520648077,0,2,2,1,3,1,1,10
1056822082,0,2,1,1,1,1,1,7
901080748,0,2,1,1,1,1,1,7
1079007504,3,2,3,1,2,2,3,16
199890164,0,0,0,0,0,0,0,0
1062375036,0,2,1,1,1,1,1,7
1064197841,2,2,2,1,2,2,3,14
712799385,0,2,0,0,0,1,0,3
736449336,0,2,2,1,1,1,3,10
743013287,0,0,0,0,0,0,0,0
474770151,1,2,2,1,2,1,3,12
1034060977,0,1,0,1,1,2,2,7
1059786348,0,1,2,1,1,1,0,6
593362629,0,1,0,1,1,2,2,7
770384552,0,2,1,0,1,1,0,5
948628881,0,2,2,1,1,2,2,10
946136055,1,2,1,1,1,2,1,9
628075445,3,3,2,3,1,2,2,16
960258748,0,2,1,0,0,1,0,4
879523511,0,2,0,1,1,2,0,6
991884156,0,1,0,0,1,0,0,2
1048686111,0,1,0,0,0,1,0,2
1058618601,1,3,2,3,2,1,1,13
1057407303,0,2,0,1,1,1,1,6
1052544789,0,2,0,1,1,1,1,6
1051947187,0,2,1,2,2,2,2,11
1036818778,2,2,2,3,3,1,3,16
991473846,0,2,3,2,3,2,3,15
926641372,0,1,1,1,1,1,1,6
893659723,0,3,1,1,1,1,1,8
481931607,3,3,3,1,2,2,1,15
1080375646,0,0,0,0,0,0,0,0
967226318,0,2,2,3,1,1,3,12
1070562465,0,2,2,1,1,2,1,9
572108494,3,3,3,3,3,2,3,20
596624564,0,0,0,0,0,0,0,0
979111834,0,2,0,1,1,2,1,7
1006659221,3,3,2,3,2,2,3,18
931171362,3,3,3,3,1,2,1,16
906466778,3,3,3,3,2,2,3,19
814628772,3,3,3,3,3,2,3,20
989778629,3,3,3,3,2,2,1,17
876901529,0,2,1,1,1,1,1,7
1051807423,0,2,0,0,0,1,0,3
1038624398,0,2,1,1,1,1,1,7
1028841683,0,1,0,1,1,2,0,5
996559679,0,2,1,1,1,2,0,7
992109863,0,2,2,1,1,1,1,8
996260425,0,0,0,0,0,0,0,0
753164503,3,3,3,3,3,2,3,20
939292384,3,3,3,3,2,2,3,19
148085057,0,2,1,0,1,1,0,5
23266426,0,0,0,0,0,0,0,0
10374327,0,0,0,0,0,0,0,0
10374255,0,0,0,0,0,0,0,0
10374204,0,0,0,0,0,0,0,0
10370306,0,0,0,0,0,0,0,0
10373045,0,0,0,0,0,0,0,0
10373008,0,0,0,0,0,0,0,0
821444247,0,0,0,0,0,0,0,0
108002715,0,0,0,0,0,0,0,0
1061955784,1,2,3,3,2,2,3,16
1057097793,3,3,2,1,2,2,1,14
1059162708,1,3,3,1,2,2,2,14
1050522843,3,3,3,3,2,2,3,19
1048926194,1,3,2,3,2,2,3,16
1061220306,0,2,1,1,1,1,1,7
1056903249,0,2,1,0,0,1,0,4
1060203388,0,2,0,1,1,1,1,6
1080618174,0,0,0,0,0,0,0,0
1078808467,0,0,0,0,0,0,0,0
888758671,1,2,1,3,3,1,3,14
322216983,0,2,2,1,1,1,3,10
224262032,0,0,0,0,0,0,0,0
1070933647,0,2,0,0,0,1,0,3
1046174407,0,2,0,1,2,1,1,7
90494086,0,0,0,0,0,0,0,0
1078768602,0,1,2,1,1,1,1,7
1078725883,0,2,2,2,1,1,1,9
391296594,0,0,0,0,0,0,0,0
1043134151,0,2,3,1,1,1,3,11
643124006,0,2,2,1,1,1,3,10
2133,1,2,2,1,1,1,1,9
1009637546,0,2,0,0,1,1,0,4
1009574696,0,0,0,0,0,0,0,0
1009572708,0,0,0,0,0,0,0,0
1009313875,0,2,1,0,1,1,0,5
662445303,2,2,1,2,1,1,1,10
129251746,0,0,0,0,0,0,0,0
191799951,0,0,0,0,0,0,0,0
473127413,0,2,2,3,1,1,3,12
681580864,0,0,0,0,0,0,0,0
777869375,3,3,2,3,3,1,1,16
87660423,0,0,0,0,0,0,0,0
636627139,0,2,2,1,1,1,3,10
647591867,0,2,2,1,1,1,3,10
781596057,0,2,2,2,3,1,3,13
802672367,3,3,2,3,2,2,3,18
288344396,1,2,0,2,1,1,0,7
883592608,0,2,2,1,1,1,3,10
727989042,2,2,3,3,2,2,1,15
983896755,3,2,3,0,1,2,0,11
934311921,2,3,0,1,1,2,1,10
557697372,3,3,3,3,3,2,3,20
907785649,3,2,0,2,3,2,1,13
960483681,3,3,2,2,2,2,1,15
994664015,0,2,2,2,3,1,3,13
1004198628,2,2,2,3,2,2,3,16
994106728,0,2,0,1,1,1,0,5
979865386,0,2,0,1,1,2,0,6
902180527,0,2,0,1,1,1,1,6
311923505,0,2,2,1,1,2,1,9
884925485,0,1,1,0,1,1,0,4
1030894643,3,2,2,2,2,1,1,13
1037935542,0,2,1,1,1,1,1,7
1007570252,1,2,0,1,1,1,1,7
1005624272,0,0,0,0,0,0,0,0
630211884,0,2,2,1,1,0,0,6
614838302,1,2,2,1,1,2,1,10
614827139,0,2,0,0,2,1,0,5
561345986,2,1,0,0,1,2,0,6
582873052,0,1,1,2,1,1,0,6
574065868,3,2,2,1,2,2,1,13
634972218,2,2,2,0,1,1,0,8
625812456,0,1,2,1,1,1,0,6
646627882,0,0,0,0,0,0,0,0
580128615,0,3,3,2,1,1,1,11
957501607,3,2,3,1,2,2,2,15
998033594,0,1,0,0,0,1,0,2
997182858,1,2,1,0,1,1,0,6
924785532,2,2,3,1,2,2,3,15
84000552,0,0,0,0,0,0,0,0
994269403,3,3,3,3,2,2,1,17
995910102,0,2,1,0,1,1,0,5
895066641,0,2,1,1,1,2,0,7
895612596,0,2,1,1,1,2,2,9
996172857,0,2,0,0,0,1,0,3
901366952,3,3,3,3,2,1,3,18
894338835,3,3,3,3,3,2,1,18
953545046,3,2,0,3,2,2,0,12
868722611,3,3,3,3,2,2,3,19
994452395,0,2,2,2,2,1,1,10
73092078,0,0,0,0,0,0,0,0
72664898,0,0,0,0,0,0,0,0
1041768916,0,0,0,0,0,0,0,0
958702752,0,2,2,1,2,2,3,12
1044287456,0,1,0,3,1,1,1,7
1019006835,0,1,0,1,1,2,0,5
1025408295,0,0,0,0,0,0,0,0
1038407278,0,2,2,1,1,1,1,8
993131318,0,2,1,0,1,1,0,5
952849859,0,0,0,0,0,0,0,0
664301313,0,2,1,1,1,1,1,7
872291509,0,0,0,0,0,0,0,0
563162033,3,3,3,3,3,2,3,20
945689202,0,0,0,0,0,0,0,0
912348853,0,0,0,0,0,0,0,0
706924774,3,3,3,3,3,2,3,20
1019854823,0,0,0,0,0,0,0,0
1014855533,0,2,0,1,1,2,0,6
992008276,0,0,0,0,0,0,0,0
928772089,1,2,2,1,2,2,1,11
514847347,3,3,2,3,2,2,1,16
562651211,3,3,3,3,3,2,3,20
586024291,3,2,3,1,1,2,1,13
521622325,3,2,2,2,2,2,1,14
862241398,3,3,3,3,3,2,3,20
461164123,3,3,3,3,3,2,3,20
854198124,3,3,3,1,2,2,3,17
336338957,3,2,2,3,3,2,3,18
897593788,3,3,3,3,2,2,3,19
628699191,1,2,2,3,2,2,1,13
943410468,3,3,3,3,3,2,3,20
921176377,3,3,3,3,3,2,3,20
945461322,3,3,3,3,3,1,3,19
1054285176,3,3,3,1,3,2,3,18
712648484,3,3,3,3,3,2,3,20
666734314,3,3,3,3,3,2,1,18
712850892,0,2,2,2,2,1,1,10
1058947044,0,2,0,0,0,1,0,3
689880152,0,1,0,0,1,2,0,4
882044658,0,2,1,0,1,1,0,5
1044337346,0,2,1,1,1,1,1,7
1024551497,0,2,1,1,1,1,1,7
645868428,1,2,2,1,3,1,3,13
714632655,3,3,3,3,2,1,3,18
416783698,3,3,3,3,2,2,3,19
1066987249,3,2,1,1,1,2,1,11
986755662,0,1,0,0,1,1,0,3
1014902513,0,1,0,1,1,2,0,5
1014520462,0,2,1,1,1,1,1,7
478790208,3,3,3,3,3,2,3,20
719004243,2,3,0,2,3,2,0,12
1018277215,3,2,3,3,2,2,3,18
1018243185,0,2,1,3,1,1,1,9
1018233387,0,0,0,0,0,0,0,0
1018186929,2,2,0,1,2,2,1,10
1018213345,2,3,1,1,2,2,1,12
1018184918,1,2,0,1,1,2,2,9
950451756,3,3,2,3,3,2,3,19
99673048,0,0,0,0,0,0,0,0
279143573,3,3,3,3,3,2,3,20
1008361025,3,2,3,3,2,2,3,18
416242123,3,3,3,1,3,2,3,18
1080544077,0,2,1,1,1,1,1,7
1064913826,0,2,0,1,1,1,0,5
1077497568,0,2,0,1,1,2,1,7
1070054431,0,0,0,0,0,0,0,0
1073977894,0,2,0,1,1,1,1,6
1073815139,0,2,0,1,1,2,1,7
1071627756,0,2,3,1,1,2,1,10
897592247,0,2,0,0,1,1,0,4
1050496328,0,2,2,1,1,2,1,9
636138921,0,3,0,1,1,2,2,9
1067325907,0,3,2,2,2,1,3,13
803387334,3,2,2,1,3,2,3,16
871746913,3,3,3,3,2,2,3,19
586457617,0,0,0,0,0,0,0,0
936686647,0,2,1,1,1,1,1,7
1067915943,0,1,0,1,1,1,0,4
1050196208,1,2,1,2,2,1,1,10
1050255561,3,3,3,3,2,2,3,19
449853648,1,2,2,3,2,2,1,13
41270244,0,0,0,0,0,0,0,0
282519373,0,0,3,1,1,1,0,6
895953883,3,3,1,3,2,2,1,15
1045189671,0,0,0,0,0,0,0,0
789709629,3,3,3,3,3,2,3,20
896032276,0,0,0,0,0,0,0,0
510103021,0,0,0,0,0,0,0,0
503165585,0,1,2,1,1,2,2,9
658790238,3,1,3,1,2,2,2,14
426726676,0,0,0,0,0,0,0,0
711100579,3,3,2,1,3,2,3,17
1001411666,3,3,2,3,3,2,1,17
1064962413,0,0,0,0,0,0,0,0
1034418889,3,2,2,3,2,1,3,16
1059170024,0,2,2,1,3,2,1,11
849227574,0,0,0,0,0,0,0,0
384610917,0,3,2,3,2,1,3,14
746828658,3,3,3,3,2,2,3,19
750257664,3,3,3,3,3,2,3,20
837164612,3,3,3,3,2,2,3,19
915824507,3,2,3,1,2,2,1,14
891253116,3,3,2,2,1,1,3,15
884486072,3,3,2,2,1,2,1,14
876660313,0,2,1,1,1,1,1,7
867214099,0,3,2,3,1,1,3,13
830076849,3,3,3,3,2,2,3,19
875784101,1,2,2,3,1,1,1,11
847782266,0,2,3,1,1,1,3,11
926510003,2,3,2,1,3,2,3,16
1020191837,0,2,0,1,1,1,1,6
936405995,0,0,0,0,0,0,0,0
1005242289,0,2,1,1,1,1,1,7
510410779,3,3,3,3,3,2,1,18
1004111457,0,2,2,3,1,1,1,10
1011651904,2,2,3,1,3,2,2,15
915809169,3,2,3,3,3,2,3,19
1061750692,0,2,0,0,0,1,0,3
915874542,0,2,1,1,2,1,1,8
1000858821,0,0,0,0,0,0,0,0
989484978,0,2,0,0,1,1,0,4
998056025,0,2,2,1,1,1,1,8
991827607,0,2,0,0,0,1,0,3
988263942,0,2,0,0,0,1,0,3
977316873,0,2,0,0,0,1,0,3
1076448159,0,0,0,0,0,0,0,0
985998104,3,3,3,3,2,2,3,19
214248816,0,0,0,0,0,0,0,0
600212593,3,2,2,3,2,2,3,17
505962576,2,3,2,3,2,2,3,17
1037880549,0,2,1,1,1,1,1,7
410164202,3,2,3,1,1,2,1,13
799715255,3,3,2,3,2,2,3,18
1056084353,0,2,0,1,1,2,1,7
1070214428,0,1,0,0,1,2,0,4
1051756476,0,2,2,1,1,2,1,9
1070979007,0,1,0,1,1,2,0,5
1071118993,0,2,1,1,1,1,1,7
1063498288,0,2,0,1,1,2,1,7
847512597,0,2,0,0,0,1,0,3
330168754,3,3,2,3,2,2,3,18
89421455,0,0,0,0,0,0,0,0
723301963,3,2,2,3,2,2,3,17
1024285991,0,0,0,0,0,0,0,0
1004091535,0,0,0,0,0,0,0,0
897903299,0,0,0,0,0,0,0,0
802731501,3,3,3,3,3,2,3,20
1036648826,0,2,2,1,1,1,0,7
1049712118,2,3,2,3,2,1,1,14
660604678,3,3,3,2,3,2,1,17
1018483837,3,3,2,3,3,2,3,19
94461375,0,0,0,0,0,0,0,0
203956871,0,0,0,0,0,0,0,0
203956171,0,1,1,0,1,1,0,4
203956086,0,0,0,0,0,0,0,0
203955993,0,0,0,0,0,0,0,0
203955308,0,0,0,0,0,0,0,0
203955284,0,0,0,0,0,0,0,0
1079606312,0,1,1,1,1,2,0,6
1067774605,0,2,0,1,1,1,1,6
1070318553,0,0,0,0,0,0,0,0
1073664167,0,1,0,1,1,2,1,6
682471839,0,2,0,1,1,2,2,8
1080353872,0,0,0,0,0,0,0,0
1047637932,2,2,2,1,1,2,0,10
1080592144,0,0,0,0,0,0,0,0
1079872721,0,2,0,1,1,2,1,7
1043323442,0,0,0,0,0,0,0,0
962980052,3,3,2,3,2,1,1,15
86400137,0,0,0,0,0,0,0,0
660473793,3,3,3,2,2,2,1,16
967460143,3,3,1,3,2,2,1,15
364744457,3,2,3,3,2,2,3,18
303807369,3,3,2,3,3,2,3,19
795090865,3,3,3,3,3,2,3,20
807684846,3,3,2,3,2,2,3,18
976994845,3,2,2,3,1,2,1,14
608825621,0,0,0,0,0,0,0,0
1011956553,3,2,3,1,2,2,1,14
987267434,3,3,3,3,3,2,3,20
948524856,3,3,3,3,3,2,3,20
1006152176,3,3,2,1,2,2,2,15
260700518,0,0,0,0,0,0,0,0
995863303,1,3,3,1,1,2,3,14
946052637,0,0,0,0,0,0,0,0
1032902528,3,3,3,3,2,2,3,19
74221074,0,0,0,0,0,0,0,0
720389088,3,3,3,3,3,2,3,20
755376281,3,3,3,3,3,2,3,20
562880376,3,3,3,3,2,2,3,19
840392394,3,3,3,3,3,2,3,20
1032826554,2,2,3,1,1,2,3,14
864092047,3,3,3,3,3,2,3,20
946639728,3,3,3,3,2,2,1,17
460891414,3,2,3,2,3,2,3,18
839457512,3,3,3,3,3,2,3,20
114861627,3,3,3,3,3,2,3,20
943433079,3,3,3,3,3,2,3,20
944680403,3,3,3,2,3,2,3,19
1043870123,0,0,0,0,0,0,0,0
405853693,0,2,1,1,1,1,1,7
622928095,1,2,3,1,2,1,3,13
557698269,0,3,3,1,2,1,3,13
620550194,0,2,3,1,1,1,3,11
1045597129,0,2,0,1,1,1,1,6
578345885,0,2,3,1,1,1,3,11
535380148,0,2,2,1,1,1,3,10
588809403,1,3,3,1,2,1,3,14
670263132,1,2,3,3,2,1,3,15
1049773691,0,2,3,1,1,1,3,11
1054367774,0,2,2,1,1,1,3,10
683381819,0,0,0,0,0,0,0,0
1040822319,0,0,0,0,0,0,0,0
105920616,0,0,0,0,0,0,0,0
1048234863,0,2,2,2,1,1,3,11
934033182,0,2,1,1,1,1,1,7
1056969383,0,2,0,1,1,1,3,8
1056840299,0,2,2,1,0,1,1,7
961322739,3,3,0,3,3,2,3,17
1018187852,0,1,0,0,0,1,0,2
817484587,0,2,1,0,1,1,0,5
1073532014,0,0,0,0,0,0,0,0
1056936343,2,2,0,1,1,2,1,9
1077169769,0,1,0,1,1,2,0,5
1065586781,3,3,1,2,3,2,1,15
1059217381,0,2,0,1,1,1,0,5
1053654368,0,2,0,1,1,1,1,6
1056816972,0,2,0,1,1,1,0,5
949296399,0,1,0,2,1,1,0,5
1052402148,0,2,0,1,1,1,0,5
525674709,3,3,1,2,3,1,1,14
1044695903,0,1,0,1,1,2,0,5
995466581,0,2,0,0,1,1,0,4
1049363316,0,2,0,0,0,1,0,3
1049310097,3,3,2,2,1,1,3,15
1048545928,0,2,0,0,0,1,0,3
1004995028,0,0,0,0,0,0,0,0
1004567319,3,2,1,2,3,0,0,11
1001672996,0,2,1,0,1,1,0,5
516458177,0,0,0,0,0,0,0,0
796173344,0,0,0,0,0,0,0,0
876483373,1,2,0,2,2,2,1,10
938796981,1,2,0,0,1,2,0,6
582456977,0,2,0,1,1,1,1,6
992149724,1,2,3,3,2,1,3,15
959692252,0,1,1,1,0,1,1,5
1040998908,0,0,0,0,0,0,0,0
1000596288,0,0,0,0,0,0,0,0
802384999,0,2,1,0,1,1,0,5
277257139,3,3,3,3,3,2,2,19
971128126,0,3,1,2,2,1,1,10
746586598,2,3,2,2,2,2,3,16
996782986,0,2,1,2,1,1,1,8
927017586,2,2,3,3,2,1,3,16
995027339,0,2,0,0,0,1,0,3
980829394,0,2,0,3,1,1,1,8
918417766,0,2,1,2,2,1,0,8
1072658802,0,2,0,2,1,1,1,7
556428681,1,2,1,3,1,1,1,10
1064542358,0,2,1,1,1,1,1,7
841974378,0,1,3,1,1,2,2,10
1035513716,0,1,0,1,1,1,1,5
216260293,0,1,0,0,1,1,0,3
708558269,0,0,0,0,0,0,0,0
690635377,0,2,0,1,1,1,1,6
1080435667,0,2,3,1,2,2,1,11
830463892,0,2,1,1,1,1,1,7
906429503,3,3,3,3,3,2,3,20
905078181,0,2,0,0,1,1,0,4
634214279,0,1,1,1,1,2,0,6
917277381,0,0,0,0,0,0,0,0
647353913,3,3,3,3,3,2,3,20
1077537781,3,2,1,2,2,2,1,13
1062501655,3,2,1,2,2,1,1,12
1080396846,0,2,0,1,1,1,1,6
954239954,0,2,0,0,1,1,0,4
1004333135,0,1,0,0,0,1,0,2
1057383411,0,3,1,0,1,1,0,6
946066993,3,3,3,3,2,2,3,19
344993051,2,3,1,3,2,1,1,13
876369994,0,3,2,3,2,1,3,14
506245675,0,2,1,1,1,1,1,7
506245694,0,2,1,1,1,1,0,6
506245686,0,2,0,0,1,1,0,4
506245681,0,1,1,1,1,1,1,6
506251783,0,2,0,1,0,2,2,7
148079722,0,2,1,0,1,1,0,5
148083349,0,0,0,0,0,0,0,0
1054557667,0,1,0,0,0,1,0,2
103045392,2,2,3,1,1,2,3,14
450741998,0,0,0,0,0,0,0,0
146995102,2,2,2,1,2,2,3,14
727685801,3,3,2,1,1,2,1,13
516296505,3,3,3,3,2,2,3,19
538352265,3,3,2,1,1,2,3,15
504370661,0,3,2,2,2,1,1,11
168220037,0,0,0,0,0,0,0,0
429955474,3,1,2,2,3,2,3,16
559994511,0,2,2,1,1,1,3,10
518261433,0,2,2,1,1,1,1,8
673740333,3,2,3,1,3,2,3,17
793437744,1,2,2,1,1,2,1,10
922266206,0,2,2,1,1,2,3,11
666074376,0,1,1,1,1,1,1,6
400481004,3,3,3,3,3,2,1,18
1074389631,0,2,1,1,2,1,1,8
935168973,0,1,0,1,1,1,0,4
1070849942,1,2,2,1,2,2,2,12
1062980914,0,2,0,1,1,1,1,6
1057658401,0,1,0,1,1,2,0,5
1018515947,0,2,3,1,1,1,1,9
945422693,3,2,3,3,2,1,3,17
1044252999,3,2,3,1,2,1,1,13
1034382458,2,2,3,2,2,1,3,15
1032759291,0,1,1,1,0,2,2,7
651803429,0,2,2,3,1,1,3,12
841772584,1,3,1,3,2,1,1,12
560168134,2,2,2,1,2,1,3,13
792835378,0,2,0,1,0,1,0,4
753718787,0,2,0,1,1,1,1,6
1066495276,0,0,0,0,0,0,0,0
1060543134,0,2,0,1,1,2,1,7
1020580048,0,0,0,0,0,0,0,0
11739928,0,0,0,0,0,0,0,0
1057930582,3,2,2,3,2,2,1,15
1060800214,0,3,0,1,2,1,1,8
1058925303,0,2,0,1,1,1,1,6
1054650452,0,2,1,1,1,2,1,8
654008288,0,2,2,1,1,2,0,8
811255144,0,0,0,0,0,0,0,0
212384589,0,0,0,0,0,0,0,0
1052494238,0,2,2,1,1,2,3,11
791882347,0,0,0,0,0,0,0,0
1062105494,0,1,1,0,1,1,0,4
1062091535,0,0,0,0,0,0,0,0
1008510487,0,1,0,1,1,2,0,5
1053336891,0,2,3,1,2,2,3,13
1081688119,0,2,1,1,2,2,1,9
978469682,0,2,2,3,1,1,1,10
1064621644,0,2,3,1,1,1,3,11
1071289888,0,2,0,1,0,1,1,5
1069613366,0,1,1,1,1,2,1,7
512423696,1,2,2,1,1,2,3,12
579136191,0,0,0,1,0,0,0,1
1075542061,0,2,1,1,1,2,2,9
1053302903,0,1,0,1,1,2,0,5
1055465772,1,2,1,1,1,2,1,9
1069481601,0,2,0,1,1,1,1,6
1071738117,0,2,2,1,1,2,1,9
927771951,0,2,0,1,1,1,1,6
115603797,0,0,0,0,0,0,0,0
1069565284,0,1,1,1,1,1,1,6
1062054821,0,0,0,0,0,0,0,0
359528508,2,3,1,3,2,1,1,13
95375851,0,0,0,0,0,0,0,0
1047443827,3,2,2,2,3,2,1,15
671086964,3,2,3,3,2,1,1,15
320227509,0,2,1,1,1,1,1,7
954578359,2,2,2,1,2,2,3,14
558782668,3,3,3,3,3,2,3,20
942882388,3,3,3,3,3,2,3,20
99112829,3,3,3,3,3,2,3,20
895840629,3,3,3,3,3,2,3,20
947655578,0,2,0,0,1,1,0,4
927111186,3,3,3,3,3,2,3,20
572351658,2,2,0,1,1,2,0,8
646685033,3,3,3,3,3,2,3,20
1034495774,0,3,3,3,2,1,3,15
621776799,1,2,2,3,2,2,2,14
698883517,0,0,0,0,0,0,0,0
608077189,0,3,2,3,3,1,3,15
843300299,3,3,3,3,2,2,1,17
961958174,3,3,3,3,2,2,3,19
961788295,3,2,2,1,2,2,3,15
994645565,0,2,1,1,1,1,1,7
1077405143,0,1,0,1,1,2,0,5
1070553806,0,0,0,0,0,0,0,0
1070410571,0,1,0,0,0,1,0,2
638833856,0,2,2,1,2,1,3,11
1053451224,0,2,3,1,1,2,3,12
378316423,0,2,2,1,1,1,3,10
1037385307,3,3,0,1,1,2,1,11
588612434,0,2,2,1,1,1,3,10
808369451,0,0,0,0,0,0,0,0
1013889158,0,1,0,1,1,2,1,6
988902378,0,2,1,1,1,1,1,7
1002312928,0,1,0,1,1,2,1,6
1061679538,0,2,0,1,1,2,2,8
1060285926,1,2,2,1,1,2,3,12
1041924526,0,3,2,2,1,1,3,12
107545412,0,0,0,0,0,0,0,0
544407064,3,3,3,1,3,2,3,18
585206022,3,3,3,3,3,2,3,20
94497555,0,0,0,0,0,0,0,0
688798402,3,3,3,3,3,2,3,20
865077568,2,3,2,3,2,1,1,14
277985174,3,3,3,3,3,2,3,20
132333657,0,0,0,0,0,0,0,0
1023844445,1,2,2,3,2,1,1,12
1019005822,1,2,3,3,2,2,3,16
1005196154,0,0,0,0,0,0,0,0
434997335,3,3,3,3,3,2,3,20
676902587,0,2,0,0,1,1,0,4
796060627,0,2,2,1,1,1,1,8
1022488594,0,2,2,1,1,1,3,10
579138224,3,2,2,3,3,1,1,15
1025262097,0,3,2,1,1,1,1,9
993918018,3,2,1,2,2,0,0,10
940392362,0,2,1,0,1,1,0,5
933968219,0,1,2,1,1,1,1,7
856580195,0,1,2,0,1,1,0,5
735114572,0,2,2,1,1,1,1,8
1016864267,0,1,1,1,1,1,1,6
1004947514,1,3,2,1,2,1,3,13
1009937237,0,2,2,1,1,1,0,7
806806799,3,3,3,2,2,2,3,18
964681233,0,2,3,1,1,1,3,11
1047449869,0,1,0,1,1,2,0,5
306157969,0,1,0,0,1,1,0,3
327488371,0,2,2,3,1,1,3,12
1064527847,0,1,0,1,1,1,1,5
86989029,0,0,0,0,0,0,0,0
884344607,3,3,3,3,3,2,3,20
806027679,0,2,1,1,1,1,1,7
591447099,0,2,1,1,1,1,1,7
741341729,0,2,2,1,1,1,1,8
138138574,0,0,0,0,0,0,0,0
863962024,1,3,2,1,2,2,1,12
941880866,0,3,2,1,2,1,1,10
217950331,3,3,3,3,3,2,3,20
461505133,0,2,0,0,1,1,0,4
191534972,3,3,3,3,3,2,3,20
454166337,0,0,0,0,0,0,0,0
86498104,3,3,3,3,3,2,3,20
635954484,3,3,3,3,3,2,3,20
578496109,3,3,3,3,3,2,3,20
148769358,3,3,3,3,3,2,3,20
97488311,0,0,0,0,0,0,0,0
939621057,0,0,0,0,0,0,0,0
1040187751,0,0,0,0,0,0,0,0
1055734927,3,2,1,2,2,1,1,12
992223924,3,2,1,2,2,2,1,13
981561313,0,1,1,0,1,1,0,4
1052889782,3,2,2,2,3,0,0,12
971402774,0,0,0,0,0,0,0,0
1058001802,0,2,1,1,1,2,1,8
1056198697,0,0,0,0,0,0,0,0
1034368579,3,2,1,2,3,1,1,13
1067411373,0,2,2,1,1,2,1,9
1052456206,0,2,2,1,2,2,3,12
1051704763,0,2,3,1,1,2,1,10
551277189,0,0,0,0,0,0,0,0
1013213215,0,2,0,0,1,1,0,4
1005282696,0,2,0,1,1,1,1,6
996652377,0,0,0,0,0,0,0,0
1009019418,1,2,2,1,1,2,1,10
1004934861,3,2,3,1,1,2,1,13
1004780713,0,2,0,1,1,1,1,6
992361181,0,1,0,0,1,1,0,3
1009783374,0,0,0,0,0,0,0,0
132089659,3,3,2,3,3,1,3,18
531492281,3,3,3,3,2,1,3,18
697155824,3,3,2,3,2,2,3,18
630477552,0,0,0,0,0,0,0,0
763620004,3,3,2,3,2,2,1,16
687511549,3,3,2,3,2,2,3,18
488105813,3,3,3,3,3,2,3,20
951412891,2,1,0,0,2,2,0,7
630394118,0,0,0,0,0,0,0,0
630379461,0,0,0,0,0,0,0,0
957456148,0,2,1,2,2,0,0,7
1040847886,3,3,2,3,2,1,3,17
1056620993,0,0,0,0,0,0,0,0
986858092,0,1,0,1,1,2,0,5
941129314,0,0,0,0,0,0,0,0
1068640807,0,0,0,0,0,0,0,0
1061408761,0,1,0,0,1,1,0,3
746501468,3,3,3,3,2,2,3,19
31671558,2,2,2,2,2,2,1,13
992877309,3,3,3,3,3,2,3,20
456262823,3,2,3,3,3,2,3,19
1018372251,0,2,0,0,0,1,0,3
948573479,3,3,3,3,3,2,3,20
730516111,3,2,2,2,2,2,1,14
774779814,3,3,3,3,2,2,3,19
1010102781,0,2,2,1,1,1,3,10
924201934,1,2,0,1,2,2,0,8
957700388,2,3,3,2,2,2,3,17
917328299,3,3,3,3,2,2,3,19
536110305,0,0,0,0,0,0,0,0
536199657,0,1,0,1,1,1,0,4
536199504,0,1,0,2,1,1,0,5
536199882,0,1,0,2,1,1,0,5
536200711,0,1,0,1,1,1,0,4
536202373,0,1,0,0,1,1,0,3
565946458,3,3,3,3,3,2,3,20
832663177,1,3,1,3,2,2,0,12
1043962358,3,3,3,3,2,2,3,19
623147396,0,0,0,0,0,0,0,0
622835147,0,2,1,1,1,1,1,7
1009986029,1,2,2,3,1,2,3,14
1009690901,0,1,2,1,1,1,0,6
694972668,0,1,0,0,0,1,0,2
515437999,0,0,0,0,0,0,0,0
678548616,3,2,2,3,2,1,3,16
1077261251,0,2,2,1,2,1,1,9
1070874499,0,1,3,1,1,1,1,8
1071031172,0,1,2,1,1,1,1,7
1009912655,0,0,0,0,0,0,0,0
888726803,3,3,3,3,2,1,3,18
1058932779,0,2,0,1,2,2,1,8
451284197,1,2,2,1,1,2,1,10
347842012,3,2,2,3,3,2,3,18
947501166,2,3,2,2,3,2,3,17
800474052,3,1,2,1,1,2,3,13
1049499943,1,2,1,0,3,1,0,8
1004700482,0,1,2,1,1,2,0,7
1044197401,0,2,0,1,1,2,1,7
445469335,0,2,0,3,1,1,0,7
1016885758,0,0,0,0,0,0,0,0
1058796282,0,0,0,0,0,0,0,0
1047953612,0,0,0,0,0,0,0,0
1044180216,0,2,2,1,1,1,1,8
1017477502,2,3,3,1,2,2,1,14
993846807,0,0,0,0,0,0,0,0
965956103,1,1,2,1,1,2,1,9
235984924,1,2,1,3,2,1,1,11
235984878,1,2,1,3,1,1,1,10
235984889,0,0,0,0,0,0,0,0
235984784,0,0,0,0,0,0,0,0
235984781,0,0,0,0,0,0,0,0
1076269592,0,2,3,1,1,2,1,10
1018377808,0,2,0,1,1,1,1,6
716189324,3,3,3,3,2,2,3,19
548269727,3,2,2,3,2,2,3,17
455805352,2,2,1,1,2,1,1,10
443555119,3,3,0,2,2,2,2,14
46934514,0,0,0,0,0,0,0,0
427329704,2,3,1,3,1,2,1,13
443625275,3,2,3,1,2,2,2,15
399727116,3,3,3,1,2,2,3,17
130267874,0,0,0,0,0,0,0,0
770952599,0,1,0,1,0,2,2,6
1011822837,0,1,0,1,1,1,1,5
1079920629,0,0,0,0,0,0,0,0
629689422,3,3,3,2,3,1,3,18
1068899144,3,3,2,2,2,1,3,16
1073976334,0,1,1,1,1,1,0,5
1070793264,0,1,0,1,1,2,1,6
461890599,0,2,0,0,1,1,0,4
1070298669,0,2,1,1,1,1,1,7
1069707673,0,1,0,1,1,2,0,5
1070172056,0,2,0,1,1,1,1,6
1064905511,0,2,0,0,1,1,0,4
953503377,0,1,0,1,1,2,1,6
1064007039,0,2,1,1,1,1,1,7
1075528007,0,2,0,0,1,1,0,4
1070640798,0,1,2,1,1,2,1,8
1070791328,0,3,2,3,3,1,1,13
1068032435,0,2,0,0,0,1,0,3
1058244973,0,2,0,1,1,1,1,6
1064571171,0,1,0,1,1,2,0,5
1030834243,0,2,0,1,1,1,1,6
1062108627,0,1,0,0,1,1,0,3
1059305151,0,1,0,1,1,2,0,5
1057211546,0,0,0,0,0,0,0,0
1069719772,0,0,0,0,0,0,0,0
1017258928,0,1,0,1,1,2,0,5
907297789,2,2,2,1,2,1,3,13
1022791705,0,1,2,1,1,1,1,7
621329896,0,0,0,0,0,0,0,0
1018353538,0,1,0,0,1,0,0,2
994393841,0,1,1,1,1,1,1,6
994389256,0,2,0,0,1,1,0,4
216343253,3,3,3,3,3,2,3,20
877353569,3,3,3,3,2,2,3,19
966280946,0,0,0,0,0,0,0,0
1003185153,0,2,0,1,2,1,1,7
957615114,0,1,0,1,1,1,1,5
984131287,0,0,0,0,0,0,0,0
10247904,0,0,0,0,0,0,0,0
589189701,3,2,2,1,2,2,1,13
954297629,0,1,0,0,0,1,0,2
955507063,0,0,0,0,0,1,0,1
659479094,2,2,2,1,2,2,1,12
386132008,0,2,2,1,1,1,1,8
115041162,3,3,3,3,2,2,3,19
102478772,3,2,2,1,1,2,3,14
211683117,1,3,3,3,1,2,2,15
708613903,2,2,1,3,2,2,1,13
152457602,0,0,0,0,0,0,0,0
102224441,1,2,1,1,1,2,2,10
22563835,0,0,0,0,0,0,0,0
27091726,0,0,0,0,0,0,0,0
404863594,0,0,0,0,0,0,0,0
1049984742,0,0,0,0,0,0,0,0
904066591,3,3,2,1,2,2,3,16
840914751,3,3,3,3,2,2,1,17
715777484,2,3,2,3,2,2,3,17
1063673303,0,1,0,1,1,2,1,6
892291302,0,2,1,1,1,1,1,7
723331025,0,2,0,0,0,1,0,3
601127521,3,2,3,1,2,2,1,14
684409344,0,0,0,0,0,0,0,0
723387126,3,3,3,2,1,1,3,16
992492168,0,0,0,0,0,0,0,0
301561237,0,2,2,1,1,1,3,10
985719569,3,2,2,1,2,2,1,13
979174684,3,3,3,3,2,2,3,19
988526163,3,2,3,1,2,2,3,16
985101556,0,0,0,0,0,0,0,0
323172161,3,3,3,3,3,2,3,20
154866875,3,3,3,3,3,2,3,20
625531818,0,2,0,1,0,1,1,5
322147835,3,3,3,3,3,2,3,20
798868093,3,2,3,2,2,2,1,15
784937993,0,2,2,1,1,1,3,10
863662259,0,2,2,1,3,1,1,10
810199394,3,3,3,2,3,2,3,19
319254043,0,2,2,1,1,1,3,10
846540283,0,2,1,1,1,1,1,7
614559024,0,2,2,1,1,1,1,8
97006874,0,0,0,0,0,0,0,0
187404785,0,1,0,1,1,2,1,6
572403434,0,0,0,0,0,0,0,0
778023418,0,1,0,0,1,1,0,3
356140287,0,2,0,0,0,1,0,3
108566499,0,0,0,0,0,0,0,0
313479093,3,3,2,3,3,2,3,19
475082725,0,2,1,0,1,1,0,5
961152766,0,2,2,1,1,1,3,10
573230491,0,1,1,0,1,1,0,4
1068684013,0,0,0,0,0,0,0,0
451358796,0,2,2,1,1,1,1,8
312833282,3,3,2,3,3,2,3,19
355090429,0,2,2,3,2,1,3,13
447882649,0,2,1,1,1,1,1,7
793237319,3,3,3,3,3,1,3,19
311995377,3,3,2,3,3,2,3,19
427301354,1,2,2,1,1,1,3,11
1081300662,0,0,0,0,0,0,0,0
453153946,0,2,1,1,1,1,1,7
1047975641,0,0,0,0,0,0,0,0
716019632,0,2,2,3,1,2,2,12
1026264894,2,2,3,2,2,2,3,16
1011651294,0,2,2,1,1,2,3,11
1070600852,0,2,2,1,1,1,3,10
764572113,2,2,3,2,2,1,3,15
753379866,0,0,0,0,0,0,0,0
169185456,0,0,0,0,0,0,0,0
169177417,0,0,0,0,0,0,0,0
1044990282,3,2,3,3,2,2,3,18
1073102281,0,0,0,0,0,0,0,0
1049017789,0,0,0,0,0,0,0,0
1078541059,2,2,2,3,2,1,0,12
1073414557,0,2,0,0,0,1,0,3
1055595087,0,0,0,0,0,0,0,0
643422896,0,0,0,0,0,0,0,0
116373718,0,0,0,0,0,0,0,0
513891823,3,3,3,3,3,2,3,20
532296023,3,3,3,3,3,2,3,20
542068625,3,3,3,3,3,2,3,20
669974432,3,3,3,3,3,2,3,20
126964128,0,0,0,0,0,0,0,0
600945786,1,2,1,1,2,2,1,10
337772046,3,3,3,3,3,2,3,20
1040801609,0,1,0,2,0,1,0,4
873504253,0,2,0,0,0,1,0,3
1000347677,0,2,2,1,2,1,1,9
941443938,0,1,0,0,0,1,0,2
1035914918,0,1,0,2,0,0,0,3
1036979066,0,1,0,0,1,1,0,3
86836589,0,0,0,0,0,0,0,0
1033609792,0,2,1,1,1,1,1,7
1014234304,0,2,1,1,1,1,1,7
1007968355,3,3,3,3,3,2,3,20
1075350784,0,0,0,0,0,0,0,0
1072706255,3,2,3,2,3,1,1,15
1050417853,0,2,1,1,0,1,1,6
1050499627,0,0,0,0,0,0,0,0
1050104342,0,0,0,0,0,0,0,0
1049262276,0,0,0,0,0,0,0,0
1011368683,0,0,0,0,0,0,0,0
1011525341,0,0,0,0,0,0,0,0
1049556956,0,2,0,0,0,1,0,3
532601394,0,2,3,2,1,1,3,12
1076764133,0,0,0,0,0,0,0,0
1060594035,0,2,1,1,2,1,1,8
1056850833,3,2,3,3,3,2,3,19
1052511537,0,1,0,0,1,2,0,4
1049331266,0,1,0,0,1,2,0,4
1049305771,0,1,0,0,1,2,0,4
964564827,2,2,2,3,2,2,3,16
440590205,0,2,3,1,1,1,3,11
562307716,0,0,0,0,0,0,0,0
388814564,0,0,0,0,0,0,0,0
1058932113,0,1,0,0,0,1,0,2
1069589498,0,2,0,0,1,1,0,4
726142307,3,3,3,3,3,2,3,20
548064885,0,2,3,1,1,1,3,11
1047490589,3,1,1,3,1,1,1,11
1022059672,3,2,2,3,2,2,3,17
962436411,0,1,2,1,1,2,2,9
994616977,0,2,0,0,0,1,0,3
890840149,0,0,0,0,0,0,0,0
985874849,3,3,3,3,2,2,3,19
1082453631,3,3,3,1,1,2,1,14
954659872,1,2,2,1,2,1,1,10
1047167246,1,2,1,1,1,1,1,8
1068094087,0,2,2,1,1,1,0,7
835022794,3,2,2,1,1,2,1,12
965272929,3,3,3,3,3,2,3,20
1050297656,0,2,0,2,1,1,1,7
1043934825,3,2,2,1,2,2,3,15
1050439402,3,3,2,2,2,2,3,17
1024555328,1,3,2,3,2,2,1,14
64798594,0,0,0,0,0,0,0,0
268496421,0,0,0,0,0,0,0,0
422575794,0,2,0,0,0,1,0,3
1074393018,0,1,1,1,1,1,1,6
1054559259,0,2,1,1,1,1,1,7
93681505,0,0,0,0,0,0,0,0
1053805011,0,1,0,1,0,1,1,4
80238384,0,0,0,0,0,0,0,0
1032803916,0,2,2,3,1,1,3,12
1051141908,0,1,0,0,1,0,0,2
563019232,3,3,3,2,3,2,3,19
1033151399,3,3,3,3,3,2,3,20
10000036,1,2,2,1,1,2,1,10
277391857,3,3,3,3,3,2,3,20
1068180435,0,2,0,1,1,2,1,7
397530232,2,3,2,3,2,1,3,16
993155799,0,2,0,1,1,1,1,6
967925575,0,2,2,1,1,1,3,10
58823484,0,0,0,0,0,0,0,0
938626414,0,2,1,0,1,1,0,5
1027282811,1,2,1,3,1,1,1,10
115449478,0,0,0,0,0,0,0,0
515119627,3,3,3,3,2,2,1,17
609677488,0,2,2,2,1,2,1,10
866546638,3,3,2,3,2,2,3,18
992130635,0,0,0,0,0,0,0,0
1030393553,0,1,1,0,1,1,0,4
385118559,0,0,0,0,0,0,0,0
1028698794,0,3,2,1,2,1,3,12
584146861,2,2,3,1,2,2,2,14
561792137,0,2,3,1,1,1,3,11
563094904,0,2,2,1,1,1,3,10
544563489,1,2,2,1,3,2,0,11
114270844,0,0,0,0,0,0,0,0
548746485,1,2,0,1,2,2,1,9
108596528,0,0,0,0,0,0,0,0
544563785,2,2,3,3,2,2,3,17
544563697,3,1,2,1,2,2,3,14
565975339,3,2,3,1,2,1,3,15
16119234,0,0,0,0,0,0,0,0
543984172,3,3,2,3,2,2,3,18
467756906,0,0,0,0,0,0,0,0
1072208725,3,3,2,1,1,2,3,15
640538205,0,2,2,1,1,1,3,10
1059031303,0,0,0,0,0,0,0,0
1054411783,2,2,2,3,1,2,1,13
1053872294,3,3,2,2,2,1,1,14
1033100671,0,2,1,1,2,1,1,8
975335594,0,0,0,0,0,0,0,0
950422711,3,2,1,2,2,1,0,11
1018701842,0,1,0,1,1,2,0,5
973473708,0,0,0,0,0,0,0,0
967858873,0,0,0,0,0,0,0,0
971237737,0,1,0,0,1,1,0,3
1023526221,0,2,0,1,1,2,0,6
1007850163,0,2,2,1,1,1,3,10
1022716036,0,2,1,1,1,1,1,7
1023779743,3,2,2,3,2,2,1,15
908263266,3,2,0,3,1,2,1,12
945593931,3,3,3,3,3,2,3,20
1013708525,1,2,2,1,2,2,1,11
1004765762,0,1,0,1,1,2,1,6
173326301,0,0,0,0,0,0,0,0
996762091,0,0,0,0,0,0,0,0
983016391,2,1,2,1,2,2,3,13
974315255,2,2,1,1,2,1,1,10
980072097,3,3,3,3,2,2,3,19
982134581,0,2,1,1,1,1,1,7
1061828749,0,2,0,1,1,1,1,6
1058033108,0,0,0,0,0,0,0,0
519998926,0,1,0,1,1,2,0,5
964974675,0,1,2,1,1,2,3,10
430348781,0,2,1,1,1,1,1,7
956489233,0,2,1,1,1,1,1,7
588453075,3,2,2,3,2,2,3,17
1077615669,0,2,2,1,1,2,1,9
1081391296,0,2,2,0,1,1,0,6
1069718594,0,2,0,3,1,1,1,8
1081220861,0,2,0,0,0,1,0,3
1080172534,0,2,0,1,1,1,1,6
1077593655,1,2,0,1,1,2,2,9
1079061766,0,2,0,1,1,1,1,6
1078961005,0,1,0,1,1,2,0,5
253459566,0,0,0,0,0,0,0,0
820599821,2,2,0,1,2,2,1,10
1043570533,3,2,1,2,2,1,1,12
1027135984,0,0,0,0,0,0,0,0
1080810616,3,3,3,3,3,1,3,19
1080808775,0,1,1,0,1,1,0,4
907314711,3,3,3,3,3,2,3,20
674235201,0,3,2,0,1,1,0,7
1080821833,0,2,0,0,0,1,0,3
1079737251,0,2,1,1,1,1,1,7
1078745971,0,2,0,0,0,1,0,3
383077074,0,1,0,1,1,1,1,5
91464895,3,3,3,3,2,2,3,19
993350603,0,1,0,0,1,0,0,2
996723362,0,2,2,1,1,2,1,9
998543512,0,1,0,1,1,1,1,5
997400809,0,2,3,1,1,2,1,10
998161683,0,0,0,0,0,0,0,0
937702913,0,2,0,1,1,2,1,7
996703462,3,3,2,3,2,2,3,18
965660739,0,2,0,1,1,2,1,7
988773254,0,2,1,1,1,2,2,9
996532598,0,2,2,1,1,2,1,9
953442595,0,2,0,1,1,1,1,6
972976745,2,3,0,2,2,2,1,12
985699352,3,2,1,3,3,2,2,16
975067557,2,2,0,3,2,1,1,11
637043751,3,3,3,3,3,2,3,20
942357051,0,2,1,1,1,2,0,7
930395337,0,2,3,1,2,2,3,13
685094209,0,2,3,3,1,2,3,14
981784987,3,2,2,2,1,2,3,15
835261138,0,0,0,0,0,0,0,0
636729942,0,2,2,2,1,1,3,11
989607654,0,0,0,1,1,0,0,2
633811072,0,2,3,1,1,1,3,11
836181098,0,0,0,0,0,0,0,0
244436039,0,0,0,0,0,0,0,0
889895626,0,2,2,1,1,1,3,10
553165735,3,3,3,3,2,2,3,19
728145563,3,3,3,1,3,2,3,18
297252376,3,3,3,3,3,2,3,20
1000607085,3,3,3,3,3,2,3,20
416617717,2,2,2,2,2,2,3,15
783896178,1,3,3,3,2,2,3,17
792746019,2,3,3,3,2,2,3,18
825578211,3,3,3,3,3,2,3,20
946186759,2,3,3,3,3,2,3,19
552097771,3,2,3,3,3,2,3,19
319986005,3,3,3,3,3,2,3,20
284516654,3,3,3,2,3,2,3,19
292297781,3,3,3,3,3,2,3,20
222972802,0,0,0,0,0,0,0,0
16586232,3,3,3,3,3,2,3,20
951912119,3,3,2,2,3,2,3,18
957013942,0,0,0,0,0,0,0,0
1010263186,0,0,0,0,0,0,0,0
991477643,0,0,0,0,0,0,0,0
950616701,0,2,0,0,0,1,0,3
968742572,0,0,0,0,0,0,0,0
926786089,0,0,0,0,0,0,0,0
1030852085,0,2,1,0,1,1,0,5
905479994,0,2,2,1,2,2,1,10
821045604,0,2,1,1,1,1,1,7
1050609895,0,0,0,0,0,0,0,0
662849788,3,3,3,3,3,2,3,20
419550783,3,3,2,1,1,2,1,13
651869471,0,1,0,0,0,1,0,2
477896093,0,2,2,1,1,2,2,10
473968955,0,2,3,3,1,2,3,14
538505274,1,2,2,1,2,1,3,12
571372501,0,1,1,1,0,1,1,5
1028530691,3,3,3,3,3,2,3,20
811410845,0,2,1,3,2,2,2,12
1047418131,0,2,2,1,2,1,3,11
1005194004,2,2,2,1,2,2,2,13
436037216,1,3,2,3,2,1,3,15
1033588381,3,3,3,3,3,2,3,20
220560173,3,3,3,3,3,1,3,19
404005169,0,1,0,1,1,2,0,5
884695745,1,3,2,2,2,1,1,12
704291075,0,2,3,3,1,2,3,14
1042742417,3,3,3,3,2,2,3,19
1021250372,3,3,2,1,3,2,3,17
918332852,1,2,1,1,2,2,2,11
891273902,1,2,1,1,1,2,0,8
1036157781,0,2,0,1,1,2,1,7
975242094,0,2,1,0,1,1,0,5
268054968,0,3,0,1,1,2,0,7
952263756,3,3,3,3,3,2,3,20
1072292035,3,3,3,3,3,2,3,20
1061957325,3,3,3,2,2,2,3,18
552216556,3,3,3,3,3,2,3,20
618217267,0,2,1,3,1,2,1,10
1010063342,0,0,0,0,0,0,0,0
209009276,0,0,0,0,0,0,0,0
1064576681,0,0,0,0,0,0,0,0
420398792,3,3,2,2,3,1,1,15
780164898,2,2,2,1,1,1,3,12
906985078,2,1,0,0,1,2,0,6
1068925125,0,0,0,0,0,0,0,0
994652222,0,0,0,0,0,0,0,0
960917677,0,2,1,1,1,2,0,7
961814055,3,3,3,3,2,2,3,19
862113363,3,3,3,3,3,2,3,20
975823181,0,2,2,1,1,2,3,11
919210186,3,3,3,3,3,2,3,20
1068186274,0,2,1,0,1,1,0,5
1062209727,3,2,3,3,3,2,3,19
1071853585,0,0,0,0,0,0,0,0
469202665,0,1,2,1,1,1,3,9
939904705,0,2,0,1,1,1,1,6
807023495,3,3,3,3,3,2,3,20
877903558,0,1,2,1,1,1,1,7
934508611,0,2,2,1,1,1,1,8
1064690271,0,2,1,1,1,2,1,8
878221978,0,1,2,1,1,1,1,7
1027295005,0,2,2,1,1,1,1,8
843366527,0,2,0,1,1,1,1,6
397585793,0,2,0,0,0,1,0,3
943629718,3,3,3,3,3,2,3,20
656194748,0,2,1,0,1,1,0,5
1000938438,0,2,0,2,1,1,0,6
996806459,0,2,2,2,1,1,1,9
964330635,0,2,3,1,1,2,3,12
957356434,3,3,2,2,1,1,3,15
282308036,3,3,2,2,3,2,3,18
462715154,0,2,1,0,1,1,0,5
646071527,0,2,1,1,1,2,2,9
874986107,0,2,1,1,1,1,1,7
1043518458,0,2,1,1,1,1,1,7
791856205,0,0,0,0,0,0,0,0
981439279,0,1,0,0,1,1,0,3
682742315,1,2,0,2,2,2,1,10
123377036,0,0,0,0,0,0,0,0
992674304,2,2,1,1,2,2,2,12
913716226,0,2,0,0,1,1,0,4
838051965,0,1,0,0,1,1,0,3
674628887,0,0,0,0,0,0,0,0
904641186,3,2,3,3,2,2,3,18
71321366,0,0,0,0,0,0,0,0
780795473,0,2,1,1,1,1,1,7
1022301131,0,2,0,1,1,1,1,6
203956123,0,0,0,0,0,0,0,0
203956024,0,1,0,0,1,1,0,3
1017555925,0,3,1,2,2,1,1,10
1048559078,0,0,0,0,0,0,0,0
1038087227,0,2,2,1,1,1,1,8
1049693034,1,2,0,2,3,2,0,10
1080925001,0,2,2,2,1,1,3,11
975255388,0,2,1,3,2,1,1,10
1064539159,1,2,2,3,2,2,1,13
1067687886,0,2,2,2,3,1,1,11
1059184456,0,2,1,1,1,1,1,7
977615911,0,0,0,0,0,0,0,0
955554896,0,2,0,1,2,1,1,7
1053319137,2,2,3,2,1,1,3,14
978305213,3,3,3,3,2,2,3,19
988007664,3,2,3,2,2,1,1,14
1079230065,0,0,0,0,0,0,0,0
1012574593,0,0,0,0,0,0,0,0
989735468,3,3,3,3,3,1,3,19
1080363664,0,2,1,1,1,1,1,7
1077860692,0,0,0,0,0,0,0,0
721886692,3,3,3,3,3,1,3,19
915383502,0,2,2,1,1,1,1,8
731010401,3,3,2,1,3,2,1,15
726105542,0,1,0,0,0,1,0,2
879803442,0,2,0,0,0,1,0,3
21793978,0,0,0,0,0,0,0,0
650506746,0,3,3,3,1,1,3,14
1044881376,3,2,3,1,1,2,2,14
714713013,0,0,0,0,0,0,0,0
1063864562,0,0,0,0,0,0,0,0
906833562,0,1,1,1,1,2,1,7
602166614,3,3,3,3,2,2,3,19
1064674362,0,2,1,2,3,1,1,10
1060975375,0,0,0,0,0,0,0,0
1061831612,0,0,0,0,0,0,0,0
1074679859,0,1,0,1,0,1,1,4
1009961175,3,2,3,3,3,2,1,17
90892655,0,0,0,0,0,0,0,0
924766226,3,3,3,3,3,2,3,20
1049037072,3,3,3,3,2,2,3,19
764266906,0,2,2,1,1,2,3,11
2176968,3,3,3,0,2,2,0,13
1045574022,3,3,3,3,3,2,3,20
122887581,0,0,0,0,0,0,0,0
1046893805,0,1,0,1,1,2,0,5
1050481849,0,2,0,0,0,1,0,3
717778593,0,1,0,1,1,1,1,5
1048620209,3,3,3,3,2,2,3,19
465702392,3,3,2,3,1,1,3,16
1033467055,0,2,2,1,1,1,0,7
781709661,0,2,2,1,1,1,3,10
926861541,0,0,0,0,0,0,0,0
854099259,1,2,1,1,2,1,1,9
950804304,0,2,2,1,1,1,3,10
920375395,0,2,2,1,1,1,3,10
990887396,0,2,3,1,2,1,3,12
123912632,0,0,0,0,0,0,0,0
1060337445,0,0,0,0,0,0,0,0
1019440043,0,2,2,2,2,1,3,12
954003008,2,2,3,3,1,2,3,16
1060288114,3,3,2,2,1,1,3,15
1000009679,0,2,3,1,1,1,3,11
930331193,0,1,1,0,1,1,0,4
1059033472,0,2,0,1,1,1,1,6
1061972286,0,1,2,1,1,1,3,9
1002700245,0,1,0,1,1,2,1,6
960186612,0,2,0,0,1,1,0,4
1068703188,0,1,1,0,1,1,0,4
1073250825,0,1,0,0,0,1,0,2
408304274,0,0,0,0,0,0,0,0
1066553747,1,2,1,3,1,1,1,10
556509736,0,2,0,0,0,1,0,3
968494337,3,2,2,2,2,1,1,13
1016168752,0,0,0,0,0,0,0,0
898287314,0,0,0,0,0,0,0,0
1059329661,0,0,0,0,0,0,0,0
967489598,3,2,2,2,2,1,1,13
1064517703,0,2,2,1,1,2,3,11
1064559623,0,2,1,3,1,1,1,9
1045374202,3,3,2,2,1,1,1,13
766754234,3,3,3,3,3,2,3,20
279303952,3,3,3,3,3,2,3,20
1050528569,3,3,0,2,2,2,0,12
564128664,3,3,3,1,3,2,1,16
871535456,3,3,3,3,3,2,3,20
775863653,3,3,3,3,3,2,3,20
543431311,3,2,0,1,1,2,0,9
1076428687,0,2,1,1,1,1,1,7
1076160087,2,3,3,1,2,1,3,15
1073890737,0,2,1,0,1,1,0,5
1068155218,1,2,2,1,1,1,1,9
1071629056,0,1,0,1,1,2,1,6
1004436157,0,2,1,1,1,1,1,7
781959584,3,3,3,3,2,2,3,19
561717841,3,3,2,2,3,2,0,15
1048436944,3,3,3,3,3,2,3,20
247987287,0,0,0,0,0,0,0,0
943620796,3,3,3,3,3,2,3,20
968879404,1,3,3,3,2,1,3,16
1022723321,3,3,3,3,3,2,3,20
912317441,3,3,3,3,3,2,3,20
1027438284,0,1,0,2,2,1,0,6
1046566787,2,1,0,2,2,1,0,8
648380106,0,0,0,0,0,0,0,0
1040863799,2,2,0,2,3,2,0,11
1027108653,0,0,0,0,0,0,0,0
1044807879,0,0,0,0,0,0,0,0
1038360081,0,2,0,0,0,1,0,3
1000242175,1,3,3,3,2,1,1,14
1018040748,0,0,0,0,0,0,0,0
1022969012,3,3,2,3,3,2,3,19
719544787,0,3,0,0,1,1,0,5
1018776871,2,2,2,1,1,2,2,12
915851502,2,3,3,1,2,2,3,16
1039309236,3,2,2,1,2,2,2,14
282590509,3,3,3,3,3,2,3,20
782802938,0,2,2,1,2,2,3,12
446745717,3,3,3,3,2,2,2,18
622570337,3,3,3,3,3,2,3,20
370336918,1,2,2,3,1,1,3,13
817794928,3,3,3,3,3,2,3,20
1020845655,0,0,0,0,0,0,0,0
974558445,0,0,0,0,0,0,0,0
1013854513,3,3,3,3,3,1,3,19
926874424,3,2,3,2,3,2,3,18
913680191,3,3,3,3,3,2,3,20
782673281,0,2,1,1,1,1,1,7
909439762,3,3,3,3,3,2,3,20
899984714,3,3,2,3,2,2,3,18
888749539,0,1,0,1,1,2,0,5
387161707,3,3,3,1,2,2,3,17
629841492,3,3,3,3,2,2,3,19
821782648,3,2,3,2,3,2,3,18
609825012,3,3,3,3,2,2,3,19
1082894488,0,1,0,0,0,2,0,3
1082559785,0,2,0,0,1,1,0,4
1081834278,0,1,0,2,0,0,0,3
1079791426,0,0,0,0,0,0,0,0
1054507508,0,2,0,0,0,1,0,3
1050938123,0,2,0,0,0,1,0,3
1027144313,0,2,0,1,1,1,1,6
1015447786,0,2,0,1,1,1,1,6
27270175,3,3,3,3,3,2,3,20
208974963,2,3,2,3,2,2,2,16
730624606,3,2,2,3,3,2,3,18
581566334,3,3,2,3,2,2,3,18
1067968017,0,0,0,0,0,0,0,0
1067926868,0,0,0,0,0,0,0,0
1067287758,0,0,0,0,0,0,0,0
1064098007,0,1,2,0,0,1,0,4
1062403926,1,2,1,0,1,2,0,7
1062033428,0,2,0,0,0,1,0,3
1055913106,0,1,1,1,1,1,1,6
144773598,0,0,0,0,0,0,0,0
1076594229,0,0,0,0,0,0,0,0
723681267,0,0,0,0,0,0,0,0
854334945,3,2,3,2,1,2,1,14
770044323,0,2,2,3,1,1,3,12
1067897168,0,2,3,3,1,1,3,13
527340948,3,3,2,2,2,1,3,16
1064743371,0,2,0,1,1,2,2,8
835892736,3,3,3,3,3,1,3,19
951266498,3,3,3,2,1,1,3,16
1022944293,2,2,3,2,3,1,3,16
964889014,3,3,3,3,3,2,3,20
404041613,3,3,3,3,3,2,3,20
920676236,1,2,2,1,1,2,1,10
984508948,0,2,3,1,1,1,0,8
921167874,1,2,2,1,1,2,1,10
923530654,0,2,1,1,1,1,1,7
923599703,0,2,0,1,1,1,1,6
923702333,0,2,0,1,1,1,1,6
924215932,1,2,0,1,1,1,1,7
927523433,0,2,1,1,1,2,1,8
927595103,0,2,0,0,1,1,0,4
928934109,0,2,0,1,1,1,1,6
929377705,0,2,0,1,1,1,1,6
929367835,0,2,0,1,1,1,1,6
169936361,0,2,2,1,1,1,3,10
1054506949,0,2,2,1,1,1,3,10
911965305,3,2,3,3,3,2,3,19
816426259,3,3,3,2,2,1,3,17
404732504,0,2,1,3,2,2,1,11
115147824,0,0,0,0,0,0,0,0
182799258,2,2,2,1,2,2,3,14
211625762,3,3,3,3,3,2,3,20
1011921231,3,2,2,3,2,2,1,15
992631326,3,2,2,2,2,2,3,16
993217716,0,3,3,2,1,1,3,13
120721851,3,3,3,3,3,2,3,20
736723892,3,2,3,1,2,2,1,14
456811044,2,2,2,1,1,2,3,13
720386389,3,3,3,3,2,2,2,18
933977188,0,2,1,1,1,1,1,7
1027115417,3,2,1,1,2,1,1,11
830569154,1,2,2,1,1,1,3,11
742344106,0,1,2,1,1,1,1,7
993457589,0,2,3,1,2,1,3,12
767043914,0,1,2,1,1,1,3,9
744549639,0,2,3,1,1,1,1,9
989293881,1,2,3,1,2,1,3,13
289117493,0,2,2,3,1,1,1,10
857472698,0,2,2,1,1,1,3,10
367282932,3,3,2,1,2,2,3,16
1012888054,3,3,3,3,3,2,3,20
562948936,0,2,2,1,1,1,3,10
416214388,0,2,3,1,1,1,1,9
1047966886,0,2,2,1,1,1,1,8
1046816727,0,2,1,1,1,1,1,7
318927435,3,3,3,3,3,2,3,20
1071218386,0,1,0,2,1,2,2,8
653559432,3,3,3,3,3,1,3,19
1075819617,3,2,3,1,2,2,1,14
768239388,0,3,0,0,2,2,0,7
795342395,3,3,3,3,3,2,3,20
1074125268,0,2,1,2,3,0,0,8
1039687049,0,2,0,1,1,1,1,6
1030908967,0,1,0,1,1,2,0,5
1042882934,0,2,1,0,1,1,0,5
995161871,2,2,0,2,3,1,1,11
1034795952,0,2,3,1,1,1,1,9
1042632399,0,0,0,0,0,0,0,0
1035017424,0,0,0,0,0,0,0,0
1009751066,0,1,0,1,1,2,2,7
1056890283,0,1,0,1,1,2,1,6
1064707642,2,2,0,1,2,1,1,9
1063005251,0,2,0,1,2,1,1,7
1009918442,0,2,0,1,2,1,1,7
477750982,3,2,2,2,2,1,3,15
961806429,0,2,2,1,1,1,1,8
963074356,0,1,0,0,0,1,0,2
987536585,0,2,1,0,2,1,0,6
1039676225,0,2,1,1,1,1,1,7
1057594245,0,0,0,0,0,0,0,0
1023598853,3,3,3,3,3,2,3,20
1054086397,3,3,3,3,3,2,3,20
1052132347,0,0,0,0,0,0,0,0
1048748946,3,3,3,3,3,2,3,20
1049362516,3,3,3,3,3,2,3,20
948183467,3,3,3,3,3,2,0,17
1030696157,3,3,2,3,2,2,3,18
1044653537,2,2,2,3,2,2,2,15
802804734,1,2,2,1,1,2,2,11
1070803838,0,1,0,1,1,2,2,7
1040706926,1,2,2,3,2,1,1,12
21588548,3,2,2,3,3,2,3,18
423426343,3,2,2,2,2,1,1,13
677533072,3,2,3,3,2,2,3,18
1938196,3,3,3,1,3,2,3,18
625291635,0,2,3,1,1,2,3,12
280617846,3,3,2,3,2,1,1,15
846413614,3,2,3,1,2,2,3,16
815810845,3,3,2,3,2,1,3,17
755152393,0,1,1,1,1,1,1,6
541628788,3,3,3,3,3,2,3,20
591695833,3,3,3,3,3,2,3,20
606594056,3,3,2,1,1,2,3,15
590694522,3,3,3,3,2,2,3,19
1044402556,0,1,0,0,1,2,0,4
741079141,3,3,3,3,3,1,3,19
1078086665,0,0,0,0,0,0,0,0
1077345652,0,0,0,0,0,0,0,0
1076944495,2,2,0,1,1,2,2,10
1067702085,0,2,1,1,1,1,1,7
1075049169,0,2,1,1,2,1,1,8
1074288503,0,2,1,1,1,1,0,6
1065454233,0,0,0,0,0,0,0,0
1069175393,0,2,0,1,1,1,1,6
1077928681,0,0,0,0,0,0,0,0
1056060897,0,1,0,1,1,2,0,5
974416486,3,3,1,2,1,2,1,13
1024165392,3,3,3,1,1,2,1,14
1013251051,3,3,3,1,1,2,1,14
1012895724,0,2,0,1,1,2,1,7
993210985,3,2,3,1,2,2,3,16
975235236,0,2,0,1,1,2,1,7
999589219,3,3,3,1,1,2,3,16
998678718,0,1,0,0,1,1,0,3
987418433,2,2,2,3,2,2,1,14
906416687,0,2,1,1,2,2,1,9
985062769,0,2,2,1,1,1,3,10
979851881,0,2,0,0,1,1,0,4
977754436,0,2,0,1,1,2,1,7
848209292,0,2,0,1,1,1,1,6
1042983078,0,0,0,0,0,0,0,0
857841247,0,0,0,0,0,0,0,0
960617852,0,2,1,1,1,1,1,7
570932528,2,2,0,1,1,2,0,8
902600586,3,3,3,3,3,2,3,20
1045616175,0,0,0,0,0,0,0,0
1043127751,3,3,3,3,2,2,3,19
896512624,3,2,3,1,2,2,3,16
979466983,0,1,0,1,1,1,1,5
955354695,3,3,1,2,1,1,1,12
799829169,0,2,2,1,1,1,3,10
714772195,3,2,3,3,2,2,3,18
968219057,1,2,2,1,1,1,3,11
712743383,3,3,3,3,2,2,3,19
966815603,3,3,3,3,3,1,3,19
1012122694,0,2,2,1,1,2,3,11
1023983098,3,1,3,1,2,2,3,15
1071295445,3,3,0,3,1,1,1,12
1067742052,0,2,2,2,1,1,1,9
968480634,0,0,0,0,0,0,0,0
1050124476,0,2,0,0,1,1,0,4
1050125575,0,0,0,0,0,0,0,0
1026626265,0,2,2,1,1,1,3,10
1047003812,0,0,0,0,0,0,0,0
104700611,0,2,2,2,3,1,3,13
1040205049,0,2,0,1,1,1,1,6
1040222825,3,2,1,2,3,2,1,14
1038282186,0,2,0,1,1,1,1,6
1080553956,0,2,0,0,0,1,0,3
800479517,3,3,3,3,3,2,3,20
1041532945,2,2,0,1,2,2,1,10
303748352,3,3,3,3,3,2,3,20
1050123888,3,2,2,3,2,2,1,15
934338372,3,3,3,3,3,2,3,20
616447376,3,2,3,3,3,2,3,19
935072144,1,2,0,2,2,1,1,9
67687406,0,0,0,0,0,0,0,0
92268324,2,2,0,1,1,1,1,8
419375818,0,2,0,0,0,1,0,3
1064484828,3,2,2,2,3,2,2,16
735510168,3,3,3,3,3,2,1,18
1067170871,3,2,2,3,2,1,1,14
1021714492,0,2,0,1,1,2,1,7
1070991753,3,3,2,1,1,2,3,15
646333501,0,2,2,1,3,1,1,10
1066502929,0,0,0,0,0,0,0,0
915588669,0,2,0,0,1,1,0,4
337710801,0,2,0,1,1,2,1,7
872843593,3,2,2,1,2,2,3,15
527738191,0,2,3,1,2,1,3,12
796611502,0,2,0,3,1,2,1,9
926516998,0,1,0,1,0,2,0,4
986097767,0,2,2,1,1,1,1,8
487767182,0,2,2,1,1,1,3,10
810072753,0,2,2,1,1,1,1,8
952353674,0,2,1,1,1,1,1,7
944825126,0,0,0,0,0,0,0,0
922265575,0,0,0,0,0,0,0,0
786879189,3,3,3,3,3,1,3,19
1032662825,1,2,2,1,1,1,3,11
1050151172,0,0,0,0,0,0,0,0
565049966,0,2,1,1,1,1,1,7
1016453354,0,0,0,0,0,0,0,0
1016984239,0,0,0,0,0,0,0,0
1016510414,0,0,0,0,0,0,0,0
1009608433,0,2,1,0,1,1,0,5
754321672,3,3,3,3,3,2,3,20
1009421915,0,2,2,1,1,1,3,10
999963024,1,2,3,1,1,1,3,12
918379405,0,2,2,1,2,1,3,11
975707351,0,1,0,0,1,1,0,3
885220705,0,1,0,1,1,1,1,5
782566863,3,3,2,1,1,2,1,13
1032836092,0,1,0,0,1,1,0,3
1000611296,3,3,2,2,3,1,1,15
1009974006,0,2,1,0,1,1,0,5
548445359,3,3,2,3,2,2,3,18
992623367,0,2,1,1,1,1,1,7
213607886,0,0,0,0,0,0,0,0
421703557,3,3,2,1,2,2,3,16
813980842,0,0,0,0,0,0,0,0
802938377,0,0,0,0,0,0,0,0
21590791,3,3,3,3,3,2,3,20
736819777,1,2,2,1,2,2,1,11
676534335,0,2,2,1,1,1,1,8
1051550183,0,2,2,1,1,1,3,10
709335863,0,2,3,1,1,1,1,9
715520129,0,2,3,1,1,1,3,11
725216557,0,2,2,1,1,1,3,10
561698302,0,2,2,1,1,2,1,9
729480132,0,2,2,1,1,1,3,10
673764396,0,2,2,3,1,1,3,12
687191425,0,1,0,2,1,1,1,6
88825508,0,0,0,0,0,0,0,0
1056613631,2,2,2,3,1,1,3,14
1052655691,0,2,2,1,1,1,3,10
1073651915,0,2,2,1,1,1,1,8
1027192993,0,2,2,2,1,1,3,11
806887978,3,3,3,3,2,1,3,18
905641108,3,2,0,1,2,2,1,11
619927044,3,3,3,3,2,1,1,16
991225086,0,2,2,2,1,1,3,11
1036444451,0,2,2,1,1,2,3,11
735224723,1,2,2,1,2,2,1,11
143681771,0,0,0,0,0,0,0,0
11015433,0,0,0,0,0,0,0,0
542333239,0,1,0,1,0,2,2,6
493378176,0,1,3,1,1,2,0,8
1079534037,0,1,0,0,1,2,0,4
1076754991,0,2,2,1,1,2,1,9
490007286,0,0,0,0,0,0,0,0
1060830864,0,2,0,1,1,1,1,6
1071236116,0,0,0,0,0,0,0,0
1061824826,0,0,0,0,0,0,0,0
1018205974,0,2,2,1,1,1,3,10
643314255,3,3,3,3,3,1,3,19
939295815,3,3,3,3,3,1,3,19
979429667,0,2,2,1,1,1,3,10
996153419,0,1,0,1,1,2,0,5
996240359,0,0,0,0,0,0,0,0
376098517,0,2,0,0,0,1,0,3
355951198,3,3,3,1,2,2,1,15
720423322,1,2,0,1,2,1,1,8
447463658,0,2,1,1,2,1,1,8
1000312055,3,2,0,1,2,2,1,11
1012918268,3,3,3,3,2,2,3,19
148331083,0,0,0,0,0,0,0,0
992275006,0,2,1,1,1,2,2,9
951350098,0,0,0,0,0,0,0,0
1081711134,0,2,1,1,1,1,1,7
1079300409,0,0,0,0,0,0,0,0
1078134456,0,2,2,1,1,1,1,8
1078135006,0,0,0,0,0,0,0,0
1073476299,0,2,0,0,0,1,0,3
1013671121,0,2,2,1,1,1,3,10
219125028,3,3,3,3,2,2,3,19
868852924,3,3,3,3,3,2,3,20
1052272715,3,3,3,2,3,2,3,19
414559765,2,2,2,2,2,1,0,11
813656801,3,3,2,2,1,1,1,13
957886905,0,1,0,1,1,0,0,3
115412976,0,0,0,0,0,0,0,0
401111433,0,2,0,1,1,2,2,8
2711176,0,0,0,0,0,0,0,0
1048210348,0,2,1,1,1,1,1,7
961886473,0,1,0,1,1,2,0,5
964784214,2,2,0,1,1,2,1,9
305227069,3,3,3,3,3,2,3,20
86958095,3,3,3,3,3,2,3,20
811805586,3,3,3,3,3,2,3,20
412737809,3,3,2,2,3,2,1,16
91327985,3,3,2,3,2,2,3,18
1067463956,3,3,2,3,2,2,3,18
1050411422,0,2,2,1,2,1,3,11
1076978995,0,0,0,0,0,0,0,0
1068756908,3,3,3,3,2,2,3,19
1056684191,0,3,2,1,1,1,1,9
990249897,0,2,2,3,1,1,3,12
1068208914,0,0,0,0,0,0,0,0
1070604268,0,0,0,0,0,0,0,0
1056389033,0,2,2,1,1,1,3,10
1009248326,3,2,3,3,2,2,3,18
1073163729,3,3,3,3,3,2,3,20
1070307276,3,3,3,3,2,2,3,19
1068069669,3,3,3,3,2,2,3,19
1065064543,3,3,3,3,3,2,3,20
1058157334,3,3,3,3,3,2,3,20
1059457241,0,2,0,1,2,1,0,6
1046153882,3,3,3,3,2,2,3,19
1043490541,3,3,3,3,3,2,3,20
1079619184,0,1,0,1,1,2,0,5
371494974,2,2,2,1,1,2,3,13
1074459889,3,3,3,1,2,2,3,17
1076580304,0,2,2,1,1,2,1,9
1059113418,3,3,0,1,1,2,1,11
887394155,0,2,1,1,1,2,2,9
105503559,0,0,0,0,0,0,0,0
1050764844,2,2,2,3,2,1,3,15
1004014664,0,1,0,1,1,2,0,5
996201105,3,3,3,3,2,1,1,16
403599527,3,3,3,3,3,2,3,20
437526525,3,3,3,3,3,2,3,20
94220152,3,3,3,3,2,2,3,19
660568321,3,3,3,3,3,2,3,20
486632504,3,3,3,2,3,2,3,19
92496225,3,3,3,3,3,2,3,20
916887576,0,2,0,0,0,1,0,3
401933075,3,3,3,3,2,2,3,19
486497946,0,1,2,1,1,2,1,8
1047174809,0,2,2,1,1,1,3,10
1045853386,0,0,0,0,0,0,0,0
1027318398,0,2,0,0,0,1,0,3
510247816,0,0,0,0,0,0,0,0
964253996,2,2,3,1,2,2,3,15
619152978,3,3,3,3,3,2,3,20
319154808,3,3,3,3,3,2,3,20
303580684,1,2,0,2,2,2,0,9
452288054,3,3,3,3,3,2,3,20
1058941129,0,2,1,1,1,1,1,7
1059995784,0,2,3,1,1,1,1,9
911623776,0,2,3,1,2,1,3,12
1071320446,0,0,0,0,0,0,0,0
863531855,0,2,1,0,1,1,0,5
872093782,0,2,3,1,1,1,3,11
891343018,3,3,3,3,3,1,3,19
929441999,3,3,2,2,2,1,3,16
1043381843,0,1,0,0,0,1,0,2
971626628,1,2,2,1,1,2,2,11
564567033,0,2,3,1,1,2,1,10
1075563998,0,0,0,0,0,0,0,0
849550873,0,2,0,0,0,1,0,3
1070569079,0,2,2,3,2,1,3,13
1050414554,0,2,2,3,2,1,3,13
1064718535,2,2,2,3,2,2,1,14
1059308664,0,1,0,1,1,2,0,5
1047991238,0,2,2,1,1,1,1,8
1063975603,2,2,0,0,0,1,0,5
1080899491,0,2,3,1,1,2,1,10
1080940133,0,1,0,1,1,2,0,5
1031559442,0,2,0,1,1,1,1,6
826777365,0,2,1,1,2,2,0,8
557951282,0,2,1,1,1,1,1,7
1076144374,0,1,3,1,1,0,0,6
1058910452,0,2,0,1,1,2,1,7
1069689031,0,1,3,1,1,2,3,11
1024557947,3,3,3,3,2,2,3,19
996744391,3,3,3,3,2,2,3,19
984059302,3,3,3,3,2,2,3,19
832423313,3,3,2,3,2,2,3,18
99116239,0,0,0,0,0,0,0,0
981491742,3,2,3,1,2,2,3,16
987247804,0,1,0,1,1,2,1,6
964700384,3,3,3,2,2,2,3,18
983446244,0,1,1,1,1,1,1,6
981800898,0,1,0,1,1,2,0,5
979090618,0,1,0,1,1,2,1,6
1070908217,0,2,1,0,1,1,0,5
1063582281,0,0,0,0,0,0,0,0
384680961,0,2,2,2,1,1,3,11
727119026,0,2,2,1,1,1,3,10
967002312,3,3,3,2,2,1,1,15
843222456,0,2,2,1,1,1,3,10
647989156,0,2,2,1,1,1,3,10
1053063089,3,3,3,3,3,2,2,19
1007454198,3,2,2,3,2,2,1,15
829667488,0,0,0,0,0,0,0,0
547757289,3,3,2,2,3,2,1,16
948941645,3,3,3,3,3,2,3,20
1069360745,0,0,0,0,0,0,0,0
1052320583,0,1,0,0,2,1,0,4
660451255,3,3,3,3,3,2,2,19
988617461,3,2,2,1,1,2,3,14
1075542885,0,2,1,1,1,1,1,7
1073002951,0,0,0,0,0,0,0,0
1080494568,0,2,1,0,1,1,0,5
964756273,0,2,3,1,2,2,3,13
1055021904,0,0,0,0,0,0,0,0
946689532,1,2,1,1,2,2,1,10
1078529391,3,3,3,3,2,2,3,19
1058101191,3,3,2,3,2,2,3,18
1012765725,0,0,0,0,0,0,0,0
1077991481,0,0,0,0,0,0,0,0
1076325002,0,0,0,0,0,0,0,0
1077307124,2,2,2,1,2,1,1,11
686837731,0,0,0,0,0,0,0,0
1075079921,0,3,2,2,3,2,1,13
1073442328,0,1,0,1,1,2,0,5
871087313,0,0,0,0,0,0,0,0
870770219,0,2,1,1,1,3,1,9
661035727,0,1,2,1,1,2,2,9
1067793905,0,1,0,1,1,2,0,5
673601895,0,2,2,1,1,1,1,8
1055032482,0,2,2,1,1,1,1,8
1062441709,0,0,0,0,0,0,0,0
583430464,0,2,2,3,1,2,3,13
1067918009,3,2,2,2,2,2,3,16
1060900109,3,2,3,2,3,2,1,16
566748861,3,2,3,1,1,2,3,15
1010487146,0,2,2,1,2,2,1,10
1059615435,0,0,0,0,0,0,0,0
105153373,0,0,0,0,0,0,0,0
1050542698,0,2,2,1,1,1,1,8
332437466,3,3,2,3,2,2,3,18
470924657,3,3,3,3,2,2,3,19
803237314,3,3,3,3,2,2,3,19
1063579361,0,2,0,0,1,1,0,4
356368833,3,3,3,3,2,2,2,18
1008023762,1,2,1,0,1,2,0,7
1043466476,0,0,0,0,0,0,0,0
905088065,0,2,0,1,1,2,1,7
1045602088,0,0,0,0,0,0,0,0
520975361,3,3,3,3,2,2,3,19
1081884465,1,2,0,3,2,1,1,10
376585305,3,3,3,3,3,2,3,20
1064584263,0,0,0,0,0,0,0,0
720450879,3,3,3,3,3,2,3,20
1061878226,0,0,0,0,0,0,0,0
1043387224,0,1,1,1,1,1,1,6
1053672485,0,2,1,1,1,1,1,7
1054368755,0,2,0,1,1,1,1,6
1013543743,0,1,0,0,1,1,0,3
716156422,0,2,0,0,0,1,0,3
1012284194,3,2,3,1,2,2,1,14
695938326,0,1,0,1,1,2,0,5
1051920229,3,2,0,1,2,2,1,11
1079823691,0,1,0,0,1,1,0,3
1045115471,0,2,0,1,1,2,0,6
563469401,3,3,3,2,3,2,3,19
479308627,0,2,0,1,1,1,1,6
791978503,0,2,0,1,0,1,1,5
969941937,3,3,3,3,2,2,3,19
934721152,3,2,3,1,1,2,1,13
604814983,3,2,2,3,2,2,3,17
993614174,0,1,2,1,1,1,3,9
974220544,0,1,3,1,1,1,1,8
972092645,0,1,3,1,1,1,1,8
97275682,0,0,0,0,0,0,0,0
882486292,0,2,1,1,1,1,1,7
966780091,0,1,3,1,1,1,1,8
966228826,0,1,1,1,1,1,1,6
973402953,0,1,3,1,0,1,0,6
973573798,0,2,1,1,1,1,1,7
964892705,0,1,2,1,1,1,1,7
966145048,0,1,1,1,1,1,1,6
976302848,0,1,1,1,1,1,1,6
972852477,0,1,1,1,1,1,1,6
962843395,0,1,1,1,1,1,1,6
964338765,0,2,1,1,1,1,0,6
964249729,0,2,1,1,1,1,1,7
965403179,0,1,2,1,1,1,3,9
1063500165,0,2,0,0,0,1,0,3
1054488233,3,2,3,1,1,1,3,14
1052339658,0,2,1,0,1,1,0,5
1042355841,1,2,1,3,1,2,1,11
1063914432,0,2,0,1,1,2,1,7
1045850491,0,2,2,1,1,1,1,8
534710921,3,3,3,3,2,2,3,19
292728003,3,3,3,3,3,2,3,20
808719977,2,1,0,0,0,2,0,5
701644655,1,2,2,1,2,2,1,11
808718101,2,1,0,0,0,2,0,5
24082246,0,0,0,0,0,0,0,0
1021781914,0,2,0,0,1,1,0,4
330026925,0,1,0,2,2,2,0,7
334132253,2,1,0,2,2,2,0,9
528318732,0,1,0,2,2,2,0,7
328879689,0,1,1,2,0,1,0,5
1058539663,0,2,2,3,2,2,1,12
1072594525,2,2,1,1,2,2,1,11
888759163,3,3,3,3,2,2,2,18
718239757,0,2,1,1,2,1,1,8
1009600594,0,2,0,1,1,1,1,6
1005029041,0,3,1,1,1,1,1,8
669550723,0,2,2,1,1,2,3,11
861020647,2,3,3,2,2,2,3,17
1009809655,0,3,0,1,2,1,1,8
902124158,0,0,0,0,0,0,0,0
891057589,0,2,1,1,1,1,1,7
749814005,3,2,3,3,3,2,3,19
830163484,3,3,2,3,2,2,1,16
275747732,0,0,0,0,0,0,0,0
868526748,0,0,0,0,0,0,0,0
938635029,3,3,3,1,3,2,3,18
968422803,0,2,0,1,1,1,1,6
998618865,3,2,2,3,2,2,3,17
972616669,0,2,1,1,1,1,1,7
986896527,3,3,2,3,2,1,1,15
986090546,1,3,2,3,2,1,1,13
984141946,1,3,2,3,2,1,1,13
955471474,3,3,3,3,2,2,3,19
493221253,3,3,2,3,2,2,3,18
444863306,3,3,3,3,3,2,3,20
598795337,0,0,0,0,0,0,0,0
984137949,3,3,3,3,2,2,3,19
1052576217,0,1,0,0,1,1,0,3
580048913,0,0,0,0,0,0,0,0
1058118557,0,1,0,0,1,1,0,3
938126353,0,2,2,1,2,1,1,9
1080421168,3,2,3,3,2,2,1,16
1054763014,0,2,1,1,1,1,1,7
979543562,2,3,2,1,2,1,3,14
458042331,3,3,3,1,2,2,3,17
903210301,1,2,2,3,2,2,3,15
1077044364,0,2,0,1,1,2,1,7
1062769431,0,0,0,0,0,0,0,0
608013403,0,2,1,1,1,1,0,6
1064650453,0,2,2,1,1,1,1,8
1034075225,0,1,0,0,0,1,0,2
341026001,0,2,0,1,1,1,1,6
728746019,0,1,0,1,1,2,0,5
572788254,3,2,2,2,2,2,3,16
1040509404,0,1,2,1,1,2,0,7
1011454731,2,2,1,3,1,1,0,10
538473581,3,2,2,1,2,2,3,15
99542217,0,0,0,0,0,0,0,0
994492892,3,3,3,3,2,2,3,19
981261739,3,3,3,3,2,2,3,19
553946562,3,3,3,3,2,2,3,19
797223373,0,2,2,3,2,1,3,13
824757369,0,2,1,1,1,2,1,8
633601162,0,2,2,1,1,1,3,10
795102472,0,2,2,1,1,1,3,10
636595408,0,2,2,1,1,1,3,10
544171743,0,2,0,1,1,1,1,6
648717725,0,2,2,1,1,1,1,8
761659571,0,3,3,1,2,1,3,13
1005005025,0,2,3,1,1,1,3,11
544328663,0,2,2,1,2,1,3,11
603399815,0,2,3,3,2,1,3,14
1026887452,2,2,2,1,2,1,3,13
1037143073,0,2,2,1,1,1,3,10
987364365,0,2,1,1,1,1,1,7
706818043,2,2,2,3,1,1,3,14
928260688,3,2,0,0,1,2,0,8
1020427543,0,2,3,1,1,1,3,11
845750336,3,3,3,3,3,2,3,20
1014148448,0,0,0,0,0,0,0,0
952453147,0,1,2,1,0,1,3,8
614526998,0,1,0,0,1,1,0,3
504506455,0,3,2,1,3,2,3,14
992407138,2,2,2,3,2,2,3,16
217660921,0,0,0,0,0,0,0,0
392119742,1,2,0,1,2,2,1,9
163494831,0,0,0,0,0,0,0,0
649947047,3,3,2,1,2,2,3,16
943851545,3,3,3,1,2,2,2,16
752620857,0,2,1,1,1,1,1,7
725621746,2,2,0,3,2,1,1,11
1076906977,0,1,0,0,1,1,0,3
284586398,0,2,2,1,1,1,1,8
841070127,2,3,2,3,2,1,3,16
915455799,3,3,2,3,3,2,2,18
992405189,3,3,2,1,2,2,3,16
620443123,0,1,0,1,1,2,0,5
950045768,0,0,0,0,0,0,0,0
1080589828,0,0,0,0,0,0,0,0
1069711863,0,0,0,0,0,0,0,0
1003479579,0,1,1,1,1,1,1,6
918430269,3,3,3,3,3,2,3,20
1068113136,0,2,0,1,1,1,1,6
1021747029,0,2,2,1,1,1,3,10
1019372795,1,2,0,1,1,2,1,8
1007833346,0,2,2,1,1,1,1,8
992271038,0,2,1,1,1,1,1,7
906984553,3,3,3,2,3,2,3,19
1058633339,1,2,3,3,3,1,3,16
1062521189,3,3,3,2,2,2,3,18
1033180687,0,2,1,1,1,1,1,7
698413888,3,3,3,3,3,1,3,19
1056500682,0,1,0,0,0,1,0,2
1052568839,0,0,0,0,0,0,0,0
1053985883,0,2,2,1,1,1,1,8
108196664,0,0,0,0,0,0,0,0
1069555973,0,2,0,1,0,1,1,5
969799138,3,3,3,3,3,1,3,19
1066550536,0,2,2,1,1,1,1,8
1073531748,0,2,2,1,1,1,1,8
1073402366,0,2,3,1,1,1,1,9
1068515926,0,1,2,1,1,1,1,7
1068598136,0,2,0,1,1,1,1,6
68383688,0,0,0,0,0,0,0,0
363736959,0,1,2,1,1,1,1,7
932907874,0,2,1,2,2,1,0,8
12646809,0,0,0,0,0,0,0,0
1020982993,0,0,0,0,0,0,0,0
439312495,3,3,2,3,2,1,3,17
836710598,0,2,0,1,1,1,1,6
565533989,0,0,0,0,0,0,0,0
1000429296,0,1,0,0,1,1,0,3
333379681,0,2,1,2,1,1,0,7
508062555,0,2,3,2,1,1,3,12
739639731,3,1,3,1,2,2,3,15
510827399,1,2,2,2,1,2,1,11
513456816,1,2,2,1,1,2,0,9
712759563,0,1,1,1,1,2,2,8
543225824,0,1,0,1,1,1,1,5
346993095,1,2,3,1,2,1,3,13
716926888,2,2,3,1,1,2,3,14
486227108,0,2,2,1,1,1,1,8
1058926543,3,3,3,3,2,2,3,19
1058167353,0,2,1,0,1,1,0,5
1060300747,0,2,2,1,1,1,1,8
1057054138,0,2,2,2,3,1,3,13
25387054,0,0,0,0,0,0,0,0
1047865775,0,2,0,1,1,1,1,6
1039001321,0,0,0,0,0,0,0,0
1044995762,0,2,2,1,1,1,3,10
798558952,0,1,0,1,1,2,0,5
181226886,0,0,0,0,0,0,0,0
162947657,0,0,0,0,0,0,0,0
24269046,0,0,0,0,0,0,0,0
201169716,0,2,1,2,1,1,0,7
541578272,2,1,2,1,2,2,2,12
181485409,0,0,0,0,0,0,0,0
543463865,3,3,0,0,0,2,0,8
168444853,0,1,0,0,2,2,0,5
543458285,3,3,2,1,2,2,0,13
1081705325,0,2,1,0,1,1,0,5
1080841905,0,0,0,0,0,0,0,0
238206354,0,0,0,0,0,0,0,0
687445839,0,2,3,1,1,1,3,11
683760116,0,2,3,1,1,1,3,11
683317635,0,2,3,1,1,1,3,11
681495909,0,2,3,1,1,1,3,11
678120851,0,2,3,1,1,1,3,11
1037754696,0,0,0,0,0,0,0,0
737292665,0,2,3,1,1,1,3,11
1077617554,1,2,0,1,1,2,1,8
1069742793,0,2,1,1,1,2,1,8
402933955,3,3,2,3,2,2,0,15
272277764,0,2,1,1,2,2,2,10
922760576,0,2,0,0,0,1,0,3
953836396,0,2,1,1,1,2,1,8
975816577,2,2,1,1,2,2,2,12
1058578107,2,2,2,2,2,1,3,14
1046254623,0,2,0,1,1,1,1,6
737350054,3,3,3,3,2,2,1,17
495290818,0,1,0,0,1,0,0,2
183861053,0,0,0,0,0,0,0,0
410274369,0,0,0,0,0,0,0,0
373545513,0,1,0,3,2,1,1,8
984167951,0,1,0,1,1,1,0,4
1032049578,3,2,3,1,1,2,2,14
987589326,2,1,1,1,1,2,0,8
1014860058,3,2,3,1,1,2,3,15
1010814015,0,1,0,1,1,2,2,7
1006070309,1,3,2,3,2,1,3,15
1009382564,0,2,1,1,1,2,2,9
1010437438,2,2,0,1,1,2,1,9
945175737,0,2,2,1,1,1,3,10
915587303,3,2,3,1,2,2,3,16
1025617587,0,2,2,1,1,1,1,8
1053282097,0,0,0,0,0,0,0,0
41707478,0,0,0,0,0,0,0,0
1027318537,0,2,2,1,1,1,1,8
1013972839,0,2,2,1,1,1,1,8
582315531,0,1,2,1,1,1,3,9
318447129,3,3,3,3,2,2,3,19
17828009,3,3,3,3,3,2,3,20
518782437,1,1,2,1,2,2,0,9
383979751,1,2,2,1,1,2,1,10
383979935,1,2,2,1,2,2,1,11
499193919,0,0,0,0,0,1,0,1
499181763,0,2,1,0,1,1,0,5
492134015,0,2,1,0,2,1,0,6
492123281,2,1,2,1,1,2,1,10
963104572,1,2,3,1,1,1,3,12
486018531,0,1,1,1,1,1,1,6
486017316,0,1,1,1,1,1,1,6
486014685,1,2,2,1,1,1,1,9
486011792,0,1,1,1,1,1,1,6
486007749,1,2,2,1,1,1,1,9
952553307,0,2,0,1,1,2,0,6
954802271,0,1,0,1,1,2,0,5
1018616277,3,3,2,3,3,1,3,18
1010958075,3,2,3,3,2,2,3,18
433974858,3,3,2,3,3,2,3,19
684326165,3,3,3,3,2,2,3,19
1005045361,0,0,0,0,0,0,0,0
467188828,0,2,0,1,2,1,1,7
90675166,0,0,0,0,0,0,0,0
577534083,0,2,2,1,1,1,1,8
943320737,3,2,3,3,2,2,1,16
203956189,0,0,0,0,0,0,0,0
888765264,3,3,3,3,2,2,3,19
779473077,1,2,2,1,1,1,1,9
939428088,3,3,3,3,2,2,3,19
556840289,1,2,1,0,1,2,0,7
630479086,3,3,2,2,3,2,1,16
988684945,1,2,2,1,1,2,2,11
841245764,0,2,2,1,1,1,3,10
829625817,0,1,0,0,0,1,0,2
1042135498,1,2,2,3,2,2,1,13
1042113147,1,3,2,3,2,2,3,16
930386207,3,2,2,3,2,2,2,16
721560949,0,2,1,1,0,1,1,6
575606872,0,2,2,1,1,2,3,11
975904237,0,2,0,1,1,1,1,6
876629688,1,3,3,3,2,2,3,17
828216961,1,2,0,2,1,2,1,9
996470415,3,3,3,2,2,2,3,18
527598524,0,2,3,3,2,1,3,14
493860611,2,2,3,3,2,1,1,14
111942252,0,2,2,1,2,1,3,11
476257484,3,3,3,2,2,2,3,18
1074173037,0,0,0,0,0,0,0,0
926560634,3,3,3,3,3,2,3,20
1067484997,3,3,3,3,3,2,3,20
1014327679,2,1,2,1,2,1,1,10
721241079,0,1,2,1,1,1,1,7
1073663477,0,2,2,1,1,1,3,10
960967477,0,1,0,1,1,2,1,6
932794321,0,0,0,0,0,0,0,0
465732568,0,0,0,0,0,0,0,0
452529449,2,3,1,1,2,2,1,12
10437249,0,0,0,0,0,0,0,0
10437366,0,0,0,0,0,0,0,0
10437439,0,0,0,0,0,0,0,0
24268476,0,0,0,0,0,0,0,0
24268506,0,0,0,0,0,0,0,0
23267245,0,0,0,0,0,0,0,0
950530874,3,2,3,1,3,2,3,17
817619814,0,3,2,1,1,1,1,9
107912746,0,0,0,0,0,0,0,0
694246873,0,2,2,1,1,2,3,11
1019779754,0,0,0,0,0,0,0,0
716752946,0,0,0,0,0,0,0,0
981858357,0,2,0,3,2,1,1,9
989607636,1,3,2,1,1,1,3,12
538235973,0,2,0,1,1,2,1,7
562196903,3,3,3,3,3,2,3,20
443168164,2,2,3,2,3,2,3,17
917285057,0,2,2,1,1,1,3,10
332026728,3,3,2,3,3,2,3,19
945117667,0,2,2,1,1,1,0,7
919370527,0,2,2,3,2,1,3,13
890493132,0,2,1,3,1,1,1,9
1048711175,1,2,0,1,1,2,1,8
1004927479,0,2,0,1,1,1,1,6
881667041,3,3,3,3,2,2,3,19
1048078115,0,0,0,0,0,0,0,0
898918015,0,2,2,1,2,1,3,11
649803282,0,2,1,1,1,1,1,7
1074124811,0,1,0,1,1,1,1,5
565721915,0,0,0,0,0,0,0,0
103239128,0,0,0,0,0,0,0,0
878885927,3,2,3,3,2,2,3,18
934042913,3,2,1,3,3,1,1,14
711656203,2,3,3,3,2,1,1,15
140317189,0,0,0,0,0,0,0,0
511101953,3,2,2,1,1,2,1,12
511122113,1,2,2,1,2,2,1,11
145946634,0,2,0,1,1,1,0,5
886710177,2,2,3,1,1,2,3,14
994284334,2,2,0,1,1,2,1,9
751611988,0,2,0,1,1,1,1,6
114699219,0,0,0,0,0,0,0,0
781272524,0,2,1,1,1,1,1,7
984254392,0,0,0,0,0,0,0,0
746921714,2,3,2,3,2,1,3,16
875692845,3,3,3,3,3,2,3,20
1067526297,3,3,3,2,2,2,3,18
1056667095,0,0,0,0,0,0,0,0
1041491736,0,2,3,2,2,1,1,11
1044958371,3,3,3,3,3,2,3,20
1042232278,3,3,1,2,2,1,0,12
712633622,3,3,3,3,3,2,3,20
871901214,3,2,3,3,2,1,3,17
964004155,0,2,0,1,1,1,1,6
1054347527,0,2,2,1,1,2,3,11
1043420022,0,2,2,1,1,1,3,10
1047935886,0,2,2,3,1,1,3,12
533013373,3,3,3,3,3,2,3,20
554052359,3,3,3,3,3,2,3,20
264644026,3,3,3,3,3,2,3,20
711370094,3,3,3,3,3,2,3,20
388987572,3,3,2,3,3,2,3,19
810801399,3,2,2,1,1,2,1,12
768242646,3,2,2,1,2,2,3,15
379694281,3,3,3,3,3,2,3,20
895919268,3,3,2,3,2,2,3,18
991792882,0,2,2,1,2,1,1,9
617482003,3,3,3,3,3,2,3,20
996296633,0,2,3,2,1,1,1,10
835786404,2,2,3,1,1,1,3,13
987118366,3,2,3,1,1,2,1,13
945263744,0,2,3,1,1,1,3,11
955471514,0,0,0,0,0,0,0,0
935321249,0,2,0,1,1,1,1,6
718096127,0,2,3,1,1,1,3,11
946122691,0,1,2,1,1,2,1,8
1047992173,0,2,0,1,1,2,1,7
1077214155,0,2,0,1,1,2,0,6
1071385092,0,1,0,0,1,1,0,3
1060882959,0,2,2,1,1,1,3,10
1057330671,0,2,2,1,1,2,3,11
951052592,3,3,2,1,2,1,3,15
703480148,0,1,0,1,1,1,1,5
506955099,3,3,3,3,2,2,3,19
483307403,3,2,3,0,1,1,0,10
505714315,0,3,2,3,1,1,3,13
23652549,0,0,0,0,0,0,0,0
172641759,0,0,0,0,0,0,0,0
900987594,0,2,2,1,1,1,1,8
1062981988,0,1,0,1,1,1,1,5
1080408839,0,0,0,0,0,0,0,0
1050354597,3,3,2,3,3,2,3,19
964238572,0,0,0,0,0,0,0,0
141113842,0,0,0,0,0,0,0,0
803499469,0,1,0,0,0,1,0,2
953556192,0,1,1,1,1,1,1,6
956581347,1,2,2,1,1,1,3,11
592526918,0,2,1,0,1,1,0,5
966039446,0,2,2,1,1,1,1,8
229742405,0,0,0,0,0,0,0,0
996719116,0,2,2,1,1,1,1,8
206931909,2,3,1,3,2,2,2,15
382597057,3,3,3,3,2,2,3,19
877362076,3,2,0,3,3,2,1,14
398189506,0,0,0,0,0,0,0,0
34732242,0,0,0,0,0,0,0,0
1079831341,0,0,0,0,0,0,0,0
786282127,3,2,1,2,2,1,1,12
1072425176,0,0,0,0,0,0,0,0
1071337217,0,0,0,0,0,0,0,0
761712296,2,3,3,3,2,2,3,18
18482376,2,2,2,2,2,1,1,12
844845546,0,0,0,0,0,0,0,0
845027526,0,0,0,0,0,0,0,0
470381188,0,2,1,1,1,1,1,7
1002243912,0,0,0,0,0,0,0,0
413464993,0,1,3,1,1,1,1,8
874382145,0,2,0,0,0,1,0,3
991781396,3,2,1,2,3,1,1,13
1059095202,0,1,2,0,0,1,0,4
919339339,3,2,2,3,2,2,3,17
1030640772,0,2,0,0,0,1,0,3
122698672,0,0,0,0,0,0,0,0
889381835,0,0,0,0,0,0,0,0
731673821,0,0,0,0,0,0,0,0
623479768,0,2,1,1,1,2,1,8
623479285,1,3,3,1,2,2,3,15
1039088243,0,0,0,0,0,0,0,0
1038083164,3,2,2,3,2,2,1,15
394959203,0,1,0,0,1,1,0,3
934755359,0,2,2,2,2,1,3,12
995869658,0,2,1,1,1,1,1,7
436206139,0,1,1,1,1,2,2,8
457424759,0,2,0,1,1,2,2,8
92428547,0,0,0,0,0,0,0,0
636504809,0,1,0,1,1,2,0,5
782671191,0,1,0,1,1,2,1,6
718820642,0,2,2,1,2,2,1,10
764339037,0,1,0,1,1,2,0,5
357354839,0,2,1,1,1,1,1,7
330441247,1,2,2,1,3,1,1,11
323030842,0,2,1,0,2,1,0,6
1082285203,3,2,3,2,3,2,3,18
91544038,0,0,0,0,0,0,0,0
324595738,0,2,1,3,2,1,1,10
1080542784,0,2,1,2,1,1,1,8
172802916,3,2,2,2,3,2,1,15
1080377455,0,2,2,3,3,1,1,12
1078716524,0,2,1,0,1,1,0,5
862156089,0,1,0,0,0,1,0,2
1078677742,0,2,0,1,1,1,1,6
1077584323,0,3,3,3,2,1,3,15
21974463,0,0,0,0,0,0,0,0
1073940001,1,2,3,1,1,1,3,12
796022193,3,3,2,3,3,2,3,19
1060683481,3,3,3,2,2,2,2,17
989583782,0,2,0,0,0,1,0,3
1007510404,3,3,2,1,1,2,3,15
1029684461,0,2,0,1,0,2,2,7
66283872,0,0,0,0,0,0,0,0
1077109903,0,2,1,1,1,2,2,9
107975347,0,0,0,0,0,0,0,0
791577255,0,0,0,0,0,0,0,0
1073443484,0,2,0,0,0,1,0,3
1068502724,0,2,1,1,1,1,1,7
1068647753,3,3,2,3,2,1,1,15
1054361808,3,3,1,2,2,1,1,13
356286226,3,3,3,2,3,2,3,19
878049737,0,2,1,1,1,2,1,8
879314387,0,2,1,1,1,2,0,7
876713723,0,1,0,0,1,1,0,3
878412395,0,2,1,2,2,0,0,7
875817323,0,2,0,1,1,1,1,6
870476378,0,2,1,2,3,1,1,10
875777329,0,0,0,0,0,0,0,0
875747322,0,0,0,0,0,0,0,0
874251711,0,2,0,1,1,1,0,5
869431891,0,1,0,0,1,1,0,3
1064720327,3,2,2,1,2,2,2,14
1048351572,0,1,0,1,1,2,0,5
1061888339,0,1,2,1,1,2,3,10
1062508722,3,3,1,1,1,2,1,12
1052767342,0,1,0,1,1,2,0,5
1059193624,3,2,3,1,1,2,1,13
1043929174,0,2,0,1,1,2,0,6
1048876097,0,1,0,1,1,2,0,5
1048591194,0,0,0,0,0,0,0,0
1069869952,3,3,2,1,2,2,2,15
980192825,1,3,3,1,2,2,1,13
662100117,0,0,0,0,0,0,0,0
957253193,3,2,3,3,2,2,3,18
615628267,3,2,2,3,3,2,3,18
930226261,3,2,3,1,2,2,1,14
905172385,3,3,3,3,3,2,3,20
883399712,0,2,1,1,1,2,0,7
540981638,1,2,1,1,1,2,1,9
1033963557,0,0,0,0,0,0,0,0
1034279158,0,1,0,1,1,2,0,5
1034228301,3,3,3,2,1,2,1,15
1028956103,2,2,2,3,2,2,1,14
1033575274,0,0,0,0,0,0,0,0
1024780107,0,0,0,0,0,0,0,0
1033307159,0,1,0,1,1,2,2,7
1004984773,0,1,3,1,1,2,0,8
103200371,0,0,0,0,0,0,0,0
605485608,3,3,3,3,3,2,3,20
117049696,0,0,0,0,0,0,0,0
570561481,0,0,0,0,0,0,0,0
1018574743,0,1,1,1,0,1,1,5
1027178625,0,2,1,1,1,1,1,7
1027194003,0,1,0,1,1,2,2,7
990528339,3,3,2,3,2,2,3,18
943133635,2,3,2,1,2,2,3,15
960605063,0,0,0,0,0,0,0,0
1059541214,0,1,0,1,1,2,2,7
1051220442,0,0,0,0,0,0,0,0
781564362,0,1,2,1,1,2,0,7
959488521,3,3,3,3,2,2,3,19
766571198,0,2,0,3,0,2,1,8
907209316,3,2,2,1,2,2,3,15
1073561639,0,2,2,1,1,1,3,10
1080901756,0,2,0,1,1,1,1,6
1057314163,0,2,2,1,1,2,1,9
1078316692,3,2,3,1,2,1,3,15
1077238845,0,2,3,3,2,1,3,14
1068738322,0,2,3,2,2,2,3,14
1061774965,0,1,0,0,1,0,0,2
1059804135,1,3,2,1,2,1,3,13
1058627232,1,2,2,1,2,1,3,12
872873066,2,2,2,3,2,1,3,15
1050559802,0,0,0,0,0,0,0,0
104529249,0,0,0,0,0,0,0,0
1077159408,1,2,1,3,1,2,1,11
408392189,3,3,1,2,3,1,1,14
158510115,0,0,0,0,0,0,0,0
1077128103,0,0,0,0,0,0,0,0
1076127216,0,2,0,3,1,1,1,8
115423818,3,3,3,3,2,2,3,19
743945889,3,3,3,3,3,2,3,20
725970781,3,3,3,3,3,2,3,20
141543238,3,2,2,2,2,2,2,15
168039957,3,3,3,2,3,2,0,16
134170516,0,0,0,0,0,0,0,0
975266082,0,0,0,0,0,0,0,0
933469571,3,3,3,3,3,1,3,19
928818609,3,2,2,3,2,2,1,15
439817219,3,3,3,3,2,1,3,18
1078752764,0,0,0,0,0,0,0,0
1079411175,0,2,2,1,1,1,1,8
345854304,3,2,3,3,3,2,3,19
788371995,0,0,0,0,0,0,0,0
857906662,3,2,3,3,1,2,1,15
970703977,0,3,1,3,1,1,1,10
1015179351,3,2,3,3,2,2,3,18
104912864,0,0,0,0,0,0,0,0
185926176,3,3,3,3,2,2,3,19
187091317,0,0,0,0,0,0,0,0
805485436,0,0,0,1,0,1,1,3
965087529,0,0,0,0,0,0,0,0
539067885,0,2,1,1,1,2,2,9
1047832347,0,2,1,1,1,2,0,7
1021504477,0,2,0,1,1,1,1,6
1059354602,0,2,2,1,1,2,0,8
1059559413,1,2,3,3,2,2,1,14
1053712874,0,2,0,1,1,2,1,7
1047547128,1,2,0,1,2,2,1,9
1052475449,3,2,3,0,1,2,0,11
1048471189,0,2,0,1,1,2,1,7
1010001949,0,2,0,0,1,1,0,4
951976049,0,2,1,1,1,1,1,7
1007307604,0,2,0,1,1,1,1,6
724480688,3,3,3,3,3,2,3,20
1047134371,3,3,3,3,2,2,3,19
640510369,0,1,0,1,1,2,0,5
1011709253,0,0,0,0,0,0,0,0
779797971,2,2,0,1,1,2,2,10
280187352,0,2,2,1,1,1,3,10
1012298527,0,2,2,1,1,1,1,8
1009880133,0,2,1,1,1,1,1,7
192205406,0,2,0,1,1,1,1,6
154525149,1,2,3,1,1,1,1,10
1000012091,3,2,2,1,1,2,3,14
262848454,0,0,0,0,0,0,0,0
318997406,0,2,2,1,1,1,3,10
1081805901,0,0,0,0,0,0,0,0
975977147,3,3,3,3,2,2,3,19
1078046908,0,0,0,0,0,0,0,0
1079029947,0,2,2,1,1,1,1,8
1073403245,0,1,1,1,1,1,1,6
1073656965,0,2,0,0,0,1,0,3
1073606842,0,2,1,2,2,1,1,9
946100992,0,0,0,0,0,0,0,0
925410368,0,0,0,0,0,0,0,0
956172496,0,1,2,1,1,2,3,10
973165548,0,0,0,0,0,0,0,0
1073967758,0,2,0,1,1,2,1,7
1072036469,0,2,2,1,1,2,3,11
1071249066,0,1,0,1,1,2,0,5
1069888269,0,2,2,1,1,2,3,11
1066703615,3,2,1,1,2,2,1,12
1068104872,0,2,1,1,1,2,1,8
1065421491,0,1,0,1,1,2,2,7
1039470099,2,2,2,1,2,2,1,12
1064835501,0,1,0,1,1,2,1,6
1063652098,0,1,0,1,1,2,1,6
1062142281,0,2,2,1,1,1,1,8
1062408274,0,1,0,1,1,2,1,6
1061236925,0,1,0,1,1,2,0,5
1058511785,0,1,0,1,1,2,1,6
1059713452,0,1,0,1,1,2,1,6
1056889419,0,1,0,1,1,2,1,6
949810833,3,2,3,1,2,2,3,16
845093079,0,0,0,0,0,0,0,0
1059043178,0,1,0,0,0,1,0,2
1056957242,0,2,2,1,1,1,1,8
185332779,0,0,0,0,0,0,0,0
1032489835,0,1,0,0,1,1,0,3
1056176796,0,2,0,0,0,1,0,3
750043615,0,2,2,2,2,1,3,12
788290293,0,0,0,0,0,0,0,0
1081742447,0,0,0,0,0,0,0,0
1076344061,0,0,0,0,0,0,0,0
1074859901,0,0,0,0,0,0,0,0
1056660675,1,3,3,3,1,1,3,15
548036312,3,3,3,3,3,2,3,20
944844825,0,1,0,1,1,2,1,6
861203506,0,2,1,0,1,1,0,5
754515072,3,3,3,3,3,1,3,19
743727436,0,1,2,1,1,2,2,9
1063040603,0,0,0,0,0,0,0,0
1080851357,3,2,2,2,2,1,1,13
1080578631,0,0,0,0,0,0,0,0
1080494575,0,2,2,1,1,1,1,8
1078740602,0,2,2,1,1,1,3,10
1077282239,0,1,0,1,0,2,0,4
979716725,0,0,0,0,0,0,0,0
980738485,0,0,0,0,0,0,0,0
1078108399,0,0,0,0,0,0,0,0
956803612,0,2,0,1,1,2,0,6
1069298354,0,1,0,1,1,2,2,7
1081037146,0,0,0,0,0,0,0,0
950383059,0,0,0,0,0,0,0,0
1069298162,0,2,1,1,1,1,0,6
1070556945,0,2,2,3,3,1,3,14
1069292969,0,1,0,1,1,1,0,4
1074067668,0,0,0,0,0,0,0,0
1069288126,0,1,0,1,1,2,1,6
1071385534,0,0,0,0,0,0,0,0
882992969,0,0,0,0,0,0,0,0
1021877301,3,3,3,3,2,2,3,19
945223583,3,3,3,3,2,2,3,19
930621726,3,3,3,3,3,2,3,20
946452565,3,3,3,3,3,2,3,20
871476662,3,3,3,3,3,2,1,18
484332897,3,3,3,3,2,2,3,19
98388804,0,0,0,0,0,0,0,0
965233306,3,3,3,3,3,2,3,20
238257457,3,3,3,3,3,2,3,20
798422955,3,3,3,3,2,2,3,19
787216798,3,3,3,3,3,2,3,20
640089116,3,3,3,3,3,2,3,20
729792038,3,3,3,3,3,2,3,20
854111186,3,3,3,3,3,2,3,20
1033730362,0,2,3,1,1,2,3,12
1034685199,0,2,2,1,1,2,1,9
673929337,3,2,1,2,3,1,1,13
794568479,0,0,0,0,0,0,0,0
694544934,0,1,2,0,1,1,0,5
485718024,0,2,2,3,1,1,3,12
935662821,3,2,3,2,2,2,3,17
37836116,0,0,0,0,0,0,0,0
529515093,3,2,2,1,2,2,1,13
618352817,0,1,0,1,1,1,1,5
292620774,1,3,2,1,2,2,3,14
10005522,1,2,1,3,1,3,1,12
681249986,1,2,0,0,1,3,0,7
153755327,0,0,0,0,0,0,0,0
417605491,1,2,2,3,1,2,1,12
965248072,0,2,0,0,1,1,0,4
1067925926,0,2,1,1,2,1,1,8
1064307154,0,1,0,1,1,2,2,7
10745164,0,0,0,0,0,0,0,0
1011274719,0,2,0,0,0,1,0,3
1024815065,0,2,1,1,1,1,1,7
1017657184,0,2,2,1,1,1,0,7
989590334,0,1,0,1,1,2,1,6
418487405,3,3,3,3,3,2,3,20
983943072,0,0,0,0,0,1,0,1
991625682,2,2,2,1,1,2,1,11
953493538,3,3,3,2,2,2,3,18
991780012,3,3,2,3,2,2,1,16
1077390976,0,1,0,1,1,1,1,5
1059405046,0,2,1,1,1,2,1,8
1059997192,0,1,0,0,1,0,0,2
674162408,3,3,3,3,3,1,3,19
1075448109,2,2,2,1,2,2,1,12
1074053861,0,0,0,0,0,0,0,0
788636935,3,2,3,2,2,1,3,16
858995301,0,0,0,0,0,0,0,0
992102481,0,1,0,1,1,2,0,5
1062078198,0,1,0,0,1,1,0,3
945297512,3,2,2,1,2,2,3,15
778489053,0,2,1,1,1,1,1,7
1012401338,0,2,0,1,1,2,1,7
974930959,2,2,2,1,1,2,1,11
647686575,3,3,2,3,2,1,3,17
86927234,0,0,0,0,0,0,0,0
620525466,0,2,2,1,1,1,3,10
1052878716,1,2,2,1,2,2,1,11
1407575,0,2,1,1,1,1,1,7
898084041,0,1,2,1,1,2,3,10
947434852,0,2,2,1,1,2,3,11
400000805,0,2,2,2,2,2,0,10
1072362067,0,2,3,1,1,1,3,11
161523982,0,0,0,0,0,0,0,0
1074378489,0,2,0,1,1,1,1,6
576216995,0,2,2,2,1,1,3,11
912026711,0,2,2,1,1,1,1,8
532244238,0,2,3,1,1,1,3,11
911711533,0,2,1,1,1,1,1,7
944614799,0,2,0,2,3,1,0,8
1054469525,3,3,1,2,1,1,1,12
954054632,0,2,1,1,1,1,1,7
1050021074,0,1,0,1,1,2,0,5
1017377524,0,2,2,1,1,1,1,8
218052172,0,0,0,0,0,0,0,0
115337538,0,0,0,0,0,0,0,0
1077968628,0,2,3,1,1,2,3,12
954780977,0,2,2,1,1,1,3,10
1078046686,0,3,3,2,1,2,3,14
1074156593,0,2,3,1,1,2,3,12
1074399894,0,2,3,1,1,2,3,12
1075450141,0,0,0,0,0,0,0,0
777634178,0,1,0,1,1,2,0,5
950091129,0,0,0,0,0,0,0,0
1058889389,0,2,0,0,0,1,0,3
701355497,0,2,2,1,2,1,3,11
1037852073,0,0,0,0,0,0,0,0
701313384,0,2,2,1,1,1,3,10
701175197,0,2,2,1,1,1,3,10
1052344907,3,3,3,3,3,2,1,18
1053685806,0,0,0,0,0,0,0,0
988634519,0,2,1,0,1,1,0,5
85347794,0,0,0,0,0,0,0,0
958748812,0,2,1,1,1,1,1,7
944365087,3,2,2,3,1,1,3,15
951650815,0,2,0,0,1,1,0,4
922226796,0,2,1,1,2,1,1,8
923365121,2,2,1,1,2,1,1,10
1012082995,0,3,3,1,2,1,3,13
1010941461,0,3,3,1,2,1,3,13
1009464762,0,3,3,1,2,1,3,13
1008341725,3,3,3,2,3,1,3,18
1006423697,0,2,3,1,2,1,3,12
480646291,3,2,3,2,2,2,3,17
499246415,2,2,2,1,2,2,2,13
647206049,3,3,3,3,3,1,3,19
843010744,0,2,1,2,1,1,1,8
931132506,3,3,2,3,2,2,3,18
988659091,0,0,0,0,0,0,0,0
276270952,0,0,0,0,0,0,0,0
625476658,0,2,0,3,1,1,1,8
1013200599,3,3,3,3,3,2,3,20
1009153591,0,2,0,2,2,1,1,8
1009001335,2,3,3,1,1,2,3,15
973306928,1,2,3,1,2,2,3,14
996419982,2,2,0,3,1,1,1,10
878471639,1,2,2,3,1,1,3,13
1011820157,0,2,0,0,1,1,0,4
895580511,0,1,0,0,1,1,0,3
245113928,0,0,0,0,0,0,0,0
230537583,0,0,0,0,0,0,0,0
586249004,0,2,3,1,1,2,2,11
663820034,3,3,3,3,3,2,3,20
633710967,3,3,3,3,3,2,3,20
966276717,3,2,2,1,2,2,2,14
934186922,0,0,0,0,0,0,0,0
800964562,3,2,3,1,2,2,3,16
648647142,3,2,2,1,2,2,3,15
425174639,0,2,2,1,1,1,3,10
639190215,3,3,3,3,2,2,3,19
957529809,3,2,2,1,2,2,3,15
793383109,3,2,3,3,2,2,3,18
411658073,3,3,3,3,2,2,3,19
56923424,0,0,0,0,0,0,0,0
422283116,0,1,0,1,1,2,1,6
181708879,0,0,0,0,0,0,0,0
863759968,0,2,2,1,1,1,3,10
104813003,0,0,0,0,0,0,0,0
593107188,0,3,2,2,1,1,1,10
829212148,3,3,3,3,3,2,0,17
490441503,0,0,0,0,0,0,0,0
1024657856,0,1,0,1,1,1,0,4
412475626,0,2,2,1,2,1,3,11
36087908,0,0,0,0,0,0,0,0
337699066,2,2,2,1,2,1,3,13
604827866,0,2,2,3,1,1,3,12
579783707,0,0,0,0,0,0,0,0
626889973,0,0,0,0,0,0,0,0
833965982,0,0,0,0,0,0,0,0
912503222,0,0,0,0,0,0,0,0
725577493,0,0,0,0,0,0,0,0
23805162,0,0,0,0,0,0,0,0
1049854178,0,0,0,0,0,0,0,0
452247761,0,0,0,0,0,0,0,0
548866331,0,1,0,0,1,1,0,3
1051641827,0,0,0,0,0,0,0,0
1075362282,0,2,1,1,1,1,1,7
913053434,3,2,3,3,1,2,3,17
1080210897,0,2,1,1,1,1,1,7
317217597,0,2,2,1,1,1,3,10
1031467823,0,0,0,0,0,0,0,0
1021729915,0,2,1,0,1,1,0,5
101551499,0,0,0,0,0,0,0,0
945208152,3,3,3,3,3,2,3,20
794125215,3,2,2,1,2,2,3,15
702206457,3,3,3,3,3,2,3,20
995332684,3,3,3,3,3,2,3,20
434087139,0,3,2,1,1,1,1,9
189057541,3,3,3,3,3,2,3,20
822914616,2,2,2,1,2,2,3,14
914713215,3,3,3,3,3,2,3,20
992181091,3,2,3,3,3,2,3,19
984413239,3,3,3,3,3,2,3,20
337665977,3,3,3,3,2,2,3,19
1048215113,0,2,2,1,1,1,1,8
931952865,0,2,0,1,1,1,1,6
1043203207,0,2,1,1,1,1,1,7
88532902,0,0,0,0,0,0,0,0
345051272,1,2,3,1,2,2,1,12
1050254179,0,0,0,0,0,0,0,0
1074402087,0,0,0,0,0,0,0,0
575164103,0,1,0,0,1,1,0,3
1068601933,0,0,0,0,0,0,0,0
957554769,2,2,0,1,1,2,1,9
951720511,0,1,0,1,1,2,0,5
1064286129,0,1,0,1,1,2,0,5
1014045627,3,2,3,1,2,2,1,14
1052528557,0,0,0,0,0,0,0,0
588878138,3,3,2,3,2,2,3,18
771327872,1,3,2,3,2,1,3,15
919740734,0,3,1,1,1,1,1,8
1049823028,1,2,2,1,1,2,1,10
41852966,0,0,0,0,0,0,0,0
473903418,3,3,2,3,2,2,3,18
2517416,0,0,0,0,0,0,0,0
105864489,0,0,0,0,0,0,0,0
1054913157,0,2,2,1,1,1,3,10
1017472657,0,3,1,2,2,0,0,8
1056883063,0,2,1,1,1,1,1,7
1052295622,0,0,0,0,0,0,0,0
1045075459,0,2,1,3,1,1,1,9
1082852398,0,2,0,0,0,1,0,3
678775323,2,2,2,3,2,2,1,14
305299418,0,2,0,1,2,1,1,7
894183415,3,3,3,3,3,2,3,20
661034045,3,3,3,3,3,2,3,20
440233763,0,2,2,1,1,2,2,10
951141536,0,2,2,2,2,1,1,10
722394035,0,1,0,1,1,2,0,5
807645804,0,1,0,0,0,1,0,2
806016599,0,2,2,1,1,1,1,8
1000913361,0,2,2,1,2,1,3,11
945417613,0,0,0,0,0,0,0,0
408742143,0,0,0,0,0,0,0,0
1051099927,0,2,2,1,1,2,3,11
557472117,0,1,0,1,1,2,0,5
794262893,3,3,3,3,3,2,3,20
860151753,3,3,3,3,3,2,3,20
791414331,3,2,2,3,3,2,3,18
71279266,3,3,2,1,2,2,3,16
723014454,3,3,3,3,3,2,3,20
636166006,3,2,2,3,3,2,3,18
161864384,3,3,3,3,3,2,3,20
912122835,3,2,3,2,3,2,3,18
163040915,0,0,0,0,0,0,0,0
378656728,3,3,3,3,3,2,3,20
624741268,3,3,3,3,3,2,3,20
139025103,3,3,3,3,3,2,3,20
423326744,0,2,1,2,2,1,1,9
560455156,3,3,2,2,2,1,3,16
930523177,3,3,3,3,3,2,3,20
92117217,0,0,0,0,0,0,0,0
904765532,3,3,3,3,2,2,3,19
1040503666,3,3,3,3,3,2,3,20
576839862,3,3,3,3,3,2,3,20
554871791,3,3,3,3,3,2,3,20
624028847,0,1,0,1,1,1,1,5
1028797523,0,0,0,0,0,0,0,0
996353716,3,3,2,2,2,2,0,14
989665676,0,0,0,0,0,0,0,0
1009642422,3,3,3,1,1,2,1,14
1000626064,0,2,1,0,1,1,0,5
196685355,0,0,0,0,0,0,0,0
1001321303,0,0,0,0,0,0,0,0
455367174,0,2,0,0,1,1,0,4
118757567,0,2,1,0,1,1,0,5
118757248,0,2,1,0,1,1,0,5
118756888,0,2,1,0,1,1,0,5
819784573,0,2,0,0,3,1,0,6
1064692535,0,1,0,0,0,1,0,2
1059530859,0,1,0,1,1,2,0,5
1056890226,0,1,1,0,1,1,0,4
1024209604,0,2,2,1,1,1,3,10
1056613562,0,1,0,1,1,2,0,5
872904304,3,3,3,3,2,2,3,19
1056247121,2,2,0,3,1,1,0,9
1034445666,3,2,2,2,2,2,0,13
409527406,3,3,3,3,3,2,3,20
963531181,0,2,1,1,1,1,1,7
718191161,0,1,3,1,1,1,3,10
1077304738,0,2,0,0,0,1,0,3
1061689224,0,2,0,0,1,1,0,4
694626227,3,3,2,3,2,2,3,18
1060225274,0,1,3,1,1,2,0,8
1049530468,3,3,2,1,1,2,3,15
1046645884,0,0,0,0,0,0,0,0
1079599759,1,2,3,3,2,1,1,13
1080629762,0,0,0,0,0,0,0,0
970889051,0,0,0,0,0,0,0,0
1077574883,3,3,2,3,3,2,3,19
910057927,3,2,2,2,3,2,3,17
1068075141,0,2,1,1,1,1,1,7
668727795,0,3,2,2,3,1,3,14
1077276729,0,1,0,1,1,2,0,5
1056622036,0,2,1,1,1,1,1,7
61357632,0,0,0,0,0,0,0,0
896204757,3,3,3,3,3,2,3,20
712511942,3,3,3,3,3,2,3,20
399999897,3,3,3,3,3,2,0,17
516161522,3,2,3,3,2,2,3,18
666422795,0,2,0,1,1,2,0,6
1064552444,0,2,0,2,2,2,1,9
1067708773,0,2,1,1,1,1,1,7
1062489129,0,2,0,1,1,2,1,7
1001834673,2,2,0,1,2,2,2,11
1073634157,0,2,2,1,1,1,3,10
1038381419,0,2,3,1,2,1,1,10
1063689132,0,0,0,0,0,0,0,0
800801051,3,3,2,3,3,2,3,19
382621137,3,3,3,3,3,2,3,20
860657761,2,2,3,3,2,1,3,16
708778664,0,2,0,2,1,1,1,7
1063514748,0,1,0,1,1,2,2,7
810749382,3,3,2,3,3,2,2,18
641127758,0,2,2,1,1,1,1,8
699456827,0,1,0,1,1,2,2,7
896346993,0,2,1,1,1,1,1,7
913674399,0,0,0,0,0,0,0,0
950346908,0,2,0,1,1,2,2,8
1079296969,0,1,0,1,1,2,0,5
1073760166,1,2,0,3,2,2,1,11
1027140345,3,2,1,1,1,2,1,11
905656169,3,3,3,3,3,2,3,20
1022409187,3,3,2,3,2,2,1,16
883794174,3,3,3,3,2,2,3,19
979199699,0,2,2,1,1,2,3,11
995357557,0,1,0,0,1,1,0,3
993462597,0,0,0,0,0,0,0,0
990613362,0,0,0,0,0,0,0,0
989967202,3,2,3,1,1,2,1,13
742738975,0,2,2,1,1,1,1,8
1046377428,0,0,0,0,0,0,0,0
1035609321,0,1,0,1,1,2,0,5
1024957136,3,2,2,1,2,2,1,13
812265931,1,2,1,3,1,2,0,10
585977684,2,3,2,2,2,2,1,14
1045442171,0,1,0,1,1,2,1,6
1050660367,0,2,1,1,1,2,0,7
1047131734,3,2,1,0,1,2,0,9
1046437644,0,2,0,1,1,2,1,7
984349098,0,1,2,1,1,2,1,8
993486932,3,3,0,3,2,2,0,13
993516943,0,1,0,1,2,2,2,8
958981403,1,2,0,1,1,1,1,7
993468913,1,2,0,3,1,1,0,8
1080342822,0,2,3,1,1,1,1,9
1071368836,0,2,1,1,1,1,1,7
1077272444,0,2,0,1,1,1,1,6
1077061759,0,1,0,0,0,1,0,2
237334413,0,0,0,0,0,0,0,0
575151257,0,1,1,0,1,1,0,4
1076570875,0,2,0,0,0,1,0,3
1057328552,3,2,1,2,2,2,0,12
1026183555,0,1,2,1,1,1,1,7
1034631979,0,0,0,0,0,0,0,0
798823777,0,2,1,3,2,1,1,10
1051205435,0,2,1,1,1,2,1,8
1044431293,0,2,1,1,1,2,1,8
1035066147,3,3,3,3,3,2,3,20
1045519384,3,3,3,3,2,2,1,17
1046141093,0,2,0,1,2,2,1,8
1044928194,0,0,0,0,0,0,0,0
915942805,3,2,2,1,2,2,1,13
952458358,0,0,0,0,0,0,0,0
1059052509,0,2,0,0,0,1,0,3
1072601523,0,1,0,0,1,1,0,3
1041924436,0,3,3,2,2,1,3,14
1062517592,0,2,1,1,1,1,3,9
1029476421,2,3,3,3,1,1,3,16
952813428,0,2,1,1,1,1,1,7
909118772,0,2,1,1,2,1,1,8
1045584425,0,0,0,0,0,0,0,0
992539013,1,2,2,1,1,2,1,10
985115961,1,2,2,3,1,1,3,13
1026663611,0,0,0,0,0,0,0,0
1039071708,0,2,1,1,1,1,1,7
1034556478,0,3,0,0,0,1,0,4
955627825,2,2,0,0,1,2,0,7
874395334,3,3,0,3,1,2,1,13
1068774518,0,2,2,2,1,1,3,11
1030914457,1,2,0,1,1,1,1,7
829463068,3,2,3,1,1,2,1,13
1015726221,3,2,3,1,1,2,0,12
1004387979,0,1,0,1,2,1,1,6
985157568,0,2,1,1,1,1,1,7
975020508,3,3,3,3,2,2,1,17
703738169,0,2,0,3,1,2,1,9
431210948,0,0,0,0,0,0,0,0
994137303,0,2,1,1,1,1,1,7
344347407,3,3,2,3,2,2,1,16
992020873,0,0,0,0,0,0,0,0
951367993,3,3,3,3,3,2,3,20
966207346,0,2,0,1,0,1,1,5
1080711543,0,2,2,2,1,1,3,11
378863692,0,0,0,0,0,0,0,0
970140911,0,0,0,0,0,0,0,0
982646908,0,0,0,0,0,0,0,0
841512666,0,0,0,0,0,0,0,0
1010593232,0,0,0,0,0,0,0,0
1016517497,0,2,2,2,1,1,3,11
988064314,0,0,0,0,0,0,0,0
1000050743,0,0,0,0,0,0,0,0
592160658,2,2,2,1,2,1,1,11
214060008,0,0,0,0,0,0,0,0
667042272,0,2,0,1,1,1,1,6
867266407,2,2,1,1,1,2,2,11
735945201,0,0,0,0,0,0,0,0
945229535,3,3,1,2,2,1,0,12
855741337,0,2,2,1,1,2,2,10
394666412,3,2,2,1,2,2,3,15
1074265773,0,2,0,1,1,2,0,6
941427261,0,2,2,1,1,1,1,8
435953758,3,3,2,2,1,1,3,15
743224046,3,3,3,3,2,2,3,19
117895941,0,0,0,0,0,0,0,0
269670165,0,0,0,0,0,0,0,0
1004747276,0,2,1,1,1,1,1,7
1034475244,3,2,3,3,3,2,1,17
250802357,0,0,0,0,0,0,0,0
1046554632,0,1,0,0,1,1,0,3
933328876,0,0,0,0,0,0,0,0
1071991136,0,2,0,0,0,1,0,3
1070368237,0,1,0,0,1,2,0,4
1035446092,3,2,3,1,1,2,1,13
1064832712,0,0,0,0,0,0,0,0
942714591,0,1,0,0,1,2,0,4
1055935397,0,2,3,3,2,2,1,13
1052469808,0,2,0,1,1,1,0,5
485237566,0,2,0,1,1,2,1,7
992754092,1,2,3,1,2,2,1,12
887471984,1,2,0,1,1,2,1,8
208969438,0,0,0,0,0,0,0,0
208712459,0,0,0,0,0,0,0,0
901727316,2,1,2,1,2,2,3,13
884477453,0,1,3,2,1,2,1,10
884476505,0,1,3,2,1,2,1,10
142513657,2,2,2,2,2,2,3,15
142247121,0,0,0,0,0,0,0,0
142205931,0,0,0,0,0,0,0,0
142189786,0,0,0,0,0,0,0,0
142170858,0,0,0,0,0,0,0,0
142179284,0,0,0,0,0,0,0,0
142164741,0,0,0,0,0,0,0,0
142168775,0,0,0,0,0,0,0,0
977061353,2,2,3,2,3,2,3,17
972932183,0,0,0,0,0,0,0,0
1058039347,2,2,0,2,3,2,0,11
827988329,2,1,0,2,2,1,0,8
820447939,2,2,0,2,2,1,0,9
719704252,3,2,2,3,1,1,3,15
823219134,0,1,0,0,1,1,0,3
951732825,2,2,2,1,1,2,3,13
142161533,0,1,0,0,1,1,0,3
873365716,3,2,2,1,2,2,3,15
874486858,3,2,2,1,2,2,3,15
872129738,3,2,2,3,2,2,1,15
877818539,2,2,2,2,2,2,1,13
871578847,0,2,2,1,1,1,3,10
936490773,3,2,2,1,2,2,3,15
929163262,2,2,0,1,2,2,1,10
684880331,2,2,3,1,2,2,3,15
560908642,0,3,2,2,1,1,3,12
638836782,1,2,2,3,2,2,3,15
553108724,1,2,2,1,1,2,1,10
721325604,1,2,2,1,2,2,1,11
712022548,0,1,2,1,1,1,1,7
712021649,1,3,2,3,2,2,1,14
712020255,3,2,3,1,1,2,3,15
712018854,1,2,0,1,2,1,1,8
601230417,1,2,2,1,2,2,3,13
249249843,0,0,0,0,0,0,0,0
1054897575,1,3,2,3,2,2,3,16
927025904,0,0,0,0,0,0,0,0
1025429435,0,2,1,1,1,1,1,7
1052468161,0,2,2,1,1,1,3,10
972813979,3,3,3,3,2,2,3,19
971043262,0,0,0,0,0,0,0,0
936166301,0,0,0,0,0,0,0,0
1014953166,0,2,0,1,1,2,1,7
1011833818,3,3,2,2,3,2,1,16
1022771199,0,2,1,1,1,1,1,7
11540374,3,3,3,3,3,2,3,20
930116954,2,2,0,3,2,2,1,12
854088063,3,2,0,3,2,2,3,15
490695166,3,2,1,1,1,2,1,11
508166833,3,3,3,3,3,2,3,20
988035157,0,2,0,1,1,1,1,6
950338676,0,2,0,1,1,1,1,6
72161714,0,0,0,0,0,0,0,0
158139918,0,0,0,0,0,0,0,0
135170508,0,0,0,0,0,0,0,0
881456982,0,1,0,1,0,2,2,6
959609651,2,3,2,1,3,2,3,16
1006950508,0,0,0,0,0,0,0,0
262598209,0,0,0,0,0,0,0,0
747352056,3,3,2,3,2,2,3,18
295130477,1,3,2,1,2,2,1,12
815222462,1,2,2,3,2,2,3,15
17205433,3,3,3,3,3,2,3,20
990939268,0,1,0,0,1,1,0,3
281426961,0,1,2,1,1,1,1,7
684963861,0,0,0,0,0,0,0,0
1027029464,2,2,2,3,2,2,3,16
1002424208,0,0,0,0,0,0,0,0
925603259,0,2,2,1,1,1,3,10
827373405,3,3,3,3,3,2,3,20
996789903,1,2,3,1,1,2,1,11
1052741864,0,2,0,1,1,1,0,5
781233102,2,3,2,1,2,1,3,14
793710542,2,2,2,1,2,1,1,11
802337552,3,3,3,3,3,2,3,20
93952283,0,0,0,0,0,0,0,0
483477674,0,2,2,1,1,1,3,10
869173488,3,3,3,3,2,2,3,19
899623113,3,2,3,1,2,2,3,16
975394751,3,3,3,3,3,2,3,20
1009763064,3,2,2,3,3,2,2,17
969855699,3,3,3,3,3,2,3,20
982831928,3,3,3,2,3,2,3,19
342262181,0,1,0,1,1,2,1,6
1065919244,0,2,1,1,1,1,1,7
845060224,0,2,0,0,1,1,0,4
29351684,0,0,0,0,0,0,0,0
1010404526,0,0,0,0,0,0,0,0
1077148679,0,2,1,1,1,1,1,7
1068685726,0,0,0,0,0,0,0,0
951529355,0,2,0,1,1,1,1,6
615173006,2,2,2,3,3,2,3,17
987302796,0,2,0,1,1,1,1,6
985514884,3,2,3,1,2,2,3,16
963834551,3,2,3,2,2,2,3,17
373986764,3,3,2,3,2,2,3,18
13180517,0,0,0,0,0,0,0,0
419717004,0,2,2,1,1,1,3,10
953380394,1,1,0,1,2,2,2,9
833176251,1,2,0,1,1,2,0,7
845955814,2,1,0,0,1,2,0,6
800720377,1,2,0,1,2,2,1,9
1018652276,0,1,1,1,1,2,2,8
1043593095,1,2,1,1,3,1,1,10
938106484,3,3,3,2,2,2,3,18
1036569009,0,2,0,0,0,1,0,3
1027387164,1,2,0,2,2,1,1,9
534143797,3,3,2,3,3,2,1,17
892423595,3,3,3,3,3,2,3,20
1004964198,0,2,2,1,1,1,3,10
1081850443,3,3,2,3,2,2,3,18
1075213239,3,3,2,2,2,1,1,14
108228824,0,0,0,0,0,0,0,0
1080873395,0,2,2,1,3,1,1,10
1081794768,0,0,0,0,0,0,0,0
1050470839,1,2,2,3,2,1,3,14
1077762167,0,2,1,0,1,1,0,5
1077247782,0,3,2,2,2,1,3,13
1080611788,0,2,1,1,2,1,1,8
1053396056,0,0,0,0,0,0,0,0
832619012,0,1,0,1,0,1,1,4
1019572092,0,1,0,1,0,2,0,4
1080863561,0,2,0,1,1,1,1,6
1080364237,0,0,0,0,0,0,0,0
1074002475,0,0,0,0,0,0,0,0
1063470025,0,2,1,0,1,1,0,5
1052974247,0,2,2,1,1,1,1,8
967474975,0,3,0,1,1,1,1,7
996837673,0,1,0,0,1,1,0,3
996826766,3,3,2,1,2,2,2,15
600037241,0,1,0,0,1,1,0,3
792614633,0,2,0,1,1,1,1,6
767989771,3,2,3,1,2,1,3,15
728427561,3,3,1,3,2,1,1,14
1005341715,3,3,2,3,2,1,3,17
24271475,0,0,0,0,0,0,0,0
24271446,0,0,0,0,0,0,0,0
24271303,0,0,0,0,0,0,0,0
24269131,0,0,0,0,0,0,0,0
24271192,0,0,0,0,0,0,0,0
24269097,0,0,0,0,0,0,0,0
622441883,0,0,0,0,0,0,0,0
1027549981,3,2,1,1,2,2,2,13
845166235,3,3,3,3,2,2,3,19
834201876,3,2,2,1,2,1,3,14
1030386204,0,2,0,1,1,1,1,6
1081328218,0,2,0,0,1,1,0,4
564055033,3,2,3,1,2,1,3,15
424976426,3,3,3,3,3,2,3,20
864086064,3,2,2,3,2,1,3,16
701350947,3,3,3,3,3,2,3,20
681158449,3,3,3,3,3,2,3,20
902223747,3,2,2,1,2,2,2,14
963556478,3,2,2,1,2,2,1,13
1046300008,0,2,0,0,0,1,0,3
671909648,3,2,3,1,2,2,3,16
901480952,3,2,2,1,2,2,2,14
808361093,0,1,0,0,1,1,0,3
784883839,0,1,0,1,1,1,1,5
785776526,0,1,0,1,1,1,1,5
813701718,0,2,1,1,1,1,1,7
1040959201,0,2,2,1,1,1,3,10
1041926649,0,0,0,0,0,0,0,0
1040947134,0,2,1,1,1,1,1,7
979491018,0,2,0,1,1,1,1,6
1032849933,0,0,0,0,0,0,0,0
1040132336,0,0,0,0,0,0,0,0
98963507,0,0,0,0,0,0,0,0
1003785401,0,2,0,0,1,1,0,4
897999995,0,3,3,2,2,1,3,14
1030239623,0,2,3,1,1,1,1,9
1036847397,0,2,1,0,1,1,0,5
1011784062,0,0,0,0,0,0,0,0
897521758,3,2,2,3,2,2,1,15
806619829,1,2,2,1,1,1,1,9
10484337,0,0,0,0,0,0,0,0
956628029,0,0,0,0,0,0,0,0
561483857,0,2,0,0,1,1,0,4
628755114,0,0,0,0,0,0,0,0
655360008,3,3,3,3,2,1,3,18
883045078,0,2,1,1,2,2,1,9
883663244,0,2,0,1,1,2,1,7
875748928,0,1,0,0,2,1,0,4
382318509,0,0,0,0,0,0,0,0
992651209,0,2,2,1,1,1,3,10
1064735601,2,2,2,2,1,2,1,12
1046936344,0,2,1,3,2,1,1,10
1005112025,0,2,2,1,2,2,3,12
1062233195,0,0,0,0,0,0,0,0
1053664905,0,2,0,1,1,2,1,7
1047293935,3,2,2,1,2,2,3,15
1059169677,0,0,0,0,0,0,0,0
1058524424,0,1,0,1,1,2,0,5
1054777762,0,2,2,1,1,1,1,8
1050555003,0,2,2,1,1,1,1,8
1051969166,2,2,3,3,2,1,3,16
1047185758,3,3,3,1,3,1,1,15
1051188798,0,0,0,0,0,0,0,0
1024100562,3,3,3,1,2,2,1,15
1018511261,0,2,0,1,1,2,2,8
973369031,0,0,0,0,0,0,0,0
943405677,2,2,3,1,1,2,3,14
88395998,0,0,0,0,0,0,0,0
727884878,2,2,2,1,2,1,1,11
715208406,0,2,2,1,1,1,3,10
766179635,0,2,1,1,1,1,1,7
856930633,0,0,0,0,0,0,0,0
928475507,0,2,2,1,1,1,3,10
424441809,0,2,0,1,1,2,1,7
479755521,0,1,0,1,1,2,0,5
773679255,0,2,1,1,1,1,1,7
123613401,0,0,0,0,0,0,0,0
187271078,0,0,0,0,0,0,0,0
139711801,0,0,0,0,0,0,0,0
950639972,0,0,0,0,0,0,0,0
239413419,0,0,0,0,0,0,0,0
93637087,0,0,0,0,0,0,0,0
649607525,0,1,0,1,1,1,1,5
158072213,0,0,0,0,0,0,0,0
228044839,0,0,0,0,0,0,0,0
113263605,0,0,0,0,0,0,0,0
14719011,0,0,0,0,0,0,0,0
343031863,0,1,0,1,1,1,1,5
235855522,0,1,2,1,1,2,1,8
569475651,3,2,0,3,3,2,0,13
778377387,2,2,3,3,2,1,3,16
1067133096,3,2,2,1,2,2,3,15
1034402569,0,0,0,0,0,0,0,0
439090103,0,0,0,0,0,0,0,0
876569609,0,2,3,1,1,1,3,11
890420953,0,2,2,1,1,1,3,10
72160484,0,0,0,0,0,0,0,0
780184995,0,2,3,1,1,1,3,11
856254678,3,2,2,1,2,2,3,15
729286022,0,2,3,3,1,1,3,13
1030937897,0,2,3,1,2,2,3,13
1061823012,0,2,3,1,1,1,3,11
780542512,0,2,3,1,1,1,3,11
294167213,0,1,2,1,1,1,0,6
294167351,0,0,0,0,0,0,0,0
289491849,0,1,2,1,1,0,3,8
289467594,0,2,3,1,3,2,1,12
289491534,0,0,0,0,0,0,0,0
288326232,1,2,2,1,3,1,3,13
288303823,0,1,2,1,1,1,1,7
1063196739,0,1,0,1,1,1,0,4
824129321,0,2,1,1,1,1,1,7
22436498,0,0,0,0,0,0,0,0
739820163,0,1,0,0,1,1,0,3
955850078,0,2,0,0,0,1,0,3
636141181,0,2,1,0,0,1,0,4
445136236,3,3,3,3,3,2,3,20
832080797,0,2,1,1,1,1,1,7
810018679,0,1,0,0,0,1,0,2
20040047,0,0,0,0,0,0,0,0
663381838,0,1,0,0,1,1,0,3
596269318,0,2,1,1,1,1,1,7
1054071826,1,2,0,0,1,2,0,6
630491377,0,0,0,0,0,0,0,0
902858832,3,3,3,3,3,1,3,19
950955269,0,2,2,1,1,1,1,8
992404654,0,2,2,1,1,1,1,8
90306781,3,3,3,3,2,2,3,19
300360988,3,3,3,3,2,2,3,19
854151694,0,2,0,1,1,1,1,6
867316616,0,2,2,1,1,2,1,9
129908447,0,0,0,0,0,0,0,0
965194537,3,3,2,3,2,1,3,17
1006785911,2,2,0,1,2,2,1,10
866624427,0,1,0,1,1,1,1,5
959781553,0,0,0,0,0,0,0,0
563969069,0,2,2,1,1,1,1,8
878635391,0,2,1,1,1,1,1,7
834014754,0,2,1,1,1,1,1,7
991964753,3,3,3,3,3,2,3,20
314526758,0,0,0,0,0,0,0,0
885027327,0,2,0,1,1,1,1,6
816155194,0,2,2,1,1,1,0,7
729479315,0,0,0,0,0,0,0,0
728568542,0,0,0,0,0,0,0,0
702942961,0,1,3,1,1,2,0,8
701930378,0,0,0,0,0,0,0,0
696685806,0,0,0,0,0,0,0,0
699519824,0,0,0,0,0,0,0,0
688511925,0,1,3,1,1,2,0,8
726269508,0,0,0,0,0,0,0,0
587181425,0,0,0,0,0,0,0,0
606685942,0,0,0,0,0,0,0,0
606682445,0,0,0,1,0,0,0,1
1077170332,0,0,0,0,0,0,0,0
1067975472,1,2,2,2,1,2,3,13
1074099752,0,2,1,2,1,1,0,7
356260681,0,2,2,3,1,2,2,12
658925586,0,0,0,0,0,0,0,0
736546586,0,2,2,1,1,1,1,8
996210679,0,0,0,0,0,0,0,0
1063532365,0,0,0,0,0,0,0,0
838098536,0,0,0,0,0,0,0,0
646388519,0,2,0,0,1,1,0,4
168060409,0,0,0,0,0,0,0,0
280548959,0,1,2,1,1,1,3,9
281501522,0,2,0,1,1,1,1,6
240107596,0,0,0,0,0,0,0,0
240103862,0,1,0,0,0,1,0,2
1075409455,0,1,0,2,0,1,1,5
1076308681,3,3,2,3,3,2,2,18
1071196712,0,2,1,1,1,1,1,7
821693301,3,3,3,3,3,2,3,20
1074224896,3,3,2,3,3,2,1,17
1071149326,0,1,0,2,1,1,1,6
1061025296,3,3,2,3,3,2,1,17
430910436,0,2,2,1,1,2,3,11
1077659142,0,1,0,0,1,1,0,3
931804413,0,2,2,2,1,2,2,11
869811387,3,3,3,3,3,2,3,20
876219808,0,2,2,1,1,1,3,10
883047087,0,2,2,1,1,1,1,8
1073511702,0,3,3,2,1,1,3,13
1065390705,2,3,3,3,2,1,1,15
1068068316,0,0,0,0,0,0,0,0
971001857,3,3,3,3,3,2,3,20
1052271328,3,3,3,2,1,2,1,15
1055317443,0,2,0,1,1,1,1,6
1054569295,0,2,2,1,1,1,1,8
1046838211,3,3,2,3,2,1,3,17
1004983062,3,3,3,3,2,1,1,16
1046964261,0,2,1,1,2,2,1,9
997392458,0,2,1,1,1,1,1,7
1061941884,0,2,0,1,2,1,1,7
466146825,0,0,0,0,0,0,0,0
1045903185,0,2,0,1,1,2,2,8
781760027,3,2,2,1,1,2,3,14
1028681704,3,3,3,3,3,2,1,18
1013999278,0,1,1,0,1,1,0,4
930838037,0,0,0,0,0,0,0,0
480911173,0,2,0,0,0,1,0,3
1000231804,0,2,0,1,1,1,0,5
1040819736,0,2,2,3,2,2,3,14
1068991829,0,2,0,1,1,1,1,6
950285172,3,2,1,3,2,1,1,13
975443707,3,2,2,3,3,1,1,15
1048830658,0,0,0,0,0,0,0,0
1038127473,1,2,0,3,1,1,1,9
973826716,0,0,0,0,0,0,0,0
965638361,0,2,0,1,1,1,1,6
827626605,0,2,0,3,1,1,0,7
944561576,0,3,2,1,2,2,3,13
1063291921,0,1,0,1,1,2,0,5
1078130734,1,2,2,1,2,2,1,11
800628914,0,1,0,1,0,1,1,4
937962651,0,2,0,1,1,2,2,8
771709692,2,2,1,1,2,2,2,12
871331308,3,3,2,1,2,2,1,14
984477721,0,1,0,0,1,0,0,2
16817336,0,0,0,0,0,0,0,0
1034249856,0,2,2,1,1,2,2,10
769052802,0,0,0,0,0,0,0,0
905087485,0,2,0,1,1,2,2,8
1017595265,0,2,0,1,1,2,1,7
1020741172,0,3,3,2,1,1,3,13
997841575,0,0,0,0,0,0,0,0
656921196,2,2,2,1,2,2,3,14
1080256723,0,2,2,1,1,2,3,11
207459238,3,3,3,1,2,1,3,16
717994729,0,2,1,1,1,1,1,7
1048253756,0,1,1,1,1,1,1,6
951865668,2,2,1,3,2,1,1,12
1046495166,0,1,0,1,1,2,0,5
1038182724,0,2,0,1,1,2,1,7
1050396899,3,2,3,2,1,2,1,14
1048828732,2,2,2,1,2,2,3,14
1046913342,2,2,2,2,3,1,0,12
1017559563,0,2,2,1,1,1,1,8
607404567,3,3,3,3,2,3,3,20
1020369823,0,2,1,1,1,1,1,7
557995761,3,3,3,3,3,2,3,20
1037849185,0,2,0,0,0,1,0,3
1033561438,0,2,2,1,1,1,3,10
985887164,0,2,1,1,1,1,1,7
998038659,3,2,3,3,2,2,1,16
895026854,3,3,3,3,3,2,3,20
892350931,3,2,2,1,1,1,1,11
989188368,0,0,0,0,0,0,0,0
1061949535,0,1,0,0,1,1,0,3
965365257,0,2,1,2,2,1,0,8
867379057,0,2,2,2,1,2,1,10
1080917109,0,2,1,1,1,1,1,7
499638151,0,2,2,2,1,1,1,9
1080314826,0,2,2,3,1,1,1,10
1080164219,0,2,2,3,1,1,1,10
1074389653,0,1,0,0,0,1,0,2
1041275024,0,1,1,0,1,1,0,4
1038042205,0,1,1,1,1,1,1,6
829802648,3,3,2,3,2,1,3,17
98872793,0,0,0,0,0,0,0,0
923397511,0,2,1,1,1,1,1,7
1043004468,0,0,0,0,0,0,0,0
609067459,1,3,3,3,2,2,3,17
1067900779,3,3,3,3,2,2,1,17
600879406,2,3,3,3,2,2,3,18
104568925,0,0,0,0,0,0,0,0
1053743089,3,2,3,2,3,2,1,16
634885004,1,2,3,1,1,2,1,11
1050356952,3,3,3,2,3,2,3,19
827135252,0,2,0,1,1,2,1,7
977227213,2,2,2,2,2,2,3,15
785108572,0,2,2,3,1,1,3,12
104796581,0,0,0,0,0,0,0,0
547152327,3,2,3,3,1,2,3,17
991469968,3,3,3,3,3,2,3,20
952235721,0,1,0,0,1,1,0,3
1026171924,0,2,2,1,1,1,3,10
1000105689,0,0,0,0,0,0,0,0
874913366,0,2,2,1,1,1,3,10
1040892197,0,2,0,0,0,1,0,3
625900777,0,0,0,0,0,0,0,0
992674633,0,0,0,0,0,0,0,0
1040460443,0,2,2,1,1,1,3,10
1067385502,1,2,2,1,1,2,2,11
1062985171,1,2,2,3,2,1,3,14
1055340435,0,2,2,1,1,1,1,8
1059914127,0,1,0,2,1,1,1,6
685512802,3,3,3,3,3,2,3,20
1074164115,0,2,3,1,1,1,3,11
1063242221,0,2,2,1,1,1,1,8
718447866,3,3,3,3,3,2,3,20
1013681003,3,2,2,3,2,2,3,17
810177044,3,3,3,2,3,2,3,19
1017345667,0,2,1,0,1,1,0,5
594487085,2,2,1,2,2,1,1,11
951050048,0,3,0,1,2,2,1,9
894726703,0,2,0,0,0,1,0,3
162128723,3,3,3,3,3,2,3,20
762768025,0,0,0,0,0,0,0,0
1052047406,0,0,0,0,0,0,0,0
997833462,3,3,3,3,3,2,3,20
468085593,3,3,3,3,3,2,1,18
564827296,3,3,3,3,3,2,3,20
947443823,3,3,3,3,2,2,3,19
676382863,0,2,2,1,1,1,1,8
617001266,1,2,1,3,2,1,1,11
60071984,0,0,0,0,0,0,0,0
963397426,3,2,3,3,2,2,1,16
931011189,3,3,3,3,2,2,3,19
707017072,3,2,3,3,1,2,0,14
915343094,3,3,0,3,1,2,0,12
1010682634,0,2,2,1,1,2,2,10
908508625,0,2,1,0,1,1,0,5
992889648,2,2,2,1,1,1,1,10
782701154,0,2,2,1,1,1,3,10
843741111,3,3,3,3,2,2,3,19
561900442,3,3,2,1,2,2,3,16
51240832,0,0,0,0,0,0,0,0
930300174,3,2,2,3,2,2,3,17
839486346,0,1,2,1,1,1,1,7
910753354,3,3,3,3,3,2,3,20
888941758,0,1,1,0,1,1,0,4
972944687,3,3,3,2,3,2,3,19
407776483,0,2,2,1,1,1,3,10
832507925,0,2,3,1,2,1,3,12
1078740365,0,2,1,2,3,1,0,9
1078174741,0,0,0,0,0,0,0,0
1076621064,0,1,0,1,1,1,1,5
1077372423,0,0,0,0,0,0,0,0
1076666279,0,0,0,0,0,0,0,0
1076653523,0,0,0,0,0,0,0,0
1076663051,0,0,0,0,0,0,0,0
1074646535,0,2,1,2,2,1,1,9
834605234,0,0,0,0,0,0,0,0
831744328,0,3,2,1,1,1,3,11
723728039,0,2,2,2,2,1,3,12
1027361921,0,2,0,1,2,1,1,7
530573796,0,2,2,1,2,1,3,11
614299027,0,2,2,1,1,1,0,7
462686757,3,3,2,3,2,1,3,17
933981466,0,2,0,0,0,1,0,3
971711173,0,2,0,0,0,1,0,3
1078797341,3,3,3,1,2,2,3,17
1072747288,0,2,2,1,1,2,1,9
888411157,3,3,3,3,3,2,3,20
1025956224,3,3,3,3,2,2,3,19
909237573,2,2,2,1,2,2,3,14
1074203654,0,1,2,1,1,1,1,7
694230343,0,0,0,0,0,0,0,0
605933094,0,0,0,0,0,0,0,0
778469633,0,1,0,1,1,2,0,5
1056990105,0,2,0,1,1,1,1,6
1077466797,3,2,0,1,1,2,1,10
1006941931,0,2,2,1,1,1,3,10
1073502531,0,0,0,0,0,0,0,0
700417485,3,3,3,3,3,2,3,20
995901273,1,2,1,1,1,1,1,8
839615885,3,3,3,3,2,2,3,19
655087011,3,3,3,3,2,2,3,19
788855149,3,3,2,2,2,2,1,15
972323417,3,3,3,2,2,2,3,18
957349135,3,3,3,3,3,2,3,20
1013769671,0,2,0,1,1,1,1,6
408531488,0,2,1,1,1,1,1,7
1006576604,0,2,0,1,1,1,1,6
553392662,0,2,0,0,0,1,0,3
992374507,3,2,0,1,1,1,1,9
877949832,1,2,3,3,2,1,3,15
1051200287,0,3,2,3,2,1,3,14
775380128,3,2,3,2,3,2,3,18
830383113,0,1,0,1,1,2,1,6
1018103404,0,2,2,2,1,1,3,11
1050997264,0,2,2,1,1,1,3,10
1074839447,0,2,2,1,1,1,3,10
1081121909,0,2,0,0,0,1,0,3
1081789412,0,0,0,0,0,0,0,0
1081715277,0,1,0,1,1,2,2,7
1055448969,0,1,0,0,1,1,0,3
1069789054,0,0,0,0,0,0,0,0
136605161,0,0,0,0,0,0,0,0
929905143,3,3,3,3,3,2,3,20
523050526,0,0,0,0,0,0,0,0
1081270851,0,2,0,1,1,1,1,6
1068648178,1,2,2,1,1,2,1,10
1077089039,0,1,0,1,1,2,0,5
1078969354,3,3,2,2,1,2,1,14
1069709726,0,1,0,1,1,2,1,6
1073075946,0,2,1,1,1,1,1,7
467624918,3,2,2,3,3,2,1,16
382373049,3,2,2,1,2,2,3,15
352396516,2,2,2,0,2,2,0,10
530866206,3,3,3,3,2,2,3,19
331223613,3,3,3,3,3,2,3,20
555075895,3,3,3,3,3,2,3,20
387365897,3,3,3,3,2,2,1,17
356432616,3,3,2,3,2,2,3,18
655576394,1,2,3,1,2,2,1,12
1013604582,0,1,0,1,1,1,1,5
1077610597,3,3,2,1,1,2,2,14
1067766598,1,1,2,1,1,2,3,11
1046622117,0,0,0,0,0,0,0,0
1076607774,0,1,0,1,1,2,0,5
1053865382,0,0,0,0,0,0,0,0
1055743798,0,2,1,1,2,2,1,9
341962744,3,2,3,2,3,2,3,18
903049701,0,1,1,1,1,2,1,7
550844398,1,2,1,3,2,2,1,12
817304349,0,2,1,1,1,1,1,7
201324797,0,0,0,0,0,0,0,0
974805831,0,2,0,1,2,1,1,7
157900135,1,2,2,1,2,2,1,11
320534319,3,2,2,3,2,2,1,15
1040390679,1,2,3,1,2,2,1,12
957579959,0,0,0,0,0,0,0,0
1042296622,0,2,1,1,1,1,1,7
1038186439,0,2,0,1,1,1,1,6
357044377,3,3,3,3,2,1,3,18
950332944,3,3,3,3,2,2,3,19
920799826,0,2,0,2,0,0,0,4
878829302,3,3,2,3,2,2,1,16
910829288,3,3,3,3,2,2,3,19
903928748,3,2,2,1,1,2,1,12
18372167,0,0,0,0,0,0,0,0
1021991872,0,2,2,3,2,1,3,13
1028333908,0,2,2,1,1,1,1,8
1023846593,2,2,2,3,2,1,3,15
1014077966,0,2,1,3,2,2,1,11
996287181,0,0,0,0,0,0,0,0
876368468,0,2,1,1,1,1,1,7
534303135,2,2,2,1,1,2,1,11
1068340593,3,2,3,1,1,2,1,13
1027118572,0,2,0,0,0,1,0,3
1079521237,0,2,0,0,1,1,0,4
718707014,0,2,2,1,1,1,1,8
743248827,0,2,0,1,1,1,1,6
890557391,1,2,2,3,2,2,2,14
1018349851,0,2,0,1,1,1,1,6
1043235457,0,2,0,0,1,1,0,4
1045210905,0,1,0,0,1,1,0,3
1046435263,0,0,0,0,0,0,0,0
1013867347,0,1,0,0,0,1,0,2
428233049,2,2,2,1,2,2,2,13
676333982,0,2,1,1,1,1,1,7
831167659,3,3,3,1,2,2,3,17
478751564,2,2,2,1,2,2,2,13
1057282043,0,2,2,1,1,1,1,8
771371918,3,3,3,3,2,2,2,18
460910421,2,2,2,1,2,2,2,13
930137668,0,0,0,0,0,0,0,0
938881685,3,2,2,1,2,2,3,15
919850745,3,2,2,1,2,2,3,15
1057716581,3,2,2,3,2,2,1,15
991887825,0,3,0,1,2,2,1,9
1064518991,3,3,3,2,3,2,0,16
1019596312,0,0,0,0,0,0,0,0
1013670242,3,3,3,3,3,2,3,20
1009721468,3,3,3,2,2,2,3,18
1052430023,0,2,2,1,1,2,1,9
1028064307,3,3,2,2,3,1,1,15
1023034703,0,2,0,2,1,1,1,7
1022970754,0,0,0,0,0,0,0,0
1015606419,3,2,1,2,2,2,2,14
1056900792,3,3,3,3,3,2,3,20
1052212297,0,3,3,2,1,1,3,13
845220709,3,3,3,3,3,2,3,20
839769595,3,3,3,3,3,2,3,20
908531826,1,3,3,1,2,2,3,15
814713192,1,2,2,1,2,2,1,11
692249012,3,2,3,2,2,2,3,17
875347468,2,3,3,3,2,2,3,18
903881697,3,3,3,3,3,2,3,20
951562725,2,2,2,1,2,2,3,14
682989938,3,3,2,3,2,2,3,18
450645791,3,3,3,3,2,2,3,19
1051291097,0,2,0,2,1,1,0,6
1075050121,0,2,1,3,2,1,1,10
1074258784,2,2,3,3,2,1,3,16
1066067145,0,0,0,0,0,0,0,0
105003792,0,0,0,0,0,0,0,0
1047404049,2,3,2,1,1,2,3,14
1019115524,0,0,0,0,0,0,0,0
798871989,3,2,1,3,3,2,1,15
1067749421,1,2,1,1,1,2,1,9
1060730208,0,1,1,0,1,1,0,4
1018297701,0,0,0,0,0,0,0,0
796108432,0,2,2,3,2,1,3,13
967509626,0,2,1,0,1,1,0,5
1074487552,0,1,0,0,0,1,0,2
1045917465,0,2,1,1,1,1,0,6
1057423666,0,1,0,1,1,2,0,5
1066360856,0,2,0,0,0,1,0,3
1061229959,0,2,0,1,1,1,1,6
1063347912,0,1,0,1,1,2,0,5
947578838,0,0,0,0,0,0,0,0
942374499,0,2,2,1,1,2,3,11
1013113102,0,2,1,1,1,1,1,7
771115744,0,2,0,0,0,1,0,3
1079825365,0,1,1,0,1,1,0,4
997631568,2,2,2,1,3,2,1,13
88655919,0,0,0,0,0,0,0,0
974351957,0,2,1,0,1,1,0,5
892059238,3,3,2,2,3,2,3,18
818185487,3,3,3,1,2,2,3,17
979327569,0,2,0,1,1,1,1,6
619025745,0,0,0,0,0,0,0,0
1065402569,0,0,0,0,0,0,0,0
304402141,0,1,1,0,1,1,0,4
1043656583,0,2,0,0,1,1,0,4
1043011767,0,2,2,1,1,2,1,9
1045410345,2,2,2,1,1,2,2,12
1035249826,3,2,2,1,1,2,3,14
935985013,2,2,2,1,2,2,3,14
996157454,0,1,0,1,1,2,0,5
1005795734,3,3,1,1,1,2,1,12
907759731,0,2,0,0,0,1,0,3
1050348896,0,2,3,1,1,1,3,11
105915837,0,0,0,0,0,0,0,0
1060969903,0,2,0,1,1,2,1,7
1059737636,3,2,2,2,3,1,3,16
1029888057,0,2,0,1,2,1,1,7
739856901,0,3,3,3,2,1,3,15
1040836626,0,0,0,0,0,0,0,0
510045701,0,2,2,1,1,1,3,10
994031957,0,2,0,1,1,1,0,5
996222197,0,0,0,0,0,0,0,0
975624345,2,2,2,1,2,2,1,12
870112255,0,0,0,0,0,0,0,0
1050564298,0,2,2,1,2,2,3,12
1080637349,0,2,0,1,1,1,1,6
1076777407,0,0,0,0,0,0,0,0
877483949,0,2,2,3,2,1,3,13
252707248,0,0,0,0,0,0,0,0
100404579,0,0,0,0,0,0,0,0
731107979,3,3,3,1,2,2,1,15
744148355,0,1,3,1,1,2,3,11
744047713,0,1,2,1,1,1,3,9
813476961,2,2,2,1,2,2,2,13
898407834,0,2,3,0,1,2,0,8
1067919432,0,0,0,0,0,0,0,0
1067930687,0,0,0,0,0,0,0,0
1064739857,0,0,0,0,0,0,0,0
961013958,0,2,0,1,1,1,1,6
1052224044,0,2,0,1,1,1,0,5
1041869073,0,0,0,0,0,0,0,0
768823727,0,1,0,1,1,1,0,4
898316946,0,0,0,0,0,0,0,0
977254202,0,2,1,2,1,2,1,9
1009399017,1,2,1,3,2,1,0,10
1009384284,2,2,0,1,1,2,1,9
1009631861,3,2,0,3,2,2,1,13
1008499422,0,2,1,1,1,2,1,8
1076043796,0,0,0,0,0,0,0,0
1080325184,0,2,2,1,1,1,3,10
1074406635,0,0,0,0,0,0,0,0
809062371,3,3,3,3,3,1,3,19
1042508383,0,2,2,1,1,1,3,10
647325315,3,3,3,3,3,1,3,19
954580122,3,3,3,3,2,2,3,19
686697124,3,3,3,3,3,1,3,19
990457806,0,2,1,1,1,1,1,7
954834169,3,3,3,3,2,2,3,19
948815221,3,3,3,2,3,2,3,19
542588218,3,3,3,3,2,2,3,19
947141397,2,2,2,1,2,2,3,14
496777644,3,3,3,3,3,2,3,20
43690666,3,3,3,3,3,2,3,20
564026066,3,3,3,3,3,2,3,20
216620796,0,0,0,0,0,0,0,0
822210141,3,3,2,3,2,2,3,18
867122814,3,3,3,3,3,2,3,20
584243597,0,1,1,0,1,1,0,4
1064518795,0,0,0,0,0,0,0,0
1043982852,1,2,2,3,2,2,3,15
1037207523,3,2,3,2,2,2,1,15
1028153202,0,1,0,0,1,1,0,3
1000637255,2,2,1,3,2,1,1,12
966098742,0,1,1,1,2,2,1,8
1000269583,3,2,3,1,1,2,1,13
984954162,2,2,2,1,1,2,1,11
43926266,0,0,0,0,0,0,0,0
851644109,3,3,3,3,3,2,3,20
18262469,0,0,0,0,0,0,0,0
301876861,0,1,0,1,1,2,0,5
536397443,3,3,3,3,3,2,3,20
929580251,0,2,2,3,1,1,3,12
959783068,3,2,3,3,2,2,3,18
923947384,3,3,3,3,2,2,3,19
956391939,3,3,3,3,2,2,3,19
911281961,3,3,2,3,3,2,1,17
1061246363,3,2,3,1,2,2,1,14
963999058,0,2,0,0,0,1,0,3
1068875914,0,0,0,0,0,0,0,0
490866021,0,1,0,1,0,2,0,4
966388743,0,1,0,1,0,2,0,4
333054133,0,1,0,1,0,2,0,4
1030215724,0,2,1,1,1,1,1,7
165601185,0,0,0,0,0,0,0,0
937606972,0,2,2,1,1,1,3,10
710180666,3,3,3,3,3,2,3,20
523007623,2,3,3,3,2,1,3,17
855473706,0,2,0,0,0,1,0,3
964138751,3,3,3,1,1,2,3,16
540754053,0,2,2,1,1,1,3,10
807393864,0,1,0,0,0,1,0,2
966598053,0,2,1,1,1,1,0,6
954389887,0,1,0,0,0,1,0,2
1080124767,0,2,1,3,1,1,0,8
1076270494,0,2,0,1,1,1,0,5
946312397,3,2,3,1,2,1,3,15
1067883651,0,2,0,0,2,1,0,5
1050122515,0,2,1,1,1,1,0,6
1023855299,0,1,0,0,0,1,0,2
1023993116,0,0,0,0,0,0,0,0
968883532,0,2,0,1,0,2,0,5
1005585019,0,1,0,0,1,1,0,3
1003764823,0,2,1,1,1,1,1,7
1001705827,1,2,2,1,1,2,2,11
987219234,0,2,0,0,0,1,0,3
1063289797,1,2,3,3,2,1,3,15
1068570644,0,2,3,3,1,1,3,13
1008393864,0,2,3,1,2,1,3,12
1059808997,0,2,3,1,1,2,3,12
1060823149,3,3,2,2,2,1,3,16
1007948357,0,2,3,3,2,1,3,14
945741119,0,2,3,1,1,2,3,12
1011622947,0,2,3,2,1,1,3,12
1047138204,0,2,3,2,1,1,3,12
1073716945,0,1,2,1,3,1,1,9
1043536557,0,2,1,1,1,2,2,9
1041904294,0,0,0,0,0,0,0,0
1041112289,0,0,0,0,0,0,0,0
820777989,0,0,0,0,0,0,0,0
885114665,3,2,3,2,1,1,3,15
1008532585,0,0,0,0,0,0,0,0
1020947871,0,0,0,0,0,0,0,0
1072539792,3,3,3,3,2,2,3,19
1006201305,2,2,1,3,2,2,1,13
1026912296,3,3,2,2,2,2,1,15
490793178,3,2,3,3,2,2,3,18
915514779,3,3,2,3,2,2,3,18
1035389632,3,3,3,3,2,2,3,19
935735942,3,2,1,3,2,1,1,13
970493914,0,0,0,0,0,0,0,0
857570587,0,0,0,0,0,0,0,0
786344028,0,0,0,0,0,0,0,0
1000793651,0,0,0,0,0,0,0,0
1017302999,0,2,1,1,1,2,1,8
1028740871,0,2,1,1,1,2,1,8
979519822,0,2,2,1,1,1,1,8
1024619644,0,2,1,1,1,1,1,7
579132712,2,2,2,1,1,2,3,13
465432063,0,1,1,1,1,2,1,7
170092744,0,1,0,0,1,1,0,3
799982997,3,2,1,1,2,2,1,12
539932856,0,0,0,0,0,0,0,0
515765971,0,2,0,1,1,2,1,7
516128285,0,1,0,1,1,2,0,5
407600574,0,3,0,1,1,2,0,7
741906589,0,2,2,1,1,2,3,11
842305088,1,2,1,3,2,2,1,12
696690572,3,3,3,3,3,2,3,20
941526872,0,1,0,0,1,1,0,3
998165222,3,2,3,3,2,2,2,17
324431069,0,2,2,2,1,2,3,12
981961384,0,0,0,0,0,0,0,0
1079021292,0,0,0,0,0,0,0,0
832798343,0,3,2,2,2,1,3,13
107443113,0,0,0,0,0,0,0,0
1067728765,3,3,3,1,3,2,3,18
503767308,0,2,0,0,0,1,0,3
952592871,0,1,1,0,0,1,0,3
461758104,0,2,2,1,1,1,3,10
627570384,3,3,2,3,1,1,1,14
925288337,0,2,2,1,2,1,3,11
1039128193,0,2,0,1,0,1,1,5
1022429264,3,3,2,3,3,2,1,17
238757463,0,0,0,0,0,0,0,0
412819457,0,2,0,1,1,2,1,7
1073634543,0,1,0,1,1,2,0,5
11873404,0,0,0,0,0,0,0,0
624358144,3,3,2,3,2,1,3,17
823342522,0,2,2,1,1,2,1,9
1022143432,0,2,2,3,2,1,3,13
1022390499,3,3,3,3,2,1,3,18
1019920371,0,0,0,0,0,0,0,0
1019575368,3,3,3,3,3,1,3,19
1062168378,0,1,0,1,1,2,2,7
1026696087,3,3,2,3,2,2,3,18
1038910271,3,3,3,3,2,2,3,19
103798085,0,0,0,0,0,0,0,0
775297169,0,2,2,1,1,1,1,8
1082982917,0,1,2,1,1,1,1,7
1077626957,0,0,0,0,0,0,0,0
262472964,0,1,3,1,1,2,3,11
1074206931,0,2,1,1,1,1,1,7
1375865,2,3,3,1,2,1,3,15
953775065,0,2,1,1,1,1,1,7
1018416459,3,3,3,3,3,2,3,20
1013247163,3,2,3,1,2,2,1,14
580907324,0,2,3,1,1,1,1,9
1053246568,0,2,3,1,1,1,3,11
363966125,0,1,2,0,0,1,0,4
992216922,0,0,0,0,0,0,0,0
994763342,3,3,2,3,2,1,3,17
564396227,2,2,2,1,1,2,3,13
998773682,3,1,0,1,1,2,2,10
982220522,0,2,3,1,1,1,1,9
105680927,0,0,0,0,0,0,0,0
622571888,3,2,2,3,2,2,3,17
638756854,3,3,2,3,3,2,3,19
385734279,3,3,3,3,2,2,3,19
943865039,3,3,3,3,3,2,3,20
96092992,3,2,3,3,2,2,3,18
983300908,2,2,2,1,2,2,2,13
989202174,1,2,0,3,2,2,0,10
1062143478,2,2,2,2,3,2,0,13
1003356223,3,3,1,1,1,2,1,12
1079501293,3,3,3,3,2,2,3,19
1059337615,0,2,1,1,1,1,1,7
1049502752,0,2,2,1,1,1,3,10
993607402,0,3,1,2,1,1,1,9
1043382984,3,3,3,3,3,1,3,19
236424209,0,2,0,0,1,1,0,4
953535313,0,1,2,1,1,1,3,9
1034622204,0,1,0,1,1,1,1,5
1056312106,0,2,2,1,1,1,3,10
237932393,3,2,3,1,2,2,3,16
1037756767,0,2,2,2,1,1,3,11
1029019289,3,3,3,3,2,2,3,19
1051332964,2,2,3,3,3,2,3,18
1000860576,0,2,2,1,1,1,1,8
978895696,3,3,3,3,3,2,3,20
883626038,0,2,3,1,2,1,1,10
1077826659,3,2,0,1,1,1,1,9
917292796,3,3,2,2,3,2,3,18
996536944,1,2,1,3,1,1,1,10
920909063,3,3,3,3,2,2,3,19
1081646876,0,0,0,0,0,0,0,0
1080827032,0,1,0,1,1,1,1,5
1080030621,0,0,0,0,0,0,0,0
1039291302,0,0,0,0,0,0,0,0
1000328794,0,2,1,0,1,1,0,5
104067589,0,0,0,0,0,0,0,0
1041071324,0,2,2,1,1,1,1,8
1033340565,0,1,1,0,1,1,0,4
1034267013,0,2,2,1,1,1,3,10
1004613876,0,2,0,0,0,1,0,3
1029476493,0,1,2,1,1,2,1,8
572467223,0,2,0,0,0,1,0,3
392737859,3,3,3,3,2,2,3,19
318801199,3,3,3,2,2,2,3,18
994691746,0,2,1,1,1,2,1,8
1020068685,0,1,3,1,1,2,3,11
1018546123,0,2,1,1,1,1,1,7
1018293221,0,2,3,1,1,2,1,10
1018340073,3,3,3,1,1,2,1,14
1018248075,0,2,3,1,1,2,1,10
1013773419,1,2,2,1,1,2,3,12
864949716,0,2,1,3,2,1,1,10
1067992258,0,2,2,1,1,1,3,10
1071833615,3,2,3,3,2,2,3,18
740141111,0,2,0,1,1,1,1,6
1061933602,0,2,1,3,1,1,1,9
1048320126,3,2,2,1,2,1,3,14
992192549,0,0,0,0,0,0,0,0
915648957,0,0,0,0,0,0,0,0
399999432,3,3,2,2,3,2,3,18
826720758,0,0,0,0,0,0,0,0
10550661,0,0,0,0,0,0,0,0
1054523377,0,0,0,0,0,0,0,0
846959869,0,1,0,1,1,2,1,6
1026942234,1,2,2,2,2,2,3,14
944950706,0,2,0,0,0,1,0,3
1079317302,3,3,2,2,3,1,3,17
1077225867,3,2,2,2,2,1,1,13
1002601936,0,2,0,1,1,2,1,7
177082311,3,3,3,2,3,2,3,19
161119746,3,3,3,2,3,2,3,19
875295187,3,3,3,2,3,2,3,19
356500307,3,3,3,2,3,2,3,19
349351196,3,3,3,2,3,2,3,19
1080698953,0,2,1,0,1,1,0,5
1074535063,0,0,0,0,0,0,0,0
1065951036,0,1,0,0,1,1,0,3
782661193,3,3,3,1,2,2,1,15
1051787282,0,1,0,0,1,2,0,4
971497587,0,2,0,3,1,2,0,8
580426578,2,2,2,3,2,2,3,16
261359715,0,0,0,0,0,0,0,0
768018294,0,1,1,0,1,1,0,4
957429216,0,2,2,1,2,1,1,9
592013443,2,2,2,1,2,1,1,11
957188905,0,2,2,1,2,1,3,11
990069026,0,0,0,0,0,0,0,0
1016037849,3,3,3,3,2,2,2,18
396629056,3,3,2,3,2,2,3,18
1011746346,0,2,1,1,1,1,1,7
937911845,0,0,0,0,0,0,0,0
356086858,0,0,0,0,0,0,0,0
696619857,0,0,0,0,0,0,0,0
1059060693,0,3,2,1,1,1,3,11
914204696,0,2,2,1,1,1,1,8
500009995,0,2,3,3,2,1,3,14
578692922,0,2,2,1,1,1,3,10
875658543,0,2,2,1,2,1,1,9
783496545,0,2,1,0,1,1,0,5
561046717,0,2,1,1,1,1,1,7
925322052,0,2,3,3,1,1,3,13
1052541853,0,0,0,0,0,0,0,0
950423164,0,2,0,1,1,2,1,7
923087656,3,3,3,3,2,2,3,19
14720104,0,0,0,0,0,0,0,0
1012801367,0,2,0,1,1,1,1,6
787770625,0,2,0,0,0,1,0,3
1016555683,0,2,0,0,0,1,0,3
1004829805,0,2,0,1,1,2,1,7
109932219,0,0,0,0,0,0,0,0
472511702,0,2,2,1,1,1,3,10
960825036,0,0,0,0,0,0,0,0
730443314,0,3,2,1,3,2,0,11
269483796,0,0,0,0,0,0,0,0
1039966738,0,2,0,1,1,2,0,6
1027431444,2,2,1,1,2,1,1,10
911964332,0,2,2,0,1,1,0,6
388001174,0,2,1,1,1,1,1,7
827960224,0,2,2,1,1,1,1,8
1077112332,0,2,0,1,1,1,1,6
1077351964,0,0,0,0,0,0,0,0
1079678539,0,0,0,0,0,0,0,0
1078034222,0,0,0,0,0,0,0,0
1075379232,0,2,1,1,1,2,2,9
1064763676,3,2,2,1,2,2,3,15
996257549,0,0,0,0,0,0,0,0
466567888,3,3,3,3,3,2,3,20
959588841,0,2,0,0,0,1,0,3
901082464,3,3,3,3,2,2,3,19
58959734,0,0,0,0,0,0,0,0
569518355,0,2,2,1,1,1,3,10
806588173,3,2,3,1,3,2,3,17
16148827,0,0,0,0,0,0,0,0
697392864,3,3,3,3,3,2,3,20
845545787,3,3,3,3,2,2,3,19
955321147,3,3,3,2,1,2,1,15
1080667263,0,1,0,1,1,2,0,5
1078218756,0,1,0,0,1,2,0,4
1068861818,0,2,0,1,1,1,1,6
1058605973,0,0,0,0,0,0,0,0
1071979158,3,2,2,1,1,2,3,14
1063201201,1,2,2,3,2,2,3,15
564105998,3,3,3,3,3,2,3,20
1062516706,3,3,3,3,3,2,1,18
1070896108,3,2,3,1,1,2,1,13
846751048,2,1,0,1,3,2,2,11
833938243,3,2,2,3,3,2,1,16
917807834,0,2,3,1,2,1,3,12
1061966772,0,1,0,0,0,1,0,2
873634956,0,2,3,3,2,1,3,14
1040508111,0,2,1,1,1,1,1,7
1039550177,0,2,1,1,1,1,1,7
416953806,0,1,1,1,1,1,1,6
97137611,3,3,3,3,3,2,3,20
1077528279,0,2,0,0,0,1,0,3
927706119,0,2,2,1,1,2,3,11
46170816,0,0,0,0,0,0,0,0
1029404118,0,2,2,1,1,1,1,8
98850437,3,3,3,3,2,2,3,19
1052838582,0,2,2,1,1,1,1,8
489620041,0,2,1,0,1,1,0,5
1059765075,0,2,1,0,1,1,0,5
1069899672,0,1,0,0,0,1,0,2
1079852957,2,2,0,1,1,2,1,9
621401848,1,2,2,3,2,1,3,14
1056352579,0,2,0,1,2,1,1,7
915175463,0,0,0,0,0,0,0,0
919580888,0,0,0,0,0,0,0,0
202743105,0,0,0,0,0,0,0,0
602948373,0,2,0,0,0,1,0,3
784613725,3,2,3,1,2,2,3,16
601107849,3,3,2,2,2,1,1,14
730848023,2,2,2,3,2,1,3,15
733427994,0,3,2,1,1,2,3,12
891336781,3,3,3,3,3,1,3,19
736884539,0,2,1,3,1,1,1,9
781251646,0,2,0,3,1,2,2,10
647716451,3,3,3,3,3,1,3,19
419668745,2,2,1,3,1,2,1,12
795837119,3,3,3,3,3,2,3,20
811462004,3,3,3,3,3,1,3,19
256877514,3,3,3,1,2,2,3,17
894650528,3,2,3,2,2,1,3,16
748528826,2,3,3,3,2,1,3,17
598774132,0,1,0,0,1,3,0,5
700087045,0,2,2,1,1,2,1,9
1001808243,1,2,0,1,1,2,1,8
1044506972,0,2,0,1,1,1,0,5
1037430719,0,2,2,1,1,2,2,10
400001472,2,2,1,3,2,1,1,12
718856766,0,1,0,0,0,1,0,2
269036999,0,2,1,1,1,1,1,7
1000634726,0,1,0,0,0,1,0,2
646504592,0,2,0,1,1,1,1,6
49598268,0,0,0,0,0,0,0,0
963629212,0,2,2,1,1,2,3,11
963055235,0,2,1,3,1,1,1,9
553844612,0,2,2,1,1,1,3,10
967880754,0,3,3,3,1,2,1,13
976469226,0,2,2,1,1,1,3,10
437912105,0,2,2,2,1,1,3,11
976488581,0,2,1,1,1,1,1,7
714304193,3,3,3,3,2,2,2,18
709156753,0,2,2,0,1,1,0,6
715548517,0,0,0,0,0,0,0,0
100305183,3,3,3,3,3,2,3,20
936684434,0,1,3,1,1,1,3,10
918397827,1,2,0,1,1,2,1,8
1050118122,3,3,3,3,3,2,3,20
656369443,0,1,0,1,1,1,1,5
130265613,0,0,0,0,0,0,0,0
20960443,0,0,0,0,0,0,0,0
145789956,0,0,0,0,0,0,0,0
904926756,0,0,0,0,0,0,0,0
568132217,0,2,1,1,1,1,1,7
959936882,2,2,0,1,1,2,1,9
73171324,0,0,0,0,0,0,0,0
412639479,0,2,1,1,2,1,1,8
1062165672,0,2,0,1,1,2,2,8
1060787603,0,2,0,0,1,1,0,4
371742215,0,0,0,0,0,0,0,0
979776149,0,0,0,0,0,0,0,0
1080874428,0,0,0,0,0,0,0,0
828329836,3,3,3,3,3,1,3,19
722441721,3,2,3,3,1,2,1,15
984448071,0,2,0,2,1,1,0,6
832310401,2,2,2,3,2,2,1,14
873497331,3,3,3,3,3,2,3,20
898853545,3,3,3,2,3,1,1,16
898083454,3,3,1,1,1,2,1,12
887856971,3,3,3,3,3,2,3,20
1005591299,0,2,2,3,1,1,3,12
951225428,0,2,1,1,1,1,1,7
750969509,3,2,3,1,2,2,3,16
991472196,0,1,1,0,1,2,0,5
1043076359,0,0,0,0,0,0,0,0
1013250371,3,2,3,1,2,2,1,14
1071032934,0,1,0,1,0,1,1,4
1027248353,0,0,0,0,0,0,0,0
1051785816,0,2,1,1,1,1,1,7
203354232,3,3,3,3,3,2,3,20
880968328,0,1,0,1,1,2,0,5
406488776,0,2,2,1,1,1,0,7
472257896,3,2,2,3,2,2,2,16
1007215366,0,2,2,1,1,1,1,8
1004362886,0,2,2,1,1,1,1,8
907471906,3,3,2,3,2,2,3,18
1004447439,0,2,2,3,2,1,3,13
943425776,3,3,3,3,3,2,3,20
858358554,3,3,3,3,3,2,3,20
1037000048,3,3,3,3,2,2,3,19
797851532,3,3,3,3,3,2,3,20
940690324,0,2,0,1,1,2,0,6
993126594,0,0,0,0,0,0,0,0
918374225,0,2,0,0,0,1,0,3
963073165,0,2,0,0,0,1,0,3
986039573,0,2,0,0,0,1,0,3
982271761,0,2,0,0,0,1,0,3
1079857007,3,3,2,3,3,2,3,19
1012112187,3,2,1,3,2,2,1,14
1063617587,3,2,3,1,1,2,3,15
1039388034,3,3,3,3,3,2,3,20
1065572713,0,2,0,0,1,1,0,4
1026985003,3,3,3,2,3,2,3,19
1030548399,0,2,0,1,1,1,1,6
611576162,3,3,3,1,2,2,3,17
452207529,3,3,3,3,3,2,3,20
792493699,0,2,2,1,1,1,3,10
964461035,0,2,2,1,1,2,3,11
1081314465,2,2,0,0,0,1,0,5
1080538015,0,1,1,0,1,1,0,4
1080466132,0,1,0,1,1,2,1,6
971677898,0,2,2,1,1,1,3,10
571752976,0,2,3,3,1,1,3,13
963684481,0,0,0,0,0,0,0,0
884474151,0,2,2,1,1,1,3,10
419822061,3,2,1,1,2,2,1,12
950353483,3,3,3,3,2,2,3,19
835210108,2,2,2,1,3,2,3,15
1035872791,3,3,2,3,2,2,3,18
975293656,0,2,2,2,2,1,1,10
1037468709,3,3,3,3,2,2,3,19
871239212,3,3,3,3,3,2,3,20
941052853,3,3,2,3,2,2,3,18
979398548,2,2,2,2,2,2,3,15
1025692447,0,2,2,2,2,1,1,10
101540135,0,0,0,0,0,0,0,0
1003922497,0,1,1,0,1,1,0,4
1066681985,0,0,0,0,0,0,0,0
1028230785,3,3,3,3,3,2,3,20
1039861111,2,2,2,2,1,2,2,13
825857486,3,3,2,3,2,2,3,18
1049416639,0,0,0,0,0,0,0,0
1046951189,2,2,0,1,1,2,1,9
1049035446,0,0,0,0,0,0,0,0
504481132,3,2,3,3,2,1,3,17
444563902,0,2,2,1,1,1,3,10
962819719,0,2,2,1,1,1,3,10
806575125,0,2,2,1,1,2,3,11
1045355706,0,2,0,1,1,1,1,6
1076547118,2,3,3,2,2,2,1,15
1053773731,2,3,3,2,2,2,3,17
1019191095,3,3,3,3,3,2,3,20
1064546397,0,2,0,1,1,1,1,6
869808652,3,3,3,3,3,1,3,19
527178818,2,2,2,1,2,2,3,14
301513668,0,0,0,0,0,0,0,0
484682793,0,2,3,1,1,2,3,12
58414308,0,0,0,0,0,0,0,0
236649237,0,0,0,0,0,0,0,0
846707708,2,2,2,1,2,2,3,14
364675318,3,3,3,3,3,2,3,20
11419986,3,2,1,2,3,2,1,14
11382095,0,0,0,0,0,0,0,0
11924659,2,1,2,1,2,2,1,11
1009897682,0,3,3,3,2,1,3,15
1079844795,0,1,0,1,1,2,1,6
1070284656,0,1,0,1,1,2,1,6
1067940886,0,0,0,0,0,0,0,0
1029860928,2,2,3,1,1,1,3,13
1072468846,0,3,2,2,1,2,1,11
1065948663,0,2,0,0,0,1,0,3
1065770007,3,2,2,2,2,1,1,13
1064743138,0,1,0,1,1,2,1,6
1049178798,1,2,2,1,1,2,1,10
1064073295,3,3,3,3,3,2,3,20
1064778638,0,2,1,1,1,2,1,8
1052620301,3,2,3,1,2,2,3,16
1036316985,1,1,0,1,1,2,1,7
1058944278,3,2,3,3,2,2,1,16
927805022,3,2,1,2,3,1,0,12
917599528,0,2,0,1,1,1,1,6
461648228,3,2,2,2,3,2,3,17
136094033,0,0,0,0,0,0,0,0
1040524621,0,0,0,0,0,0,0,0
1045405238,0,2,0,0,0,1,0,3
1042829577,3,3,1,1,1,2,1,12
1040949599,0,0,0,0,0,0,0,0
1027226136,0,1,0,1,1,2,1,6
95582235,0,0,0,0,0,0,0,0
849479924,0,2,0,3,1,1,1,8
876972949,3,2,3,3,3,2,3,19
859986414,2,3,2,3,2,2,3,17
582019278,3,3,2,3,2,2,1,16
730573518,3,3,3,3,2,2,3,19
623825212,0,0,0,0,0,0,0,0
1007760832,0,1,0,1,1,1,1,5
994886735,0,2,0,0,2,1,0,5
912926221,0,0,0,0,0,0,0,0
1082852612,0,2,1,2,1,1,0,7
1057118026,3,2,1,2,2,1,1,12
1063413563,0,2,0,0,0,1,0,3
951886431,0,1,0,1,0,2,2,6
1079800738,2,2,1,2,3,1,1,12
1063965579,0,0,0,0,0,0,0,0
884236089,0,2,2,1,2,1,3,11
1000486106,3,3,2,1,1,2,1,13
1049591838,3,2,0,1,1,2,1,10
88564231,0,0,0,0,0,0,0,0
584240455,3,3,2,3,3,2,3,19
956209267,3,3,3,3,3,2,3,20
53566534,0,0,0,0,0,0,0,0
623651538,0,1,0,1,1,2,2,7
979368538,0,2,0,1,1,2,1,7
711295534,0,1,0,0,0,1,0,2
991607721,0,2,0,0,0,1,0,3
791416512,0,1,0,0,0,1,0,2
1047865842,0,2,0,1,2,2,1,8
450609624,2,2,1,3,2,3,0,13
652312029,3,3,3,3,2,2,3,19
653536311,3,2,0,1,2,2,1,11
829610226,3,3,3,3,3,2,3,20
1011069816,0,2,2,3,1,1,3,12
1001945572,0,2,2,1,1,1,3,10
1072929949,3,3,2,1,1,2,1,13
1054542676,3,2,2,2,3,2,3,17
1035306714,3,3,2,1,2,2,3,16
1047014272,0,2,0,1,1,2,1,7
1040851441,3,3,3,3,2,1,3,18
985998892,0,2,0,1,1,2,1,7
971335665,0,2,1,1,1,2,1,8
962285752,3,2,2,1,2,2,3,15
988208256,0,2,0,1,2,2,2,9
988608036,3,3,0,2,2,2,1,13
1029651518,0,1,2,0,1,1,0,5
1033651471,0,1,0,1,1,1,1,5
594125173,0,2,0,3,1,1,1,8
912175625,0,2,0,1,1,2,1,7
907668746,0,2,1,1,1,1,1,7
906120456,0,2,1,1,1,1,1,7
406286687,3,1,1,0,0,2,0,7
674258198,0,0,0,0,0,0,0,0
66504994,0,0,0,0,0,0,0,0
1050872035,0,0,0,0,0,0,0,0
840030764,3,3,3,1,2,2,2,16
763812289,2,2,2,1,1,2,3,13
782868958,0,0,0,0,0,0,0,0
846082831,0,2,1,1,1,1,0,6
276660763,0,2,1,3,1,1,1,9
621359546,3,3,3,3,2,2,3,19
1076722453,0,2,0,1,2,2,2,9
1072431668,0,2,1,1,1,1,1,7
1067539844,0,2,0,1,1,1,1,6
478010926,0,2,3,1,1,1,3,11
786776074,0,2,1,1,1,1,1,7
1077031281,0,0,0,0,0,0,0,0
1079537836,0,0,0,0,0,0,0,0
1076605618,0,0,0,0,0,0,0,0
1080477797,0,2,1,1,1,1,1,7
1056728535,0,1,0,0,1,1,0,3
1062857051,0,2,1,0,1,1,0,5
1026653559,0,0,0,0,0,0,0,0
487976135,0,2,0,0,1,1,0,4
477725565,0,0,0,0,0,0,0,0
75446012,3,2,3,3,2,2,3,18
237793445,0,0,0,0,0,0,0,0
904568149,0,1,0,1,2,2,0,6
1076625246,3,3,0,2,1,2,2,13
1077229029,0,2,0,0,0,1,0,3
1063389727,3,2,3,1,1,2,1,13
1043520268,0,2,0,1,1,2,1,7
1047394608,3,2,3,1,1,2,1,13
1036187375,0,0,0,0,0,0,0,0
1028854928,3,2,0,1,1,2,1,10
1030472752,3,2,3,1,1,2,1,13
1021014057,1,2,2,1,1,2,3,12
1027892952,0,2,2,1,1,2,1,9
1072193828,0,1,0,1,1,2,0,5
1071300806,0,1,0,1,1,2,0,5
1066012906,0,1,0,1,1,2,1,6
1064793923,2,2,2,1,2,2,3,14
108566337,3,3,3,3,3,2,3,20
961749856,1,3,2,3,2,1,1,13
990212733,3,2,0,0,1,2,0,8
427714378,1,1,3,1,1,2,1,10
558585786,0,2,1,1,1,2,1,8
983623555,0,1,0,1,1,2,1,6
686631573,0,2,0,2,3,2,2,11
324474959,3,3,3,3,3,2,3,20
635426701,3,3,3,3,2,2,3,19
511789704,3,3,3,3,3,2,3,20
610557214,3,2,2,1,2,2,3,15
375258361,1,2,3,1,1,2,3,13
448858149,0,2,0,1,0,1,0,4
1048708816,0,0,0,0,0,0,0,0
1044881979,0,3,2,2,1,1,1,10
1056506414,0,2,2,1,1,1,1,8
151533764,0,0,0,0,0,0,0,0
908187583,0,2,1,1,1,1,1,7
971024523,0,0,0,0,0,0,0,0
775370893,3,3,3,3,3,1,3,19
1080789491,0,0,0,0,0,0,0,0
1068646647,0,2,0,1,0,1,1,5
376124681,3,2,1,2,2,1,1,12
1071272066,3,3,3,3,3,1,3,19
1080520752,0,0,0,0,0,0,0,0
199060798,1,2,0,1,1,2,0,7
1060860841,0,2,0,1,1,1,1,6
403015703,0,2,1,1,1,1,1,7
1077258866,3,3,0,3,2,2,1,14
631575753,0,2,2,2,1,1,1,9
998088785,0,1,0,1,1,2,1,6
917437955,0,2,3,2,1,1,3,12
654418641,0,0,0,0,0,0,0,0
827366645,0,1,0,1,1,2,0,5
323490293,0,2,2,1,1,1,1,8
900958059,0,2,1,1,2,1,1,8
1005305023,0,2,0,1,1,1,1,6
998104306,0,2,1,1,1,2,2,9
996462679,1,2,2,3,1,1,3,13
1073608465,0,2,2,1,2,2,1,10
1058087959,0,0,0,0,0,0,0,0
1024162165,0,0,0,0,0,0,0,0
1012200257,0,1,0,1,1,1,0,4
1037295231,0,0,0,0,0,0,0,0
1012811116,0,1,0,1,1,2,1,6
967635131,0,2,0,1,1,1,1,6
788762016,0,0,0,0,0,0,0,0
930911848,0,1,0,0,1,0,0,2
711079521,3,1,0,1,1,2,0,8
808905945,0,1,1,1,1,1,1,6
1059398181,0,2,0,1,1,2,0,6
1056224615,0,2,2,1,1,1,3,10
236758231,0,0,0,0,0,0,0,0
810632067,0,0,0,0,0,0,0,0
1027440888,3,3,2,3,1,1,3,16
816977902,3,2,3,3,2,2,3,18
817601411,3,3,3,3,2,2,3,19
761167542,0,1,0,0,1,1,0,3
177528281,3,3,3,1,1,2,3,16
923130046,0,2,1,1,1,2,1,8
1022642978,0,0,0,0,0,0,0,0
1018183836,0,2,2,2,1,2,1,10
996693872,0,2,1,1,1,1,1,7
927563176,0,2,0,1,1,1,1,6
1082472949,0,0,0,0,0,0,0,0
1081372837,0,0,0,0,0,0,0,0
1020292763,0,0,0,0,0,0,0,0
831274817,3,3,3,2,3,2,2,18
1020311422,0,2,2,1,1,1,3,10
1005109396,0,0,0,0,0,0,0,0
960209875,0,2,2,1,1,1,3,10
1023477614,0,2,2,2,1,1,3,11
990566659,0,2,2,2,1,1,3,11
995746236,0,2,0,1,1,1,1,6
995531055,0,2,2,1,1,1,3,10
1053323935,0,0,0,0,0,0,0,0
358856292,3,3,3,2,3,3,3,20
733421943,3,2,3,3,2,2,3,18
113111952,0,0,0,0,0,0,0,0
939679335,3,3,3,1,1,2,1,14
1035577565,3,2,3,1,2,2,3,16
781670871,0,2,3,1,1,2,3,12
767078314,2,2,2,3,1,2,2,14
826747157,3,3,3,3,2,2,3,19
114155805,3,3,3,3,3,2,3,20
432363499,0,2,3,3,2,2,1,13
398314235,3,3,3,3,3,2,1,18
996554456,0,2,3,1,2,2,3,13
969846274,3,3,3,3,2,2,3,19
556761451,0,2,2,1,1,2,3,11
1052207522,0,2,2,1,1,1,3,10
1016244984,0,0,0,0,0,0,0,0
534265392,3,3,3,3,2,2,3,19
867563609,3,3,3,3,3,2,3,20
557198514,3,3,3,3,3,2,3,20
887648964,2,2,2,1,1,1,3,12
822521294,3,3,3,3,3,1,3,19
1028352266,0,2,2,1,1,1,1,8
1018613827,0,0,0,0,0,0,0,0
944265982,3,3,3,3,2,1,3,18
1061450866,1,2,0,2,2,2,0,9
1056378685,2,2,2,2,2,2,3,15
820997419,3,3,3,3,3,2,3,20
968996776,3,3,3,3,3,2,3,20
916502498,3,3,3,3,2,2,3,19
530267521,3,2,1,1,1,2,1,11
773977524,0,2,0,1,1,1,1,6
720026333,0,2,2,1,1,1,3,10
69035668,0,0,0,0,0,0,0,0
197878882,3,3,2,3,2,2,3,18
543830255,3,3,3,1,2,2,3,17
1023215113,1,2,2,1,1,1,1,9
716648236,2,2,0,1,1,2,1,9
381269312,1,2,0,1,1,1,1,7
1022840265,3,2,2,3,1,1,3,15
957193551,0,3,2,1,1,1,1,9
885077773,0,2,1,1,1,1,1,7
933914075,3,3,2,3,2,2,3,18
929617724,3,2,3,3,2,2,3,18
1022619096,2,3,3,3,2,2,3,18
848284929,3,2,3,3,2,2,1,16
1030289561,0,2,1,1,1,1,1,7
856060528,3,3,0,2,1,1,3,13
1032120953,0,0,0,0,0,0,0,0
327547948,0,2,2,1,1,1,1,8
406098015,2,2,0,3,2,1,1,11
1028615712,2,2,0,3,2,1,1,11
543541655,2,2,0,1,2,1,1,9
1030635832,0,2,1,2,3,1,0,9
1013784302,0,0,0,0,0,0,0,0
1041178561,0,0,0,0,0,0,0,0
724485838,3,3,3,3,3,2,3,20
266969817,1,2,2,3,2,2,3,15
1037967713,2,2,1,3,1,1,0,10
1039142919,3,3,1,1,1,2,1,12
1032063815,3,3,1,1,1,2,1,12
1030672823,3,3,2,2,3,2,3,18
823430394,0,2,2,1,1,1,3,10
1074530408,0,2,1,0,1,1,0,5
1074312422,0,0,0,0,0,0,0,0
1071329615,0,2,1,0,1,1,0,5
784472095,2,2,2,3,1,0,3,13
1044825121,0,0,0,0,0,0,0,0
1055864522,0,1,2,1,1,1,1,7
1043540773,0,1,0,1,1,2,0,5
1014759594,0,0,0,0,0,0,0,0
116135973,0,0,0,0,0,0,0,0
864165408,0,2,2,1,2,1,3,11
1058188211,3,3,3,3,3,1,3,19
1074086824,3,2,3,1,1,2,1,13
1036063911,0,1,0,1,1,1,0,4
1013812263,0,1,0,1,1,1,0,4
826910854,0,2,2,1,1,1,3,10
892533197,0,3,1,1,1,1,1,8
1058514904,3,3,1,3,2,1,0,13
1045700324,3,3,3,2,2,2,1,16
894263586,3,2,3,3,2,2,3,18
866220707,0,1,0,1,1,2,1,6
125795298,0,0,0,0,0,0,0,0
421159416,0,2,0,0,1,1,0,4
754273928,0,2,2,3,1,1,3,12
799820593,3,2,3,3,2,2,3,18
798816254,0,2,0,1,1,2,0,6
675196777,0,2,2,1,2,1,3,11
122208737,0,0,0,0,0,0,0,0
14352503,3,3,3,3,2,2,3,19
112560897,0,0,0,0,0,0,0,0
978837483,0,2,2,3,1,1,3,12
1080323931,0,2,1,0,1,1,0,5
1047186613,3,2,1,2,2,1,0,11
363257194,0,2,2,3,1,1,3,12
642966885,0,2,2,1,1,1,0,7
1074567906,3,2,3,3,2,2,3,18
1074534416,0,1,0,0,1,1,0,3
1073081667,0,0,0,0,0,0,0,0
1048915523,3,2,1,1,3,2,1,13
840031183,0,2,2,1,2,2,3,12
1053306559,0,0,0,0,0,0,0,0
395954706,3,3,3,1,3,2,3,18
911447339,0,2,0,1,1,1,1,6
1000604848,0,3,2,1,2,1,3,12
1012781233,0,0,0,0,0,0,0,0
996207192,0,0,0,0,0,0,0,0
1000605724,0,2,1,1,1,1,1,7
103146874,3,2,3,3,3,2,3,19
1029888052,0,1,0,1,1,2,0,5
872681211,0,0,0,0,0,0,0,0
477011459,3,3,2,2,2,2,3,17
840645441,3,3,3,3,2,2,3,19
1057329764,3,3,3,2,3,2,3,19
1051259976,0,0,0,0,0,0,0,0
1000009994,3,3,3,3,3,2,3,20
339090205,0,1,0,1,1,2,0,5
973907034,0,1,2,1,1,2,3,10
394432089,0,3,0,0,2,2,0,7
445290536,0,2,2,2,2,1,3,12
1078378524,3,3,3,2,2,2,3,18
719816686,3,3,3,3,2,2,3,19
913485462,3,2,2,3,2,2,1,15
632359777,2,3,3,2,2,2,3,17
677907636,3,3,3,3,2,2,2,18
426448769,3,3,3,3,2,2,3,19
455508679,0,0,0,0,0,0,0,0
817559406,1,3,2,3,2,2,1,14
681206984,3,3,2,3,1,2,2,16
541169495,1,2,2,3,3,1,1,13
658987812,3,3,2,3,2,2,1,16
907216922,2,3,3,3,2,2,3,18
966413057,3,3,2,1,1,2,3,15
277436459,1,3,2,3,2,3,1,15
1018067546,0,2,2,1,2,1,1,9
949429666,0,2,2,1,2,1,1,9
879599618,0,2,1,1,1,1,1,7
560902327,1,3,3,3,2,1,3,16
632391936,3,3,3,3,2,1,3,18
578537676,2,2,3,3,2,1,3,16
999936058,0,0,0,0,0,0,0,0
969628512,0,2,3,1,1,2,1,10
989666028,2,2,0,1,2,2,1,10
988470811,0,0,0,0,0,0,0,0
985440504,0,2,0,2,1,1,0,6
935942453,3,2,3,2,2,2,3,17
1044049069,0,2,0,0,0,1,0,3
700562187,0,2,2,1,1,1,3,10
766096349,0,2,2,1,1,1,3,10
787581112,0,2,2,1,1,1,3,10
883645924,0,2,2,1,1,1,3,10
854847791,0,2,2,2,2,1,3,12
824355074,0,2,2,1,1,2,3,11
137099304,0,0,0,0,0,0,0,0
900903656,3,3,3,3,3,2,3,20
103069687,0,0,0,0,0,0,0,0
962780088,3,3,3,3,2,2,3,19
990672395,3,3,3,3,3,2,3,20
985185738,3,3,2,3,2,2,3,18
991033722,0,0,0,0,0,0,0,0
584995791,2,2,2,1,2,2,1,12
1054466684,0,2,1,1,1,1,1,7
988526798,1,2,2,2,1,1,1,10
222524797,0,0,0,0,0,0,0,0
1047511808,0,2,1,1,1,1,1,7
908510465,0,2,1,1,1,1,1,7
890541543,0,2,3,1,2,2,3,13
1015391328,1,2,2,3,3,1,1,13
996212464,3,3,2,2,1,2,3,16
940931302,3,3,2,2,1,2,1,14
938086612,3,3,2,2,2,2,3,17
754617855,1,3,2,3,2,1,3,15
845457892,0,2,2,1,1,1,1,8
840947264,3,3,3,3,2,2,3,19
839851059,3,3,3,3,2,2,3,19
115365559,0,0,0,0,0,0,0,0
639864695,3,3,3,3,2,1,3,18
694806783,3,3,3,3,3,2,3,20
940152666,2,3,2,1,2,2,3,15
67985684,0,0,0,0,0,0,0,0
23347035,0,0,0,0,0,0,0,0
207425944,0,0,0,0,0,0,0,0
846569117,0,2,3,1,2,2,1,11
1079702953,3,2,1,2,2,1,0,11
1081295918,3,2,1,2,2,1,1,12
10680746,0,0,0,0,0,0,0,0
849287039,0,0,0,0,0,0,0,0
978127787,0,0,0,0,0,0,0,0
988695184,0,2,1,1,1,1,1,7
1076905512,3,3,3,3,2,2,1,17
1073924447,3,3,2,2,2,1,1,14
1020807041,0,2,2,1,1,2,3,11
1034618497,0,2,0,1,1,1,1,6
1052281627,2,2,1,2,1,1,1,10
1041196753,0,1,0,1,1,1,0,4
919261469,1,1,0,1,2,1,1,7
1029556925,2,2,2,3,3,2,3,17
993229873,0,2,2,1,1,2,1,9
924238584,3,3,1,1,1,2,1,12
989658484,0,1,0,1,1,2,0,5
1000678548,2,2,2,3,3,2,3,17
967585504,0,2,0,1,1,1,1,6
1037517437,0,2,3,1,1,1,3,11
532131031,0,2,3,1,1,1,3,11
908025635,0,2,2,1,1,2,3,11
795102387,0,2,3,1,1,1,3,11
926852954,0,2,3,1,1,2,3,12
1034468175,0,2,3,1,1,1,3,11
1031037245,0,2,3,1,1,1,3,11
881927173,0,2,3,1,1,1,3,11
591613846,0,2,3,1,1,1,3,11
605438841,0,2,3,1,1,1,3,11
1078089957,3,3,3,3,2,2,3,19
857665095,3,3,3,3,3,2,3,20
1077772561,0,0,0,0,0,0,0,0
1077096277,3,3,2,3,2,2,3,18
1074160403,0,0,0,0,0,0,0,0
382734464,3,3,3,1,2,2,3,17
1074833752,0,0,0,0,0,0,0,0
1035251533,0,0,0,0,0,0,0,0
1073684596,0,0,0,0,0,0,0,0
1047999437,3,3,3,3,1,2,3,18
1052086034,0,2,0,1,1,2,1,7
444618385,0,1,0,1,0,2,2,6
774972927,0,2,2,1,1,1,3,10
1078772871,0,0,0,0,0,0,0,0
954082381,0,2,1,1,1,1,1,7
974676372,0,2,3,3,1,1,3,13
102885022,0,0,0,0,0,0,0,0
1037762976,0,2,3,2,1,1,3,12
18765939,0,0,0,0,0,0,0,0
881696124,0,2,3,1,2,1,3,12
1067594328,0,2,1,0,1,1,0,5
1057338225,0,2,0,1,1,1,1,6
1076239667,0,2,0,1,1,1,1,6
714084825,0,2,3,1,2,1,3,12
105041481,0,0,0,0,0,0,0,0
1066109909,3,2,3,1,2,1,3,15
1057742666,0,2,2,1,1,1,3,10
1048860118,0,2,2,3,1,1,3,12
1028823257,0,0,0,0,1,0,0,1
1030914356,0,2,1,1,1,1,1,7
978864351,0,2,0,0,0,1,0,3
1027162707,0,0,0,0,0,0,0,0
1027176286,0,1,0,0,1,1,0,3
697190242,0,3,2,1,1,1,1,9
400349603,3,3,3,3,3,2,3,20
819131054,3,3,3,3,2,2,3,19
941729111,3,3,2,3,3,2,1,17
996000105,3,3,3,3,2,2,3,19
979793274,2,2,2,3,3,2,3,17
964412079,0,1,0,1,1,2,0,5
984240921,1,2,2,1,1,1,3,11
95750373,0,0,0,0,0,0,0,0
1075265219,0,1,0,1,1,2,0,5
989740392,0,0,0,0,0,0,0,0
1064550656,0,1,0,0,0,1,0,2
1065458504,0,2,1,1,1,1,1,7
1057417105,0,2,1,1,1,2,1,8
1011326638,0,2,2,1,1,2,2,10
1005069035,0,1,0,1,1,2,0,5
925701814,3,3,3,3,2,2,1,17
970745149,0,0,0,0,0,0,0,0
925098639,3,3,3,3,3,2,3,20
760474891,0,0,0,0,0,0,0,0
542326774,0,1,0,0,1,2,0,4
743685339,0,0,0,0,0,0,0,0
239551404,0,0,0,0,0,0,0,0
785219305,1,2,2,3,2,1,3,14
65891872,0,0,0,0,0,0,0,0
828024318,3,3,3,3,3,2,3,20
674959038,3,3,3,3,2,2,3,19
945456043,3,3,3,3,3,1,3,19
934607582,0,2,0,1,1,2,1,7
739892135,3,3,3,3,3,1,3,19
545505122,3,3,2,3,2,2,3,18
781404082,0,3,2,1,1,1,3,11
1069649553,0,3,1,1,1,1,1,8
1053787306,0,0,0,0,0,0,0,0
1051928191,0,2,1,0,1,1,0,5
909715969,0,2,0,1,1,1,1,6
737480375,0,2,2,1,1,2,2,10
995758203,0,2,1,1,1,1,1,7
727499101,0,1,0,1,1,2,0,5
1061876518,0,0,0,0,0,0,0,0
760472608,0,2,1,1,1,1,1,7
991242996,0,2,0,1,1,1,1,6
994161738,0,2,1,1,1,1,0,6
415363989,0,0,0,0,0,0,0,0
947641648,0,2,3,1,1,2,3,12
938657207,0,1,0,1,0,1,1,4
1074432121,0,2,2,1,1,1,3,10
996505719,0,2,3,3,1,1,3,13
1052894007,0,1,0,1,1,2,0,5
1078856781,2,2,2,1,1,2,3,13
1073594054,3,3,2,2,2,2,3,17
319379961,3,3,3,3,2,2,3,19
866750098,0,0,0,0,0,0,0,0
911433843,0,2,0,1,1,1,1,6
888704437,0,2,0,0,1,1,0,4
869196811,0,2,2,1,1,1,3,10
776489863,2,2,0,1,2,2,0,9
1065135239,0,1,0,0,1,0,0,2
106477014,0,0,0,0,0,0,0,0
1061559173,0,2,0,1,1,2,1,7
1062515861,0,0,0,0,0,0,0,0
1081625655,0,0,0,0,0,0,0,0
1082182869,0,2,3,3,2,1,3,14
1011712161,0,2,1,0,1,1,0,5
737182764,0,1,0,0,0,1,0,2
553621013,0,1,0,0,1,1,0,3
1037949577,0,0,0,0,0,0,0,0
532110873,3,2,3,1,1,2,2,14
168247817,0,0,0,0,0,0,0,0
946081188,1,2,3,3,1,1,3,14
964090072,2,2,1,3,2,1,1,12
557272842,3,3,2,2,2,1,3,16
1011545963,0,0,0,0,0,0,0,0
1009625234,0,2,0,0,0,1,0,3
526239969,0,2,2,1,1,1,1,8
1008862046,0,2,0,0,0,1,0,3
1073644297,0,2,2,1,2,2,1,10
10128431,0,0,0,0,0,0,0,0
992369582,3,2,2,2,2,1,1,13
1061526916,0,0,0,0,0,0,0,0
1074143218,0,2,1,1,1,1,1,7
917819847,2,2,1,2,3,1,1,12
1071203076,0,1,0,0,1,1,0,3
995896429,0,0,0,0,0,0,0,0
1060346895,0,1,0,0,1,2,0,4
1073084857,0,2,0,1,1,2,1,7
1056839641,0,0,0,0,0,0,0,0
1061859318,0,2,2,1,1,1,1,8
761977524,3,3,3,3,3,2,3,20
623124669,3,3,2,3,3,2,3,19
660547626,3,3,3,3,2,2,3,19
649207929,3,3,2,3,3,2,3,19
818091143,1,2,1,1,1,1,1,8
778921121,0,2,1,0,1,1,0,5
668169232,1,3,2,3,2,2,1,14
547014123,0,1,3,1,1,2,3,11
421531157,3,3,3,3,3,2,3,20
901043892,3,3,3,3,2,2,1,17
1064558757,3,2,3,2,2,2,3,17
942531666,1,2,3,1,2,2,3,14
1077357719,0,2,1,3,2,1,1,10
1071301405,0,1,2,1,1,1,1,7
850821877,3,3,3,3,3,2,3,20
943741175,3,3,3,3,3,1,3,19
543175498,0,1,0,0,0,2,0,3
873265825,0,2,1,0,1,1,0,5
854168207,0,1,0,0,1,1,0,3
1010227838,2,1,0,1,1,2,2,9
293449853,0,0,0,0,0,0,0,0
971139886,0,1,0,1,1,1,1,5
721937675,1,2,2,1,2,2,3,13
581720837,0,2,3,3,1,1,3,13
466125746,1,2,2,1,2,1,3,12
1038989753,0,2,2,3,2,1,3,13
514018058,0,3,3,1,2,1,3,13
860110069,0,2,3,1,1,1,3,11
264751713,0,0,0,0,0,0,0,0
942008883,0,2,3,3,2,1,3,14
556280781,0,2,2,1,1,1,3,10
510334524,0,2,3,1,1,1,3,11
504535064,0,2,2,1,1,1,3,10
468090178,0,2,2,1,1,1,3,10
478228484,0,2,2,1,1,1,3,10
667667856,2,2,2,3,1,1,3,14
473469375,0,1,3,2,0,1,0,7
1050365055,0,2,2,1,1,2,1,9
1043953303,0,0,0,0,0,0,0,0
734183709,3,2,2,1,2,1,1,12
1073504209,0,2,2,1,1,2,2,10
277396056,0,0,0,0,0,0,0,0
613852211,0,2,1,0,1,1,0,5
647741389,0,2,2,1,1,1,1,8
101690792,0,0,0,0,0,0,0,0
118712083,0,0,0,0,0,0,0,0
497886042,0,2,2,1,2,2,2,11
869883342,0,0,0,0,0,0,0,0
1031042338,3,2,2,3,2,2,1,15
1034095882,3,2,2,3,2,2,3,17
780735045,1,2,3,1,2,2,3,14
907506489,0,0,0,0,0,0,0,0
1034559382,2,2,2,3,2,1,3,15
945455503,3,3,2,1,3,2,3,17
1064477653,0,2,0,3,2,2,1,10
1059906632,0,1,2,1,1,2,2,9
957706261,0,0,0,0,0,0,0,0
13443088,0,0,0,0,0,0,0,0
1037173671,0,2,0,0,0,1,0,3
1054385844,0,0,0,0,0,0,0,0
790881126,0,0,0,0,0,0,0,0
613986806,3,2,3,3,2,2,2,17
932807056,0,0,0,0,0,0,0,0
1037828446,1,2,2,2,1,1,3,12
922300516,0,1,0,0,0,1,0,2
899883713,2,3,3,3,2,1,3,17
1052244839,3,3,3,3,1,2,3,18
945109269,0,2,3,1,1,1,3,11
878719633,3,3,3,3,3,1,3,19
1043325904,3,3,3,3,3,2,3,20
534744931,3,3,3,3,3,2,3,20
788362358,1,3,2,1,1,1,3,12
1076549838,0,2,0,0,0,1,0,3
1075559605,0,2,0,0,0,1,0,3
1062147456,0,1,0,1,1,2,0,5
106003235,0,0,0,0,0,0,0,0
1055267536,0,0,0,0,0,0,0,0
1018802562,1,2,2,3,2,2,3,15
1076452471,0,2,1,1,1,1,1,7
1076130157,0,2,2,1,1,2,3,11
932064387,0,1,1,0,0,1,0,3
1071091086,1,2,2,1,1,2,1,10
785203116,0,2,1,1,2,1,1,8
1052332388,3,2,3,3,2,2,3,18
1038017991,3,2,3,2,2,2,3,17
1017524743,3,3,3,2,2,2,3,18
727845519,0,2,1,0,1,1,0,5
930558005,0,2,0,0,1,1,0,4
368531121,1,3,2,3,2,1,3,15
1031344444,0,2,2,1,1,1,3,10
257679438,0,3,3,3,2,1,3,15
712238482,3,3,3,3,3,2,3,20
950786905,0,2,2,1,1,1,3,10
94460396,0,0,0,0,0,0,0,0
864551327,1,2,1,3,2,1,0,10
1076310574,0,2,0,0,0,1,0,3
1076449398,3,2,3,1,2,2,1,14
1048176578,3,2,2,2,3,2,1,15
831069269,0,2,1,3,1,1,1,9
1026033619,3,3,2,3,2,2,3,18
1023753409,0,2,0,1,0,1,1,5
1003225728,0,2,2,1,1,1,1,8
982941031,3,2,2,1,2,2,1,13
301467083,3,3,3,3,2,2,3,19
1006895822,0,1,0,1,1,2,0,5
1003606375,2,1,2,1,2,2,3,13
12413368,0,0,0,0,0,0,0,0
931059827,0,2,2,1,1,1,3,10
1014955728,0,0,0,0,0,0,0,0
884011156,0,2,2,1,1,1,3,10
94325979,0,0,0,0,0,0,0,0
934578386,0,2,0,1,1,1,1,6
929588546,3,3,2,2,2,1,3,16
984311389,3,3,3,1,3,2,3,18
1072110217,0,0,0,0,0,0,0,0
1067919043,1,2,0,0,1,1,0,5
1053052633,3,3,0,2,3,2,1,14
1054762208,0,2,1,1,1,1,1,7
1053311364,0,3,2,2,2,1,1,11
771571885,3,3,3,3,3,1,3,19
1064566475,0,1,0,1,1,2,0,5
648600544,3,3,3,3,3,1,3,19
661707871,0,3,2,1,1,2,2,11
1080511488,0,1,0,1,1,2,0,5
900834969,3,3,3,3,3,2,3,20
1079842801,0,2,2,1,1,2,0,8
1080390744,0,2,2,2,1,2,0,9
923009465,3,3,3,3,3,1,3,19
1076886521,0,1,0,1,1,2,0,5
967931874,0,2,0,1,1,2,1,7
1017604904,0,3,3,3,2,1,3,15
983385491,0,2,2,1,1,1,1,8
980035904,0,0,0,0,0,0,0,0
964686511,0,2,1,0,1,1,0,5
968366144,0,2,2,1,1,1,3,10
968500515,0,0,0,0,0,0,0,0
966618257,0,0,0,0,0,0,0,0
1009893455,0,2,2,1,1,1,3,10
682563311,0,1,2,1,0,1,0,5
1000525014,0,1,2,1,1,1,1,7
996817545,0,2,0,1,0,2,0,5
964628101,0,1,0,0,1,1,0,3
638574231,0,2,1,1,1,2,0,7
634997324,0,1,0,1,1,2,0,5
787787094,0,1,1,1,1,2,0,6
950997172,0,1,1,1,1,2,0,6
785100793,0,1,1,1,1,2,0,6
615371894,0,1,1,0,1,1,0,4
1076908458,2,2,2,1,1,2,1,11
1074728413,2,2,2,1,1,2,1,11
1072781315,1,2,2,1,1,2,1,10
1038156194,0,2,2,3,2,1,1,11
945014363,3,3,3,3,2,2,3,19
966749966,3,2,3,3,2,2,3,18
965526321,3,3,3,3,2,2,3,19
96058213,0,0,0,0,0,0,0,0
959340663,3,3,3,3,2,2,3,19
842545354,3,3,3,3,3,2,3,20
84725408,3,3,2,3,2,2,3,18
510145525,3,3,3,3,3,2,3,20
802442966,3,3,3,3,3,2,3,20
845211561,0,3,2,1,1,2,3,12
887987294,3,3,3,2,2,2,3,18
858801758,3,2,2,1,2,2,1,13
891655502,0,2,1,1,1,1,1,7
131270192,3,3,3,3,3,2,3,20
457647893,3,3,2,3,2,2,3,18
487762234,3,3,3,3,2,2,3,19
298930088,0,0,0,0,0,0,0,0
40065008,0,0,0,0,0,0,0,0
251810369,0,0,0,0,0,0,0,0
10479585,0,0,0,0,0,0,0,0
107493454,0,0,0,0,0,0,0,0
1018802168,0,0,0,0,0,0,0,0
1009854458,0,0,0,0,0,0,0,0
1015646325,0,2,2,1,1,1,3,10
519325355,3,3,3,3,3,2,3,20
986024234,3,3,3,3,3,2,3,20
554550039,0,0,0,0,0,0,0,0
840968522,3,3,3,2,3,2,1,17
1067232685,0,2,0,3,1,2,2,10
1055388411,0,1,2,1,1,0,0,5
1071185181,0,2,0,0,0,1,0,3
1067404716,0,0,0,0,0,0,0,0
1064708217,0,0,0,0,0,0,0,0
1058058997,1,3,2,2,2,2,3,15
917735399,3,3,2,3,3,2,3,19
1005051621,0,2,0,0,1,1,0,4
904326946,3,3,3,3,3,1,3,19
904684077,3,3,3,3,3,1,3,19
1006094468,0,1,0,1,1,2,0,5
939248725,0,2,0,0,0,1,0,3
938528277,0,2,0,0,0,1,0,3
942350467,0,2,0,1,1,1,0,5
1009695032,0,2,0,1,1,1,1,6
966909447,0,2,1,0,0,1,0,4
946700821,0,2,0,0,0,1,0,3
1000562656,0,2,0,0,0,1,0,3
950102983,0,2,0,0,0,1,0,3
948495345,0,2,0,0,0,1,0,3
945656377,0,2,0,0,0,1,0,3
951164209,0,2,0,0,0,1,0,3
942407705,0,2,0,0,0,1,0,3
951679316,0,2,0,0,0,1,0,3
952956145,0,2,0,0,0,1,0,3
878464808,0,0,0,0,0,0,0,0
941950257,0,2,0,0,0,1,0,3
1054133203,3,3,3,3,3,2,3,20
506915739,2,2,1,3,2,2,1,13
1049883791,0,2,0,0,1,1,0,4
1050553559,1,2,2,1,2,2,3,13
620650136,2,2,2,1,2,1,3,13
714181842,0,2,0,1,1,1,1,6
802806858,3,3,3,3,2,1,3,18
1023068731,3,3,3,3,3,1,3,19
814457539,3,3,3,3,3,2,3,20
1065013408,3,2,0,1,1,1,1,9
41677488,0,0,0,0,0,0,0,0
378227632,3,2,3,3,2,2,3,18
888978404,1,2,3,3,1,1,1,12
1059394198,0,2,1,1,1,2,0,7
1056948921,0,1,0,1,1,2,0,5
63825026,0,0,0,0,0,0,0,0
792977784,3,3,2,1,2,2,3,16
848906654,3,3,3,3,2,2,2,18
809827908,3,3,2,1,2,2,3,16
602231162,3,3,3,3,2,2,3,19
929039902,0,1,2,1,1,1,0,6
24983803,3,3,3,3,3,2,3,20
850032912,3,3,3,3,3,2,3,20
661914879,3,3,3,3,3,2,3,20
929032912,3,3,3,3,3,2,3,20
892903985,3,3,3,3,3,2,3,20
1071158408,1,2,0,0,1,2,0,6
1077857857,0,2,2,3,1,1,1,10
717809299,2,3,2,3,2,1,3,16
537987358,0,2,1,3,1,1,1,9
858003255,0,0,0,0,0,0,0,0
152360312,3,3,3,3,3,2,3,20
527821162,3,3,3,3,3,2,3,20
726546009,3,3,3,3,3,2,3,20
392042048,0,1,3,1,1,2,3,11
316628586,0,1,3,1,1,2,3,11
266116253,0,2,3,1,1,2,3,12
229970547,3,3,3,3,2,2,3,19
1082540447,0,0,0,0,0,0,0,0
830347922,3,3,3,3,3,2,3,20
927115482,0,0,0,0,0,0,0,0
1059957942,0,1,0,1,1,2,2,7
771882104,0,0,0,0,0,0,0,0
1057273993,0,1,0,1,1,2,0,5
1038609041,0,1,0,1,1,2,0,5
1052774252,0,0,0,0,0,0,0,0
912403229,0,2,3,1,2,2,3,13
714565015,0,1,0,1,1,2,0,5
1030940645,0,3,1,3,1,1,1,10
1030901319,0,0,0,0,0,0,0,0
258088374,3,3,3,3,2,2,3,19
1018590427,3,3,3,3,3,2,3,20
1022280343,3,3,3,3,3,2,3,20
1072421109,3,2,3,1,1,2,3,15
1074139898,1,2,2,1,1,2,3,12
1048624559,3,2,0,1,1,2,1,10
1038670655,0,2,0,2,1,2,1,8
1030405588,0,1,0,0,0,1,0,2
1038449084,0,3,2,2,2,2,3,14
1037726672,0,2,1,1,1,1,1,7
1037853809,0,2,3,1,1,2,1,10
1037810477,0,2,0,1,1,2,1,7
1038179348,0,0,0,0,0,0,0,0
1037651721,0,2,3,1,1,2,3,12
1037963633,0,2,2,1,1,1,1,8
1037796336,0,2,0,1,1,1,1,6
1031901177,2,2,2,1,1,2,3,13
687861467,1,2,2,3,2,1,1,12
1024914927,0,2,0,0,0,1,0,3
1019416952,0,2,2,1,1,2,2,10
1008803512,0,2,2,1,1,2,1,9
1009364287,0,2,1,1,1,1,1,7
987634897,0,2,2,2,2,1,3,12
999970795,0,2,0,1,1,1,0,5
1020676795,0,0,0,0,0,0,0,0
1041051088,0,1,0,1,1,2,0,5
1019553943,3,2,3,2,2,2,3,17
1043570336,0,2,3,1,1,1,1,9
926966662,3,3,2,2,2,2,3,17
11895157,0,0,0,0,0,0,0,0
1033966733,0,2,2,1,1,1,1,8
1005323142,0,0,0,0,0,0,0,0
600739641,3,3,3,3,2,2,3,19
1027030936,3,3,1,1,1,2,1,12
987243185,0,2,0,1,1,2,1,7
641881124,0,2,2,1,1,2,0,8
963912654,0,1,0,0,1,2,0,4
829393971,0,1,0,0,2,1,0,4
880475028,0,1,2,1,2,1,1,8
900922526,0,0,0,0,0,0,0,0
888301586,0,1,0,1,1,2,0,5
1066313109,3,3,3,2,1,2,3,17
120807173,0,0,0,0,0,0,0,0
537079541,0,2,0,1,1,2,1,7
1056538787,0,1,0,2,0,0,0,3
1056429873,1,2,2,2,1,2,3,13
976472325,0,1,1,0,0,1,0,3
406453029,3,2,1,2,2,1,1,12
1040776021,3,3,3,3,2,2,1,17
946938633,0,2,3,1,1,2,1,10
739072891,0,2,0,0,1,1,0,4
988457308,0,2,1,1,1,1,1,7
103418583,0,0,0,0,0,0,0,0
195272781,0,0,0,0,0,0,0,0
443481863,0,2,1,1,1,1,1,7
811941018,0,2,1,1,0,1,1,6
1013775391,0,1,0,1,1,2,1,6
867809661,0,0,0,0,0,0,0,0
979173321,0,2,2,1,1,2,1,9
973737704,0,2,0,1,0,2,1,6
969328986,0,1,0,1,1,2,0,5
1052204168,0,2,2,1,1,1,3,10
98425046,0,0,0,0,0,0,0,0
1040450374,0,2,1,2,2,1,1,9
814363032,0,0,0,0,0,0,0,0
986731487,0,2,0,0,0,1,0,3
1009442366,0,2,0,1,1,2,1,7
1020225875,0,2,1,1,1,1,1,7
1004724896,0,2,1,0,1,1,0,5
900933249,0,1,0,0,0,1,0,2
750614221,0,0,0,0,0,0,0,0
1021004749,0,2,2,1,1,1,0,7
1050093563,3,3,3,2,1,2,1,15
1040707693,0,1,1,1,1,1,1,6
1045600053,0,2,2,1,1,1,1,8
1077742688,3,2,3,1,2,2,1,14
1070347012,0,0,0,0,0,0,0,0
1044715764,0,2,0,1,1,2,1,7
10370162,0,0,0,0,0,0,0,0
10370101,0,0,0,0,0,0,0,0
170093179,0,1,0,0,1,1,0,3
1016520311,2,3,3,1,1,2,2,14
1004726172,0,0,0,0,0,0,0,0
1000609357,0,2,2,1,1,1,0,7
1000809087,0,2,2,1,1,1,1,8
1000368047,0,2,1,0,1,1,0,5
996668469,2,1,2,1,1,2,2,11
993795218,0,1,0,0,1,1,0,3
993165081,0,2,1,1,1,1,1,7
992342294,0,2,3,1,1,2,1,10
990398625,0,2,0,1,1,2,1,7
989624093,1,2,2,1,1,2,1,10
988583194,1,2,2,1,1,2,1,10
1059236768,2,2,2,1,2,2,3,14
467536553,0,2,1,0,1,1,0,5
391386137,3,3,3,3,2,2,3,19
1056749747,3,3,3,3,3,1,3,19
959081739,3,3,3,3,3,2,3,20
182036911,3,2,0,2,2,2,1,12
1040629128,0,0,0,0,0,0,0,0
1009593717,0,1,1,0,1,1,0,4
967681072,0,1,1,0,1,1,0,4
1044957073,0,0,0,0,0,0,0,0
1040611918,0,1,0,1,1,2,2,7
847375327,0,0,0,0,0,0,0,0
322561783,0,1,2,1,0,1,0,5
946374202,3,3,3,3,3,2,3,20
462984386,3,3,3,3,3,2,3,20
523933985,3,2,3,1,3,2,3,17
479297913,3,3,2,2,3,2,3,18
1079339943,0,0,0,0,0,0,0,0
660061216,0,2,3,1,1,1,3,11
786563658,0,2,3,1,1,1,3,11
998068807,3,2,1,0,1,2,0,9
971027879,0,2,1,3,1,1,1,9
964184399,0,1,0,1,1,1,1,5
1045763096,2,2,3,1,1,1,1,11
801836009,0,3,1,3,1,1,1,10
946631838,3,2,3,3,3,2,3,19
1054021246,0,2,2,1,1,1,1,8
1013484857,0,2,1,0,0,1,0,4
1003880466,0,2,1,1,1,1,1,7
970643403,0,0,0,0,0,0,0,0
998216727,3,3,3,3,2,3,3,20
994037344,3,3,3,3,2,3,3,20
939397898,2,2,3,2,2,2,1,14
77278452,3,3,3,2,3,2,3,19
419548731,3,3,3,3,2,1,3,18
362432136,3,3,3,3,3,2,3,20
560723955,0,2,2,2,2,1,3,12
583812048,3,3,3,3,3,2,3,20
940562761,0,0,0,0,0,0,0,0
1069339108,0,2,3,1,2,2,3,13
1078800246,0,2,2,1,1,1,3,10
143598424,0,0,0,0,0,0,0,0
690594415,0,2,2,1,1,1,1,8
97643384,0,0,0,0,0,0,0,0
847915138,3,3,3,3,2,2,3,19
13061701,0,0,0,0,0,0,0,0
726415419,0,1,0,1,1,2,2,7
780165417,0,1,1,1,1,1,1,6
1055519306,0,0,0,0,0,0,0,0
1047038351,3,3,3,2,2,1,3,17
1054388569,0,0,0,0,0,0,0,0
1020248959,0,1,1,0,1,1,0,4
674496251,1,2,3,1,2,2,1,12
990665836,3,3,2,3,1,2,1,15
972601725,0,1,0,0,1,2,0,4
102291462,0,0,0,0,0,0,0,0
983314271,0,1,0,1,1,1,1,5
1079953997,3,2,2,1,1,2,1,12
1068100449,0,0,0,0,0,0,0,0
1045636578,0,2,1,1,1,1,1,7
1066573838,0,2,3,1,1,2,1,10
1078969982,0,2,1,0,1,1,0,5
466827566,0,3,2,3,2,1,1,12
461498122,0,3,2,3,2,1,3,14
460833907,0,3,2,3,2,1,3,14
1073202156,0,0,0,0,0,0,0,0
1074113549,0,2,1,0,1,1,0,5
941839047,0,0,0,0,0,0,0,0
871689858,0,2,0,1,1,1,1,6
1056833099,0,2,2,1,1,1,1,8
843104416,0,2,1,0,1,1,0,5
1044779381,0,2,2,1,1,1,0,7
1018769587,0,0,0,0,0,0,0,0
944033717,0,0,0,0,0,0,0,0
1034195545,0,2,0,1,1,1,1,6
1033821741,1,2,1,0,1,2,0,7
996306547,0,0,0,0,0,0,0,0
796831829,3,3,3,3,3,2,3,20
1009706095,0,2,1,1,1,1,1,7
632735776,3,3,3,3,2,2,3,19
955299492,0,0,0,0,0,0,0,0
30249426,0,0,0,0,0,0,0,0
915644871,0,2,3,1,1,2,3,12
928953386,0,2,2,2,3,1,3,13
970735376,2,2,3,3,2,1,3,16
907792148,2,2,3,2,2,1,3,15
908234521,0,2,2,1,1,1,3,10
1051693246,0,2,3,1,2,1,3,12
1025452462,3,2,3,2,2,2,3,17
1009847361,3,3,3,3,3,2,3,20
315081428,0,0,0,0,0,0,0,0
517093464,3,3,3,3,3,2,3,20
1048709972,0,0,0,0,0,0,0,0
1013747124,0,1,0,0,0,1,0,2
971545756,3,3,3,3,3,2,3,20
741161286,2,2,2,3,2,2,1,14
1072649137,0,1,0,1,1,1,1,5
1061752781,3,3,3,3,3,2,3,20
1052379821,0,2,0,1,1,2,1,7
700859518,0,1,0,1,1,2,1,6
736499978,0,2,3,1,1,1,3,11
549964195,0,2,3,1,2,2,1,11
497443778,0,2,3,1,1,1,1,9
897542008,0,1,0,1,1,2,0,5
941923646,0,2,2,1,1,1,3,10
736709866,0,2,3,1,1,1,1,9
699368386,0,2,0,0,1,1,0,4
979950976,0,1,0,0,0,1,0,2
1034149526,0,2,0,1,0,1,1,5
1026869259,0,1,0,1,1,2,1,6
1004886004,3,3,1,1,1,2,1,12
760737208,3,3,3,3,3,1,3,19
904451746,0,2,1,1,1,1,1,7
1003193363,0,1,0,1,0,1,1,4
950257802,0,2,0,1,1,2,1,7
604320746,0,2,2,1,1,1,3,10
580575379,0,2,2,1,1,2,1,9
1060180376,0,1,0,1,1,2,0,5
1006815478,0,0,0,0,0,0,0,0
363278735,0,2,0,1,1,1,0,5
634064078,0,1,0,0,1,1,0,3
664831417,0,2,1,0,1,2,0,6
988720966,0,2,0,0,1,1,0,4
96898945,0,0,0,0,0,0,0,0
960786196,3,3,3,3,2,3,3,20
974123786,0,2,1,1,2,1,1,8
688784244,2,2,2,3,2,1,3,15
785191351,0,0,0,0,0,0,0,0
1045159042,2,3,1,1,2,2,1,12
771560027,2,3,3,3,2,2,3,18
1071983456,0,1,0,1,1,1,1,5
775512102,3,3,3,3,2,2,3,19
374216052,3,3,3,3,2,2,3,19
137097465,0,2,2,1,1,2,3,11
743088396,0,2,2,1,1,1,3,10
988321792,2,3,2,1,2,2,3,15
1053865268,0,1,0,1,1,2,1,6
1080376242,0,0,0,0,0,0,0,0
1057009762,0,0,0,0,0,0,0,0
417791346,0,0,0,0,0,0,0,0
1018323621,0,1,1,0,1,1,0,4
490231345,0,2,0,0,1,1,0,4
510186917,0,0,0,0,0,0,0,0
983662987,0,2,0,0,2,1,0,5
971424952,1,2,2,1,1,2,3,12
953937364,1,3,2,1,2,2,1,12
898131688,1,2,0,1,2,1,1,8
967684242,0,2,2,1,1,2,3,11
907540945,3,2,2,1,2,2,3,15
103648722,0,0,0,0,0,0,0,0
1029946685,0,2,1,3,1,1,1,9
1033121045,0,2,0,0,0,1,0,3
872774351,3,3,2,3,2,2,3,18
964001941,3,3,2,3,2,2,3,18
1043732527,0,2,1,0,1,1,0,5
150089439,3,3,3,1,2,2,3,17
330333818,3,3,2,2,2,2,3,17
785535738,3,3,3,3,2,2,3,19
636113379,0,2,3,1,3,1,1,11
176237867,0,0,0,0,0,0,0,0
736822316,3,3,2,3,2,2,3,18
476552856,0,1,1,1,1,1,1,6
1050071658,3,2,3,3,3,2,3,19
887172546,3,3,3,3,3,2,3,20
130542265,3,3,3,3,3,2,3,20
695422391,3,2,2,3,3,2,1,16
364581488,3,2,2,3,3,2,1,16
553143922,3,3,2,3,2,2,3,18
225880892,3,3,3,3,3,2,3,20
727389904,3,3,2,3,2,2,3,18
817848279,3,3,3,3,3,2,3,20
264323512,3,3,3,3,3,2,3,20
957401265,0,2,2,1,2,1,3,11
1049598057,0,2,0,1,2,1,0,6
1027366437,0,1,2,1,2,1,0,7
1034965098,0,1,2,1,1,2,0,7
992024944,0,2,0,1,1,2,1,7
915028617,0,2,1,1,2,1,1,8
911214177,0,0,0,0,0,0,0,0
1053305969,1,2,0,1,2,1,0,7
1050373992,0,2,0,1,1,2,2,8
961986183,0,2,0,1,1,2,0,6
988495067,0,1,0,0,1,1,0,3
335991056,3,3,3,3,2,2,3,19
665610375,3,3,3,3,3,2,3,20
119821977,0,0,0,0,0,0,0,0
933563272,2,2,3,1,1,1,3,13
1013402384,0,2,2,3,1,2,3,13
874757212,2,2,3,1,1,2,3,14
929136497,1,2,2,1,2,1,1,10
1081256155,0,0,0,0,0,0,0,0
1080865059,0,0,0,0,0,0,0,0
1009318825,0,1,0,1,1,1,0,4
1080516133,0,2,0,0,0,1,0,3
1047455755,0,2,2,1,1,2,3,11
1052497523,0,1,0,1,1,2,0,5
1080196245,0,0,0,0,0,0,0,0
1079882345,0,0,0,0,0,0,0,0
1079696114,0,2,0,0,0,1,0,3
919906715,0,2,1,1,1,1,1,7
1064772516,0,2,0,1,1,1,1,6
762589303,0,1,0,1,1,2,0,5
934690397,0,1,1,1,1,1,0,5
1005046726,0,2,1,1,1,2,1,8
100987045,0,0,0,0,0,0,0,0
980739954,3,2,2,3,2,2,3,17
922470123,0,2,0,0,0,1,0,3
501838094,0,0,0,0,0,0,0,0
391103699,0,2,0,1,1,2,1,7
401367372,0,2,2,1,1,1,1,8
937052616,0,0,0,0,0,0,0,0
1023079788,3,3,2,3,3,2,1,17
1045075844,0,0,0,0,0,0,0,0
985012775,1,2,2,1,1,2,1,10
1081579176,0,1,0,0,1,1,0,3
1047996436,0,2,0,1,1,2,2,8
1074361254,0,0,0,0,0,0,0,0
978444741,3,2,3,3,2,2,3,18
917146396,0,2,0,0,0,1,0,3
1074800938,0,0,0,0,0,0,0,0
1043497789,0,0,0,0,0,0,0,0
1023544567,0,2,2,1,1,1,3,10
847480289,2,2,0,3,2,1,1,11
713198389,3,3,3,3,3,1,3,19
1080711726,0,0,0,0,0,0,0,0
1080584103,0,2,2,0,1,1,0,6
1034453251,0,2,2,1,1,1,1,8
1050112914,0,0,0,0,0,0,0,0
883199785,3,3,3,3,3,1,3,19
1079353229,0,2,1,0,1,1,0,5
1056661889,0,0,0,0,0,0,0,0
1068520353,0,0,0,0,0,0,0,0
1066760747,0,0,0,0,0,0,0,0
875551565,0,1,0,1,1,2,0,5
1047799937,3,3,3,3,3,3,3,21
1036094354,0,0,0,0,0,0,0,0
339374129,3,3,3,3,3,2,3,20
895771294,1,2,2,3,1,2,1,12
679228212,3,2,3,1,1,2,3,15
910804074,3,2,3,3,2,2,1,16
735185314,0,2,2,1,2,2,3,12
559715871,3,3,3,3,3,2,3,20
838231539,3,2,3,3,2,2,1,16
177224273,0,0,0,0,0,0,0,0
1003314971,3,2,0,3,3,2,0,13
1021738242,0,2,2,1,2,1,3,11
87829696,3,3,3,2,3,2,3,19
989569831,0,3,3,1,2,3,3,15
969864589,0,2,3,1,1,2,3,12
828120849,3,2,3,3,2,2,3,18
990457906,3,2,0,1,2,2,1,11
101758327,0,0,0,0,0,0,0,0
959308107,0,0,0,0,0,0,0,0
988073022,0,0,0,0,0,0,0,0
741395541,0,0,0,0,0,0,0,0
250669876,0,0,0,0,0,0,0,0
181407056,0,0,0,0,0,0,0,0
1052324851,0,0,0,0,0,0,0,0
1050115055,0,0,0,0,0,0,0,0
1030547045,0,0,0,0,0,0,0,0
1048681931,0,2,1,1,1,1,1,7
834677222,1,2,0,0,1,1,0,5
779821918,1,1,0,1,2,2,1,8
1007657697,0,3,2,1,1,1,3,11
604877729,0,2,3,1,1,1,3,11
679778503,3,2,0,0,2,2,0,9
948205384,0,1,0,0,2,2,0,5
948205965,0,1,0,0,2,2,0,5
947440081,2,1,0,0,2,2,0,7
989150208,3,3,0,0,3,2,0,11
933905246,2,2,2,1,1,2,3,13
882470479,0,1,0,0,1,1,0,3
651265417,0,1,0,0,1,1,0,3
1009900022,0,0,0,0,0,0,0,0
835989103,0,0,0,0,0,0,0,0
557908441,0,2,2,1,1,1,0,7
535268171,3,3,3,3,3,2,3,20
1046966832,3,3,0,2,3,1,1,13
658687782,0,0,0,0,0,0,0,0
1054571334,0,1,0,2,2,2,0,7
937824812,2,2,2,2,3,2,3,16
1038052997,0,0,0,0,0,0,0,0
902366628,3,3,2,3,1,1,3,16
1038843651,3,3,2,2,1,1,3,15
104810953,0,0,0,0,0,0,0,0
843205405,0,0,0,0,0,0,0,0
870965243,0,2,1,1,2,1,1,8
89421243,0,0,0,0,0,0,0,0
813628525,0,2,3,1,1,1,3,11
807674099,0,2,1,1,2,1,1,8
916004422,0,2,1,1,1,1,0,6
814103299,3,3,3,3,3,2,3,20
1069013144,0,2,2,1,1,1,1,8
863836732,3,3,2,3,2,2,3,18
1035153007,3,3,3,3,3,2,3,20
942077048,0,2,0,1,1,1,1,6
530304797,3,3,2,3,2,2,1,16
648802333,0,2,0,1,1,2,1,7
718885401,3,3,3,3,3,2,3,20
768412273,1,3,0,1,2,2,1,10
521630624,3,3,3,2,2,2,1,16
529749544,3,3,2,3,2,2,1,16
524442258,0,2,1,3,1,2,1,10
963606014,3,3,2,3,2,2,3,18
962241025,0,2,1,1,1,1,1,7
894142945,3,2,3,1,3,2,1,15
930676488,1,2,0,1,2,2,1,9
813192803,3,2,3,3,1,2,3,17
1061220238,0,0,0,0,0,0,0,0
1077153934,0,1,0,0,1,1,0,3
1055815219,0,0,0,0,0,0,0,0
13382184,3,2,3,1,2,2,3,16
1066611741,1,2,2,1,1,2,3,12
749896547,3,3,3,3,3,1,3,19
968591915,0,2,1,1,1,1,1,7
1073335188,0,1,2,1,1,1,0,6
1069167764,0,2,0,1,1,2,2,8
992402205,0,0,0,0,0,0,0,0
380087404,1,3,1,1,2,1,1,10
112606466,0,0,0,0,0,0,0,0
1073634828,0,0,0,0,0,0,0,0
224934511,0,0,0,0,0,0,0,0
139427015,0,0,0,0,0,0,0,0
287902355,0,2,2,3,1,1,1,10
142653315,0,0,0,0,0,0,0,0
170067332,0,0,0,0,0,0,0,0
107020719,0,0,0,0,0,0,0,0
1079293755,0,1,0,0,1,2,0,4
1072525465,1,2,0,1,1,2,1,8
1079380076,0,1,2,1,1,2,0,7
1063062916,0,2,3,1,1,2,3,12
1061752369,0,2,3,1,1,2,3,12
1057848691,1,2,2,1,1,1,3,11
1070350116,0,2,3,1,1,2,3,12
1068069451,0,2,3,1,1,2,3,12
597883145,3,3,3,3,3,2,3,20
730246922,2,2,0,1,3,2,1,11
812244435,2,2,2,1,3,2,3,15
706282084,2,2,3,3,3,2,1,16
532322698,3,3,3,3,3,2,3,20
510191754,3,3,3,3,3,2,3,20
474920971,3,2,2,1,2,2,3,15
404802357,2,2,2,1,2,2,2,13
600712163,3,3,3,2,3,2,3,19
84679498,0,0,0,0,0,0,0,0
539974152,2,2,3,1,2,2,1,13
1004519585,0,2,0,1,1,1,1,6
1003713671,0,2,0,0,0,1,0,3
1005115077,0,1,0,0,0,1,0,2
1005012089,0,2,0,1,0,1,1,5
1002275003,0,1,0,1,1,2,2,7
988973813,0,2,2,1,1,1,1,8
866799228,0,0,0,0,0,0,0,0
822556684,0,0,0,0,0,0,0,0
1045006076,1,2,2,2,1,2,1,11
1040765856,3,3,0,2,1,2,1,12
1040848493,0,2,2,1,1,1,1,8
1039860194,0,1,2,1,1,1,0,6
1038292347,0,1,0,1,1,1,1,5
996311959,0,2,1,0,1,1,0,5
993159549,3,2,3,1,2,2,3,16
1030286282,2,1,0,0,2,2,0,7
411801977,0,1,0,0,2,1,0,4
92761798,0,0,0,0,0,0,0,0
335517266,3,3,0,1,2,2,2,13
285951068,2,2,0,3,1,1,1,10
1076846577,0,2,2,1,1,2,1,9
1076605586,0,2,0,1,1,2,1,7
1074617602,0,2,0,1,1,2,0,6
1075029905,3,2,0,1,1,2,1,10
1071977357,0,1,0,0,1,1,0,3
1068072112,0,0,0,0,0,0,0,0
1072904924,0,2,0,1,1,2,0,6
498276299,0,2,0,1,1,2,0,6
992204176,0,2,2,1,1,1,1,8
907965356,0,1,1,0,1,2,0,5
780556597,0,1,0,0,0,1,0,2
722209128,3,3,3,3,3,1,3,19
137673023,0,0,0,0,0,0,0,0
1081401254,0,0,0,0,0,0,0,0
1081926638,0,2,3,1,1,2,1,10
1081904642,0,0,0,0,0,0,0,0
930442402,0,0,0,0,0,0,0,0
1078737335,0,1,0,1,1,2,0,5
1077576395,0,2,1,1,1,2,1,8
1064901363,0,0,0,0,0,0,0,0
1080835953,3,2,1,1,1,2,2,12
1079841037,0,2,0,1,1,1,1,6
1049966203,0,0,0,0,0,0,0,0
84588982,0,2,3,3,3,1,3,15
886173585,0,0,0,0,0,0,0,0
617554569,0,2,2,1,2,2,3,12
631470393,0,2,2,1,2,2,3,12
572316149,0,2,2,1,2,2,3,12
865060655,3,3,3,3,3,2,3,20
1051915559,3,3,3,3,2,2,3,19
1047721427,3,2,2,3,2,2,1,15
1027243108,3,2,3,3,2,2,3,18
1002461518,0,1,0,1,1,2,2,7
990351982,0,2,0,1,1,1,1,6
953582313,3,3,3,3,3,2,3,20
639449766,0,0,0,0,0,0,0,0
642770892,2,2,0,0,1,1,0,6
631730881,0,1,0,1,1,1,1,5
1051509485,0,2,0,0,0,1,0,3
1052548992,0,0,0,0,0,0,0,0
1027208782,3,2,2,3,1,0,3,14
1007975467,2,2,2,3,2,2,1,14
520730432,3,3,3,3,3,2,3,20
971540884,3,2,1,3,1,2,1,13
957424382,0,0,0,0,0,0,0,0
1051137704,3,2,3,1,2,2,1,14
1080490905,0,0,0,0,0,0,0,0
1077135878,0,2,2,3,1,1,3,12
1041163859,3,2,2,1,1,2,2,13
1010861272,0,2,0,0,2,1,0,5
950574253,3,3,2,2,3,2,3,18
886378671,3,2,3,3,2,1,3,17
944596846,3,3,3,3,2,2,3,19
917998894,0,2,1,1,1,1,1,7
932802007,3,2,0,3,2,2,1,13
844168042,2,3,1,1,2,2,1,12
783569087,0,2,0,1,2,1,1,7
892705066,0,2,2,1,1,2,3,11
798113908,3,3,2,1,2,2,1,14
1011965561,3,2,3,3,3,2,3,19
1059926259,0,0,0,0,0,0,0,0
763865083,3,3,3,3,3,2,3,20
961374859,3,3,3,3,2,1,1,16
946621928,0,2,0,2,2,1,0,7
966076979,3,3,2,3,2,2,3,18
959321997,3,3,2,3,2,2,1,16
959195064,3,3,2,3,2,2,1,16
1005910785,0,2,1,1,1,1,1,7
1080701763,3,3,3,3,2,2,3,19
1079550672,3,3,3,1,2,2,3,17
1074628727,0,2,0,0,0,1,0,3
1057427554,3,3,3,3,3,2,3,20
1054146678,0,2,3,2,1,1,3,12
960876808,0,2,3,3,1,1,3,13
489332209,0,2,3,1,1,1,3,11
167347915,3,2,2,1,2,1,3,14
979125689,0,2,0,1,2,1,1,7
19957191,0,0,0,0,0,0,0,0
756899565,0,2,1,1,1,1,1,7
960035724,1,2,2,3,2,1,3,14
568536213,0,2,2,1,1,1,0,7
356572536,0,2,2,1,2,1,3,11
881010481,0,2,2,1,1,2,1,9
538004344,3,3,2,2,1,1,3,15
793738804,0,0,0,0,0,0,0,0
726205049,3,3,3,3,1,2,3,18
984390631,3,2,2,3,2,1,3,16
843210443,0,2,2,1,2,1,1,9
1014717467,0,1,0,0,2,1,0,4
511513493,0,1,0,0,0,1,0,2
373858024,0,2,2,3,2,1,3,13
1020556333,0,0,0,0,0,0,0,0
664006805,0,1,2,1,1,1,1,7
407019601,0,2,1,1,1,1,1,7
467473388,0,2,0,1,1,2,0,6
842923623,1,3,3,3,2,2,3,17
1043489107,3,3,3,3,3,2,3,20
872243329,3,2,2,2,2,2,3,16
1050031691,3,3,3,3,2,2,3,19
1065016126,2,2,2,1,2,2,3,14
408375017,3,3,2,3,2,2,3,18
1047412409,0,3,2,1,2,1,3,12
1023061617,0,0,0,0,0,0,0,0
1046880071,0,2,1,1,1,1,1,7
952929648,0,1,0,1,1,2,0,5
949217944,3,3,2,1,3,1,3,16
945453649,0,2,2,1,1,2,3,11
1078036146,0,0,0,0,0,0,0,0
1079170434,0,1,2,1,1,2,1,8
1042647963,0,3,2,1,1,1,3,11
1064647184,0,0,0,0,0,0,0,0
104,0,2,2,1,1,2,3,11
970575173,0,2,2,2,1,1,3,11
900623121,2,3,2,3,2,2,2,16
952318388,3,3,2,3,2,2,3,18
843179776,0,3,2,1,1,2,3,12
880321552,1,2,2,1,1,2,3,12
1039056451,0,0,0,0,0,0,0,0
93502309,0,0,0,0,0,0,0,0
919401803,0,2,1,1,1,1,1,7
1053816082,0,0,0,0,0,0,0,0
1003537162,0,0,0,0,0,0,0,0
1054400829,1,1,2,1,2,2,0,9
979456633,3,3,0,1,1,2,1,11
642959008,3,3,3,3,3,2,3,20
197620674,3,3,1,2,3,1,1,14
497748263,0,1,1,1,1,1,1,6
946520342,3,3,2,1,2,2,3,16
1064851343,2,3,2,1,2,1,1,12
1056843687,0,1,0,1,1,2,2,7
281956054,0,0,0,0,0,0,0,0
102747706,0,0,0,0,0,0,0,0
1018711803,1,3,1,3,2,2,1,13
782729373,1,2,1,2,2,2,1,11
960033372,0,0,0,0,0,0,0,0
1024610797,0,2,0,2,2,1,0,7
753683565,0,3,3,1,1,1,3,12
992314653,0,0,0,0,0,0,0,0
851574331,0,0,0,0,0,0,0,0
1065588272,3,2,2,1,1,2,3,14
945038425,0,0,0,0,0,0,0,0
960963521,0,0,0,0,0,0,0,0
854494385,0,0,0,0,0,0,0,0
962369699,0,2,0,1,1,1,1,6
1051540016,0,2,2,1,1,1,3,10
1051729358,0,2,2,1,1,1,3,10
1073531859,0,2,1,0,1,1,0,5
1064741883,0,0,0,0,0,0,0,0
102904075,0,0,0,0,0,0,0,0
1041926368,1,2,0,1,1,2,1,8
609230073,3,3,3,3,3,2,3,20
1041565657,0,0,0,0,0,0,0,0
1023087463,0,0,0,0,0,0,0,0
341661607,1,2,0,1,1,2,0,7
533287993,0,1,0,1,1,1,1,5
357792483,1,2,1,1,1,2,0,8
739709602,3,2,3,2,2,2,1,15
744422894,0,2,0,1,1,2,2,8
74442478,0,0,0,0,0,0,0,0
412953073,0,0,0,0,0,0,0,0
880927601,0,2,0,0,1,1,0,4
805352374,0,2,2,1,1,1,1,8
854306056,0,1,0,0,1,1,0,3
692684053,0,2,1,0,0,1,0,4
593047164,0,0,0,0,0,0,0,0
1052524243,0,1,1,2,1,1,0,6
890597911,0,3,2,1,2,1,3,12
1057444664,1,2,1,1,2,2,1,10
649932368,2,2,0,1,1,2,0,8
409122312,0,2,1,1,1,2,2,9
493395463,0,0,0,0,0,0,0,0
1074484379,0,2,0,0,1,1,0,4
1074375938,0,2,1,1,1,1,1,7
1074393478,0,1,0,1,1,2,0,5
982125797,0,2,1,1,1,1,1,7
41041696,0,0,0,0,0,0,0,0
846570133,0,2,0,1,1,1,1,6
787961614,0,0,0,0,0,0,0,0
1043071735,1,2,3,3,2,1,1,13
543132788,0,1,2,1,1,2,0,7
423345929,3,3,2,1,2,2,2,15
245744567,0,0,0,0,0,0,0,0
840445361,0,1,3,1,1,2,3,11
788051441,0,2,0,0,0,1,0,3
815852455,0,1,0,1,1,2,1,6
453326164,0,2,2,1,1,1,3,10
384754265,0,0,0,0,0,0,0,0
187567781,0,0,0,0,0,0,0,0
1048972741,0,2,1,1,1,1,1,7
479125308,0,2,0,1,2,2,1,8
492568129,2,3,2,3,1,2,1,14
1006942397,3,3,2,2,3,2,1,16
709168485,0,2,3,3,1,1,1,11
907980116,0,2,3,2,2,2,0,11
711030818,3,2,3,1,1,2,1,13
880872626,0,0,0,0,0,0,0,0
62365748,0,0,0,0,0,0,0,0
1046127925,0,0,0,0,0,0,0,0
1043362349,0,2,1,1,1,1,1,7
964451025,3,2,2,1,1,2,3,14
1077509184,3,3,3,3,3,2,3,20
1079337509,0,2,3,3,1,2,1,12
1073017431,0,2,2,1,1,1,3,10
1078204513,0,1,0,1,1,2,0,5
1077352723,0,2,0,0,0,1,0,3
1048971879,0,1,0,1,1,2,0,5
1054564473,0,0,0,0,0,0,0,0
1046363052,0,2,1,1,1,1,1,7
764450984,0,2,3,2,1,1,3,12
642591906,0,2,1,0,2,1,0,6
632527851,0,2,2,1,1,1,3,10
492253553,0,2,2,1,1,1,3,10
50029544,3,3,3,3,3,2,3,20
871272562,0,2,2,1,1,2,3,11
471251684,0,1,0,1,1,2,0,5
79853842,0,0,0,0,0,0,0,0
995375327,3,3,2,3,2,2,3,18
1022788153,3,3,2,2,2,2,3,17
790868437,3,2,2,1,2,2,3,15
366068648,3,3,3,3,3,2,3,20
329012598,3,3,3,3,3,2,3,20
479023203,1,2,3,1,2,1,1,11
684159483,0,2,2,1,1,2,3,11
274073541,0,2,2,1,1,2,3,11
459577066,3,3,2,3,2,2,3,18
883403009,3,2,3,1,2,1,3,15
862497694,0,0,0,0,0,0,0,0
957495213,0,1,0,1,1,2,0,5
929690172,3,3,2,2,1,1,3,15
691495622,3,3,2,2,1,1,1,13
868103423,0,2,2,1,1,1,3,10
766076954,3,3,2,2,1,1,1,13
875599129,3,3,2,2,1,1,1,13
908033455,3,3,2,2,1,1,1,13
945677302,3,3,2,2,2,1,1,14
923379798,0,1,0,1,1,1,0,4
1070978581,3,2,3,1,1,2,3,15
1054549186,0,1,0,1,1,2,0,5
1060297095,0,2,2,1,1,2,1,9
1047858688,0,2,1,0,0,1,0,4
1054425622,3,2,3,3,2,2,3,18
1081865003,3,3,2,2,2,2,1,15
1081201102,0,0,0,0,0,0,0,0
1055750463,0,0,0,0,0,0,0,0
1078799266,3,3,3,3,3,2,3,20
971443633,3,3,3,3,3,2,3,20
1056018853,0,2,0,1,0,1,1,5
1054481344,0,2,1,1,1,1,1,7
133126203,0,0,0,0,0,0,0,0
1079759552,0,0,0,0,0,0,0,0
1074173769,0,2,0,0,0,1,0,3
1033905281,3,3,3,3,2,2,3,19
1070881648,2,2,1,3,1,1,1,11
1011165566,3,3,3,1,2,2,3,17
1048769391,0,2,0,0,0,1,0,3
1049523436,0,2,0,1,1,2,1,7
474799722,0,1,0,0,0,1,0,2
1048934398,0,2,0,0,0,1,0,3
724535759,0,2,0,1,0,1,0,4
322186024,3,2,3,1,2,2,3,16
843415729,3,3,3,3,3,2,3,20
672603439,3,2,2,1,2,2,3,15
964368188,0,2,1,0,1,1,0,5
1071204444,0,2,2,1,1,1,1,8
987671755,0,1,0,0,1,1,0,3
954583958,3,3,2,2,3,2,3,18
1063108663,0,2,3,3,2,1,3,14
1054903083,1,2,2,3,2,1,1,12
1058170332,0,2,3,3,2,1,3,14
700054737,0,2,1,1,0,1,1,6
918211618,3,3,3,3,3,2,3,20
864559011,0,3,2,1,3,2,3,14
860834387,0,2,2,1,3,1,3,12
860203942,0,3,2,1,3,2,3,14
960864564,0,2,2,1,1,1,3,10
1005431612,0,2,1,1,1,1,1,7
281812634,0,1,0,1,1,3,3,9
950496923,2,3,2,3,2,2,3,17
966371194,0,2,3,1,1,1,3,11
165817689,3,2,2,1,2,2,3,15
905578476,0,2,3,3,2,1,3,14
1034408186,0,0,0,0,0,0,0,0
941981966,0,2,0,0,0,1,0,3
874373776,3,3,3,3,2,2,3,19
721967129,3,3,3,3,3,1,3,19
1069386676,0,2,0,1,1,1,1,6
1059368194,0,1,0,1,1,2,0,5
1057969257,0,1,0,0,0,1,0,2
1056576184,3,3,3,2,2,1,3,17
1035315928,0,0,0,0,0,0,0,0
1050115858,3,3,2,3,2,1,1,15
1050102047,0,2,0,1,1,1,1,6
836059947,0,2,0,0,0,1,0,3
1042229959,0,2,0,0,0,1,0,3
718421812,0,2,1,0,1,1,0,5
164446823,0,0,0,0,0,0,0,0
1060218173,0,0,0,0,0,0,0,0
1061774828,0,0,0,0,0,0,0,0
1070928367,0,2,3,1,2,1,3,12
1062676717,0,0,0,0,0,0,0,0
103110096,0,0,0,0,0,0,0,0
1037444644,0,3,2,1,1,2,3,12
1058670274,0,1,0,1,1,1,0,4
1056848205,0,1,0,1,1,2,1,6
1056254412,3,3,1,1,2,2,1,13
1051102966,0,0,0,0,0,0,0,0
1041026557,0,0,0,0,0,0,0,0
1003966856,0,2,0,1,1,2,1,7
761000063,0,2,2,2,1,1,3,11
944167087,0,1,0,0,0,1,0,2
1048536721,3,2,3,1,1,2,2,14
1064841259,3,2,3,3,2,2,1,16
1063850317,0,2,1,1,1,2,1,8
1058477144,0,1,0,1,1,2,0,5
1062571818,0,2,0,1,1,2,0,6
104536726,0,0,0,0,0,0,0,0
1042410661,0,0,0,0,0,0,0,0
1044608461,0,2,0,1,0,1,1,5
1043965908,0,0,0,0,0,0,0,0
1038771786,2,2,2,3,2,1,3,15
1038726103,0,0,0,0,0,0,0,0
225634301,0,0,0,0,0,0,0,0
702403037,0,2,1,1,1,1,1,7
894190095,0,0,0,0,0,0,0,0
377785579,0,1,0,1,1,2,0,5
1004362188,3,2,3,1,2,2,3,16
901362437,0,2,1,0,1,1,0,5
875389667,3,3,3,3,3,2,3,20
904897054,0,2,0,1,1,1,1,6
1080473776,0,0,0,0,0,0,0,0
1043282317,0,0,0,0,0,0,0,0
1044365244,0,0,0,0,0,0,0,0
1046996671,2,1,0,1,1,1,1,7
1027110307,0,1,0,1,0,1,1,4
1067726398,3,3,2,2,1,2,1,14
1046027722,0,3,1,1,2,2,1,10
1015213472,1,3,2,3,2,2,1,14
1008945068,1,2,2,3,2,2,1,13
951968452,3,3,3,3,2,2,3,19
979564955,3,2,3,1,2,2,3,16
1062895892,0,2,1,0,1,1,0,5
940759088,0,3,1,1,1,2,1,9
1057971951,3,3,2,2,2,1,3,16
1017610914,0,0,0,0,0,0,0,0
603694028,0,2,0,1,1,1,1,6
89810253,0,0,0,0,0,0,0,0
1000337775,0,2,1,2,2,1,1,9
996502495,0,2,1,2,2,1,0,8
322341152,3,3,3,3,3,2,3,20
930030223,3,3,3,1,2,2,3,17
82963832,0,0,0,0,0,0,0,0
236106256,3,3,3,3,3,2,3,20
155245116,3,2,2,3,2,2,3,17
1019139643,3,3,1,1,1,2,1,12
960027697,3,3,1,2,1,1,1,12
993986229,1,3,2,1,2,2,1,12
934085892,3,2,3,1,1,2,1,13
803681583,1,3,1,3,2,2,1,13
1054040659,1,2,3,1,2,2,3,14
1063040053,3,3,3,3,3,2,3,20
1030128177,0,2,2,3,1,2,3,13
1077568401,0,0,0,0,0,0,0,0
1056253065,0,1,0,0,1,1,0,3
1047461515,0,2,2,1,2,1,1,9
1050792909,0,1,0,0,0,1,0,2
1048587166,0,2,2,1,1,1,1,8
1001594516,1,2,1,1,1,2,1,9
1042340702,3,3,3,3,3,2,3,20
1018882484,3,3,3,3,2,2,3,19
1013688296,3,2,3,3,1,2,1,15
988817715,3,2,3,1,2,2,1,14
977991006,0,2,1,1,1,1,1,7
760744949,0,0,0,0,0,1,0,1
996363501,0,2,0,0,1,1,0,4
1006935635,2,2,3,3,2,1,3,16
1046069879,0,2,1,0,1,1,0,5
983997111,0,2,3,2,1,1,3,12
1059583406,0,2,3,1,1,1,3,11
950591042,2,2,3,3,2,1,3,16
1007088897,0,2,3,3,1,2,3,14
1005458179,0,2,3,2,1,2,3,13
198443829,0,1,0,1,0,2,2,6
763710159,0,2,3,1,2,1,1,10
960968084,0,2,1,1,1,1,1,7
866673591,2,2,0,1,2,2,1,10
982936994,0,2,1,1,1,1,1,7
738200275,3,2,3,3,2,2,3,18
1954944,0,0,0,0,0,0,0,0
405490266,3,3,3,3,3,2,3,20
667227402,3,3,3,3,3,2,3,20
72949276,0,0,0,0,0,0,0,0
1037192474,0,2,2,1,1,2,3,11
1041925842,0,0,0,0,0,0,0,0
1028797731,0,1,0,1,1,2,2,7
1009535006,0,1,0,1,1,2,0,5
861144558,0,1,0,1,1,2,2,7
818041701,0,1,0,1,1,2,2,7
984572319,0,0,0,0,0,0,0,0
947911966,0,1,0,1,1,2,2,7
392518434,3,3,3,1,2,2,2,16
67649784,0,0,0,0,0,0,0,0
414675446,3,2,2,2,3,2,1,15
999895802,1,2,3,1,2,2,3,14
995035749,2,2,2,1,2,2,2,13
983387638,2,2,3,1,1,2,2,13
420910636,1,2,2,3,2,2,3,15
757804324,2,2,2,3,3,2,2,16
850357558,0,1,0,1,1,2,1,6
374769477,0,1,3,1,1,2,3,11
1001131248,0,0,0,0,0,0,0,0
540793655,0,0,0,0,0,0,0,0
955260254,0,1,0,1,1,2,2,7
1016402837,3,3,2,2,2,2,3,17
298169617,0,0,0,0,0,0,0,0
582213331,0,0,0,0,0,0,0,0
639476789,2,2,2,3,2,2,1,14
727318973,0,2,2,1,1,1,3,10
419749784,0,1,0,1,1,2,1,6
664098566,3,3,3,3,3,2,3,20
247827595,0,2,1,1,1,1,1,7
226707011,0,0,0,0,0,0,0,0
1078883097,2,2,2,2,2,2,3,15
1075299409,0,2,1,0,1,1,0,5
1071659581,3,3,3,2,1,2,1,15
1071369202,3,3,3,3,2,2,1,17
1064177171,1,2,3,1,1,2,1,11
1070895509,0,2,2,1,1,1,3,10
997022609,0,0,0,0,0,0,0,0
814185396,2,1,0,1,2,2,1,9
1018160572,3,3,3,3,3,2,3,20
894472487,0,2,1,3,2,1,1,10
947463513,3,3,3,3,3,2,3,20
615607823,3,3,2,1,1,2,2,14
408914506,1,2,2,1,1,1,3,11
133309224,0,0,0,0,0,0,0,0
457576763,0,2,3,1,1,1,3,11
204173001,0,0,0,0,0,0,0,0
783500878,0,2,0,1,1,1,1,6
875079856,0,2,2,2,3,2,1,12
652545243,0,0,0,0,0,0,0,0
666015747,0,2,1,0,1,1,0,5
1041105952,0,2,1,0,1,1,0,5
1026938758,0,2,0,1,1,1,1,6
1027805342,0,1,0,0,1,1,0,3
877909897,0,3,2,3,2,1,3,14
1005305276,0,2,0,1,0,1,0,4
697154456,0,1,0,0,0,1,0,2
944741927,0,2,1,0,1,1,0,5
944840509,0,3,0,1,1,2,1,8
967775461,0,2,1,1,1,1,1,7
564339444,0,2,2,3,1,2,1,11
623281355,0,2,2,3,2,2,1,12
778364668,3,3,3,3,2,2,3,19
870418237,3,3,3,3,2,2,3,19
953620606,0,2,2,1,1,2,2,10
846756467,3,3,3,3,3,2,3,20
965843109,2,2,2,1,2,2,3,14
990324138,2,2,3,1,1,2,3,14
966065744,2,2,3,1,2,2,3,15
991746692,1,2,1,1,1,1,1,8
991401437,3,3,2,3,2,2,1,16
1076514352,0,1,0,0,0,1,0,2
1076932847,0,0,0,0,0,0,0,0
1075017093,0,2,2,1,2,1,3,11
1073918133,0,2,2,1,1,1,1,8
1073137334,0,2,0,1,1,1,1,6
944951044,0,2,0,0,0,1,0,3
911518778,0,2,0,1,1,2,2,8
960965674,0,2,0,1,1,2,2,8
832375645,0,0,0,0,0,0,0,0
526428137,0,2,1,1,1,2,0,7
826862782,0,2,2,1,1,1,1,8
1052030922,0,2,0,1,1,1,0,5
1049160388,0,2,2,1,1,1,1,8
936626606,0,2,0,1,2,2,1,8
1052658276,0,2,1,1,1,1,1,7
564941843,3,2,3,3,2,2,3,18
1057499402,0,1,1,1,1,1,1,6
858793278,3,3,3,2,2,2,3,18
387495937,0,1,2,1,1,1,1,7
555690061,0,1,1,0,1,1,0,4
390209176,0,2,2,1,1,1,1,8
378847826,0,1,2,1,1,1,1,7
622613277,0,1,2,0,1,1,0,5
720370789,0,1,2,0,1,1,0,5
773923379,0,2,2,1,1,1,1,8
779564676,0,2,2,1,1,1,1,8
1079010646,0,2,0,0,0,1,0,3
1074135015,0,1,0,0,1,2,0,4
843691605,3,3,3,3,3,2,3,20
1065856075,0,2,2,2,1,1,3,11
1057765302,2,3,3,3,2,1,3,17
1061717137,0,0,0,0,0,0,0,0
1071148574,0,0,0,0,0,0,0,0
843174647,0,2,0,1,2,1,1,7
270939991,0,0,0,0,0,0,0,0
514625532,3,3,2,3,2,2,1,16
1078662157,0,0,0,0,0,0,0,0
1075130606,0,0,0,0,0,0,0,0
1071888846,3,3,3,1,3,2,3,18
1071610129,1,2,2,3,1,1,1,11
1058677963,0,1,0,0,2,1,0,4
1081449813,0,1,0,1,1,2,0,5
1059056908,0,2,0,0,0,1,0,3
985411197,0,1,0,0,1,1,0,3
804916403,0,2,2,1,1,1,1,8
616878287,0,2,1,1,1,1,1,7
996157778,0,2,3,1,1,1,3,11
985951502,0,2,0,3,1,1,1,8
341428409,3,2,1,2,2,1,0,11
992883392,0,0,0,0,0,0,0,0
562314685,0,0,0,0,0,0,0,0
987595514,0,1,0,0,1,1,0,3
389930143,2,3,2,1,2,1,1,12
494286285,3,3,3,3,2,2,3,19
10001052,0,2,1,1,1,2,1,8
81328872,0,0,0,0,0,0,0,0
312940827,3,3,3,3,2,2,3,19
701851397,1,2,2,1,2,1,1,10
176690547,3,2,2,3,2,2,3,17
896567655,1,2,2,3,2,2,3,15
186258601,0,0,0,0,0,0,0,0
964465138,3,2,0,1,2,2,0,10
1078231858,0,1,2,1,1,1,3,9
1076176588,0,1,0,0,0,1,0,2
10741065,0,0,0,0,0,0,0,0
989063169,3,3,2,3,2,2,3,18
10437476,0,0,0,0,0,0,0,0
1079489383,0,0,0,0,0,0,0,0
1062327378,0,2,0,0,0,1,0,3
1062433127,0,2,0,0,0,1,0,3
1002887045,0,2,1,3,1,1,1,9
1003770216,0,0,0,0,0,0,0,0
998108919,0,2,3,1,1,1,3,11
994049399,0,2,2,3,1,1,3,12
999731606,0,2,1,2,2,1,1,9
975339511,3,3,3,2,3,2,3,19
1076363904,0,2,0,1,1,1,1,6
1055294855,0,1,0,0,0,1,0,2
1048800874,0,0,0,0,0,0,0,0
1014921542,0,0,0,0,0,0,0,0
934359056,0,2,3,2,2,1,3,13
565533532,0,0,0,0,0,0,0,0
750405264,0,0,0,0,0,0,0,0
421052793,2,2,0,1,2,2,1,10
930236488,0,0,0,0,0,0,0,0
793131861,0,2,0,1,1,1,1,6
571882797,0,2,0,0,0,1,0,3
625338911,0,1,0,0,0,1,0,2
997461612,0,1,0,0,3,1,0,5
734642469,3,3,2,2,3,1,1,15
1030611113,3,2,3,3,2,2,3,18
113656128,0,0,0,0,0,0,0,0
1032169191,0,2,2,1,1,1,3,10
701165709,3,3,3,3,3,2,3,20
654648478,3,3,3,2,2,2,3,18
963267373,0,1,1,1,1,1,1,6
934776151,3,2,2,1,2,2,3,15
943841306,3,3,3,2,1,1,3,16
919929084,0,2,0,1,1,2,1,7
947119312,0,2,0,1,1,1,1,6
650513959,0,1,2,1,1,2,3,10
867087083,0,3,3,2,3,1,1,13
960536187,3,3,3,3,3,2,3,20
619178383,3,3,3,3,3,2,3,20
728119532,3,3,3,3,2,2,3,19
899853496,3,3,2,3,2,2,3,18
956772054,3,3,3,3,2,2,3,19
541885258,0,0,0,0,0,0,0,0
413187085,0,0,0,0,0,0,0,0
516567048,1,2,0,1,1,1,1,7
322907171,0,1,0,1,1,2,0,5
411742908,0,0,0,0,0,0,0,0
542740063,0,0,0,0,0,0,0,0
675913523,0,2,1,1,1,2,1,8
675440961,0,1,0,1,1,1,0,4
884343257,3,3,3,3,2,2,3,19
985905568,3,3,3,3,3,2,3,20
206806888,3,3,3,2,3,2,3,19
710163498,3,2,2,3,2,2,3,17
944884081,3,3,3,3,3,2,3,20
957455689,3,3,3,3,3,2,3,20
953792519,3,3,2,3,2,2,3,18
943639503,3,3,3,3,3,2,3,20
138532741,3,3,3,3,3,2,3,20
979746941,0,1,0,1,1,2,0,5
478723552,0,0,0,0,0,0,0,0
965763449,0,1,0,1,1,2,0,5
983735924,0,2,0,0,1,1,0,4
421672292,0,1,0,1,1,2,1,6
442532269,3,2,2,2,2,2,3,16
635540002,0,2,3,1,1,1,1,9
1067912744,0,2,2,1,1,2,1,9
1038231449,0,2,1,1,1,1,1,7
1037678957,0,0,0,0,0,0,0,0
1028056317,1,2,2,1,1,2,3,12
1032897311,0,0,0,0,0,0,0,0
1030761565,0,0,0,0,0,0,0,0
1029503326,3,2,3,1,1,2,1,13
1050557346,0,1,1,0,1,1,0,4
1064617373,0,2,0,1,2,1,3,9
441851148,0,1,0,1,1,1,1,5
765903162,2,2,2,1,2,2,3,14
872437616,0,1,0,0,0,1,0,2
1060980617,0,2,3,1,1,1,1,9
798174523,2,2,2,1,1,1,3,12
798144246,0,2,3,1,2,1,3,12
948708115,0,2,0,0,0,1,0,3
798090073,0,2,2,1,2,1,3,11
585804266,0,0,0,0,0,0,0,0
760484736,1,3,2,3,2,1,1,13
1031984393,3,3,3,3,3,2,3,20
1030058728,3,2,2,3,3,2,3,18
760408949,3,3,3,3,3,2,2,19
284037174,3,2,3,2,1,2,3,16
103953268,0,0,0,0,0,0,0,0
817772009,3,3,3,3,3,2,3,20
318161133,3,3,3,2,3,1,3,18
638138621,0,2,2,1,1,1,3,10
954257035,1,2,2,3,1,1,3,13
934322651,0,2,2,3,1,1,3,12
731861226,0,2,2,2,1,1,3,11
782824808,0,2,2,1,1,1,3,10
964782474,0,2,2,1,1,1,3,10
941128185,0,2,2,1,1,1,3,10
945827106,0,2,2,1,1,1,3,10
996535159,0,2,2,1,1,1,3,10
901471347,0,2,2,3,1,1,3,12
771329145,0,2,2,1,1,1,3,10
950590941,1,2,3,3,1,1,3,14
718160801,0,2,2,1,1,1,3,10
782664395,0,2,2,3,1,1,3,12
850252426,0,2,1,1,1,1,1,7
1070957773,1,3,1,3,3,2,1,14
1026943666,2,3,3,3,2,1,1,15
932765095,3,3,3,3,3,2,3,20
653724162,3,2,2,2,2,2,3,16
968008217,3,3,3,3,2,1,3,18
1075892362,0,0,0,0,0,0,0,0
1065981311,1,2,3,3,2,1,3,15
1043155418,3,3,3,3,3,2,2,19
1033670178,0,1,0,1,1,1,0,4
1004233347,0,2,0,1,1,1,1,6
807607782,0,2,0,0,1,1,0,4
364598047,3,3,3,1,2,2,3,17
964711779,3,3,2,3,2,2,3,18
897651884,3,3,3,3,2,2,3,19
172864418,0,0,0,0,0,0,0,0
1072274135,3,3,1,1,1,2,1,12
1075281513,0,0,0,0,0,0,0,0
953796616,0,2,3,1,1,1,3,11
1064608008,0,1,2,1,1,2,3,10
510502537,0,2,2,1,1,1,3,10
1037808035,3,2,3,1,2,2,1,14
986493146,0,2,1,2,1,2,1,9
955324488,0,2,0,2,1,1,1,7
1041249877,3,3,3,3,2,2,3,19
623322934,2,3,2,2,3,1,3,16
907856686,3,3,3,3,3,2,3,20
789213181,3,2,0,3,1,2,1,12
956845699,0,2,0,1,1,2,0,6
766271516,0,2,2,2,2,1,3,12
923813258,0,2,1,1,1,1,1,7
122748721,0,0,0,0,0,0,0,0
217872015,0,2,0,1,1,2,2,8
790709083,0,2,0,1,1,1,1,6
845449177,0,0,0,0,0,0,0,0
396124055,3,2,2,3,1,2,2,15
745267233,3,1,3,0,0,2,0,9
664453647,0,0,0,0,0,0,0,0
431161164,0,0,0,0,0,0,0,0
1011796705,1,3,2,3,2,2,1,14
1037898098,2,1,0,2,2,0,0,7
915850986,3,2,2,2,3,2,1,15
951949315,0,2,1,3,1,1,1,9
1073678016,0,0,0,0,0,0,0,0
1075379377,0,0,0,0,0,0,0,0
954532492,0,2,3,1,1,1,3,11
886211033,0,0,0,0,0,0,0,0
1041527851,0,1,0,0,1,1,0,3
691532098,0,2,3,3,1,1,3,13
698120028,0,2,3,1,1,1,3,11
728506809,0,2,1,1,1,1,1,7
935265264,0,2,3,2,2,1,3,13
1039367313,0,2,3,3,2,1,3,14
933216791,2,2,3,1,1,1,3,13
779850764,0,2,3,1,2,1,3,12
959284508,3,2,3,1,2,2,3,16
10016238,0,0,0,0,0,0,0,0
1018054686,3,2,1,2,3,1,1,13
555749831,1,2,0,2,2,2,0,9
996379166,3,3,3,3,3,2,3,20
987727232,0,2,3,3,1,1,3,13
277263331,1,3,2,2,3,2,3,16
420652129,0,2,2,1,1,1,3,10
911687285,0,0,0,0,0,0,0,0
946417471,0,0,0,0,0,0,0,0
1029852511,0,1,2,1,2,2,2,10
616083492,3,2,3,2,1,1,3,15
461495421,0,2,2,1,1,1,3,10
695895033,0,2,2,1,1,1,1,8
532442999,0,2,3,1,1,1,3,11
1077276908,0,2,3,1,1,1,3,11
1030827015,0,2,3,1,2,2,3,13
1011774672,0,2,3,1,2,2,3,13
10316092,0,0,0,0,0,0,0,0
1053984187,0,0,0,0,0,0,0,0
383902129,0,0,0,0,0,0,0,0
781851957,3,3,3,3,3,2,3,20
941544754,3,2,3,3,2,2,3,18
879750036,1,3,2,1,2,2,3,14
656207216,3,2,3,3,2,2,1,16
926822233,2,1,2,0,1,1,0,7
509353063,0,2,3,3,1,1,3,13
636470547,0,2,2,3,1,1,3,12
573032946,3,3,3,3,2,1,3,18
967788381,0,1,2,1,1,1,1,7
1040211047,0,0,0,0,0,0,0,0
831760495,0,0,0,0,0,0,0,0
415696285,0,0,0,0,0,0,0,0
636665953,0,2,2,1,1,1,1,8
702576825,1,3,2,3,3,2,3,17
947027361,0,0,0,0,0,0,0,0
906888779,3,2,2,2,2,2,1,14
946967955,0,2,3,1,1,1,1,9
1007466608,3,3,2,2,2,2,1,15
1011757837,3,2,3,1,1,2,1,13
753004851,0,2,2,1,1,1,1,8
1006682273,0,2,3,1,1,2,1,10
863425379,0,2,1,1,1,1,1,7
95026768,0,0,0,0,0,0,0,0
1003983029,0,0,0,0,0,0,0,0
1000766753,0,2,0,0,1,1,0,4
970460148,1,3,1,1,1,2,2,11
886730891,0,1,1,0,1,1,0,4
990374169,3,2,3,1,1,2,3,15
1048730446,3,3,3,3,3,2,3,20
756895543,3,3,3,3,3,1,3,19
761364114,3,3,3,3,3,1,3,19
621132217,3,2,2,3,2,2,1,15
879023712,0,2,3,2,1,1,3,12
1026936112,0,2,2,1,1,1,3,10
1030830535,0,2,0,1,1,1,0,5
1010551933,3,3,3,3,3,2,3,20
1080340266,3,2,3,1,1,2,1,13
1075582859,0,2,3,1,1,1,1,9
1062378624,0,2,2,2,3,2,3,14
923316057,0,1,0,0,1,2,0,4
997639879,0,0,0,0,0,0,0,0
971478601,0,0,0,0,0,0,0,0
961737513,0,2,1,1,1,2,1,8
1057362423,3,3,2,1,2,2,3,16
1050167141,0,1,0,1,1,1,0,4
1022627506,0,2,3,0,1,2,0,8
1050396902,0,0,0,0,0,0,0,0
1045226896,2,2,3,1,3,2,3,16
1078156531,0,2,0,0,0,1,0,3
735705149,0,0,0,0,0,0,0,0
786747065,0,0,0,0,0,0,0,0
1056714269,0,2,0,1,1,1,1,6
1056700238,0,2,0,0,0,1,0,3
415581226,0,2,3,1,2,1,3,12
415385999,0,2,3,1,2,1,3,12
528563913,0,1,0,1,1,2,1,6
1080306959,0,1,0,1,1,2,1,6
117337603,0,0,0,0,0,0,0,0
1077668748,0,1,0,1,1,2,0,5
1077334685,1,2,2,1,1,2,1,10
1074080703,0,1,2,1,1,2,3,10
1076166024,0,1,2,1,1,2,0,7
605953816,0,2,0,0,1,1,0,4
1074577386,1,2,2,1,1,2,1,10
1074089837,0,0,0,0,0,0,0,0
1052881933,0,2,2,1,1,2,3,11
381964564,3,3,3,3,3,2,3,20
547634788,2,2,2,1,2,2,3,14
407506685,3,3,3,3,2,2,3,19
722345408,1,2,2,1,1,2,1,10
12714608,3,3,3,1,2,2,3,17
698287374,1,2,2,1,2,2,3,13
485684952,1,2,0,1,1,1,1,7
431277181,0,0,0,1,1,0,0,2
858910692,0,0,0,0,0,0,0,0
966011995,0,1,2,2,3,2,3,13
961500304,0,2,3,3,2,1,0,11
966584466,0,1,2,2,3,2,3,13
965076476,0,2,0,3,1,2,0,8
929130565,0,2,3,1,1,1,3,11
537558734,0,2,0,1,1,2,1,7
910271615,3,2,3,2,2,2,3,17
910272618,2,1,2,1,2,2,1,11
432201844,3,3,3,3,3,2,3,20
370105959,3,3,3,3,3,2,3,20
973028967,0,1,0,0,1,1,0,3
822620655,1,1,1,2,3,2,2,12
834993821,3,3,2,2,2,2,3,17
113825817,0,0,0,0,0,0,0,0
943758857,0,2,1,1,1,1,1,7
117630032,0,0,0,0,0,0,0,0
397782142,0,2,0,0,0,1,0,3
607227886,3,3,3,3,2,1,3,18
929001409,0,1,0,0,0,1,0,2
1014827423,0,0,0,0,0,0,0,0
712165832,3,2,3,1,2,2,3,16
784907025,0,2,2,1,2,1,3,11
992283794,0,1,1,1,1,1,1,6
126408753,0,0,0,0,0,0,0,0
950560043,0,2,2,1,1,1,3,10
1041844434,0,2,1,1,1,1,1,7
1002800372,0,0,0,0,0,0,0,0
1037168942,0,0,0,0,0,0,0,0
1043535863,3,3,2,3,2,2,3,18
697732422,3,3,3,3,2,2,3,19
599208163,0,2,2,1,2,1,3,11
123247565,0,0,0,0,0,0,0,0
865904402,3,2,3,3,2,2,2,17
676227566,3,3,3,3,3,2,3,20
92497432,0,0,0,0,0,0,0,0
349640545,3,2,3,3,2,2,3,18
947046524,0,2,0,0,0,1,0,3
710860818,3,3,3,3,2,2,3,19
1063612446,0,1,0,1,1,2,0,5
586517207,0,1,0,1,1,1,0,4
951547654,3,3,3,3,3,1,3,19
1079848853,0,0,0,0,0,0,0,0
1074463929,3,3,3,2,2,2,3,18
1074932735,0,3,2,1,2,1,3,12
1070378819,3,3,3,3,3,2,3,20
1071322956,0,2,2,2,1,1,1,9
1063127207,0,2,1,1,1,1,1,7
1061231321,0,0,0,0,0,0,0,0
941580031,1,2,3,1,1,2,1,11
1032095572,0,2,0,0,0,1,0,3
17779386,0,0,0,0,0,0,0,0
80240522,0,0,0,0,0,0,0,0
915672501,0,2,0,1,1,1,1,6
749660457,0,0,0,0,0,0,0,0
682485122,0,0,0,0,0,0,0,0
957307003,3,3,3,3,3,2,3,20
971930406,0,1,1,1,1,1,1,6
971876462,1,2,2,1,1,1,1,9
1075003331,0,2,2,3,1,1,1,10
1072331963,1,3,1,3,1,2,1,12
1067930941,0,2,0,1,1,2,1,7
1064856848,0,0,0,0,0,0,0,0
1048103829,3,3,3,2,2,2,3,18
973073136,1,2,0,1,0,2,1,7
1046088653,2,1,2,2,1,1,1,10
1036734774,0,2,0,1,1,1,0,5
1045134567,0,0,0,0,0,0,0,0
765575421,0,2,0,1,1,1,1,6
1056277891,0,1,0,1,1,2,1,6
1073223329,0,2,2,1,1,2,3,11
984363221,0,1,0,1,1,2,0,5
1013592693,1,2,0,1,2,1,1,8
1074288383,0,0,0,0,0,0,0,0
1064889487,1,2,2,1,2,2,2,12
1063663716,3,2,3,1,1,2,0,12
679797779,0,1,0,1,1,2,0,5
106400514,0,0,0,0,0,0,0,0
1057009406,3,3,3,3,3,2,3,20
1068788788,0,0,0,0,0,0,0,0
1051250418,0,1,0,0,1,1,0,3
810977975,3,2,2,3,3,2,2,17
929492825,3,2,2,1,2,2,3,15
1078600311,0,2,2,3,1,1,3,12
497560565,3,2,2,1,2,2,3,15
1074423753,1,2,3,1,1,1,3,12
521850059,0,2,3,1,1,1,3,11
1057040073,3,3,3,2,3,2,3,19
721391373,1,3,1,3,2,1,1,12
1063769856,0,2,1,1,1,1,1,7
980244314,1,2,2,1,1,2,3,12
216665593,0,0,0,0,0,0,0,0
10118726,1,2,1,3,1,3,1,12
478869423,3,3,2,3,2,2,3,18
475938967,3,2,3,1,2,2,1,14
477814084,3,3,2,3,2,2,1,16
473339931,1,3,2,1,2,2,3,14
477553179,3,2,2,3,2,2,1,15
479595734,3,2,2,3,2,2,3,17
964976335,1,2,1,1,2,2,1,10
479583384,0,2,0,1,1,2,2,8
349681137,1,3,2,1,2,2,3,14
469038544,1,3,2,3,1,2,1,13
480310598,1,2,1,3,1,1,1,10
479451268,3,3,3,3,2,2,3,19
1000726916,0,2,1,1,1,1,1,7
1000862052,0,2,2,1,1,1,1,8
992135625,0,2,1,2,1,1,1,8
364562877,3,2,1,2,3,1,1,13
994820461,3,3,3,3,3,2,3,20
1079431989,3,2,0,1,2,2,1,11
983848605,3,3,3,3,3,2,3,20
1077380485,3,3,2,2,3,1,3,17
1064541833,0,2,0,1,2,2,2,9
1077592576,3,3,3,2,3,2,3,19
1062114008,3,3,3,2,3,2,3,19
989149098,3,2,3,2,3,1,1,15
1071418794,2,2,1,1,2,1,1,10
924182165,0,3,0,3,2,1,1,10
510670145,3,2,1,1,1,2,2,12
855656451,0,2,2,1,1,1,1,8
953149354,1,3,0,3,2,1,1,11
1036327383,0,2,1,3,1,1,1,9
980194903,3,3,3,3,3,3,3,21
1000686695,3,2,3,0,1,2,0,11
953768947,3,3,3,3,3,2,3,20
998254048,2,3,2,3,1,1,3,15
683047332,3,3,2,3,2,2,1,16
919089942,3,3,3,3,2,2,3,19
1044920037,0,2,2,1,2,1,1,9
989575779,3,3,2,3,2,2,3,18
1036582106,3,3,3,3,2,2,3,19
1047020631,0,2,0,1,1,1,1,6
704307568,3,2,3,3,2,2,3,18
1076754988,0,2,2,1,1,1,3,10
1072558675,0,2,2,1,1,1,3,10
1055053451,0,0,0,0,0,0,0,0
1058097005,0,2,2,2,2,2,0,10
836062966,3,3,3,3,3,1,3,19
401058793,0,2,1,1,1,1,1,7
1041262318,0,1,0,0,1,1,0,3
707356952,3,3,0,2,1,2,0,11
1045540712,0,0,0,0,0,0,0,0
1038133466,3,3,3,3,3,2,3,20
983072807,0,2,1,1,1,2,2,9
1052259172,0,1,0,1,1,2,1,6
1011570182,0,0,0,0,0,0,0,0
955379402,0,2,0,0,0,1,0,3
904438141,0,2,1,0,1,1,0,5
1082006374,0,2,3,1,2,2,1,11
964239154,0,2,0,0,1,1,0,4
698673719,0,2,1,1,1,1,1,7
956987935,0,0,0,0,0,0,0,0
743042683,0,0,0,0,0,0,0,0
698399835,0,2,1,1,1,1,1,7
645709988,0,0,0,0,0,0,0,0
1010629287,0,0,0,0,0,0,0,0
1019362846,0,2,0,1,2,2,1,8
1058142321,0,2,2,3,1,1,1,10
1081244694,0,3,2,3,2,1,3,14
1080638196,0,2,1,1,1,2,1,8
104551082,0,0,0,0,0,0,0,0
1077558027,0,0,0,0,0,0,0,0
1077111338,0,2,0,1,1,2,0,6
1073752169,0,2,0,1,1,2,1,7
1046883384,0,2,0,1,1,2,2,8
1048606859,0,2,0,1,1,2,1,7
1071336099,0,2,0,0,0,1,0,3
719596398,3,2,0,2,3,1,1,12
1062452282,0,2,1,1,1,1,1,7
924915058,0,2,1,1,1,1,1,7
781709835,0,1,0,0,1,2,0,4
73763582,0,0,0,0,0,0,0,0
997867442,2,3,3,2,3,2,3,18
1000007099,2,2,3,2,3,2,1,15
743114202,3,2,2,2,2,2,3,16
741352229,0,1,2,1,1,2,3,10
87814375,0,0,0,0,0,0,0,0
1050784223,0,0,0,0,0,0,0,0
1051403161,0,1,0,1,1,2,0,5
187139359,3,3,3,3,3,3,3,21
429865988,0,1,1,1,1,2,2,8
964657615,0,2,1,1,1,1,1,7
360272476,3,3,3,3,2,2,3,19
868458754,3,3,3,3,3,2,3,20
959309207,3,2,0,2,2,2,1,12
811303853,1,1,2,1,2,2,1,10
884655015,3,2,3,3,2,2,3,18
1075199716,0,1,0,0,1,1,0,3
1061836947,2,2,2,1,2,2,3,14
871056938,3,3,3,3,3,2,3,20
921297774,0,2,0,3,1,1,0,7
581398891,3,3,3,3,2,2,3,19
880782293,3,3,2,3,3,2,3,19
894570218,0,2,2,1,2,1,3,11
961099758,1,3,3,3,2,1,3,16
464939286,3,3,2,3,2,2,1,16
426551957,0,2,0,2,1,2,0,7
426553719,3,3,3,3,2,2,3,19
428652849,3,3,2,3,2,2,1,16
426548673,3,3,2,3,2,2,1,16
383116276,2,3,3,2,2,1,1,14
383115762,2,3,1,2,2,1,1,12
383104475,1,3,1,1,2,1,1,10
426550612,1,3,2,3,2,2,1,14
426548183,0,3,1,3,1,2,1,11
426549309,0,2,0,2,1,2,0,7
383114272,2,3,2,2,2,1,1,13
513307549,0,2,1,0,1,1,0,5
94642595,0,0,0,0,0,0,0,0
942808829,2,3,2,3,2,2,3,17
1049148094,0,2,2,1,1,1,1,8
912043501,3,3,2,1,1,2,3,15
1056694849,0,2,2,1,1,1,3,10
779119371,3,3,2,3,2,2,3,18
1048999066,3,3,3,3,3,1,3,19
1009675634,3,3,3,2,3,2,3,19
618526819,3,2,3,1,1,2,3,15
986371948,3,2,3,1,2,2,1,14
100863495,0,0,0,0,0,0,0,0
1011526559,0,0,0,0,0,0,0,0
967693434,3,3,3,3,3,2,3,20
816796356,0,2,0,2,3,2,0,9
132082214,1,2,3,2,2,2,3,15
868291473,3,3,3,3,3,2,3,20
1059814917,0,0,0,0,0,0,0,0
1067710935,1,2,3,1,1,2,3,13
1072369049,3,2,2,3,2,2,1,15
1054539864,0,0,0,0,0,0,0,0
1062523183,0,2,1,0,1,1,0,5
1052219781,0,2,0,1,2,1,1,7
1054523739,0,2,0,0,0,1,0,3
991828418,0,2,2,3,1,1,1,10
882024114,3,3,2,2,1,1,3,15
1053835543,0,1,0,0,1,2,0,4
944874956,0,2,0,1,2,1,1,7
1038751306,0,1,0,0,1,1,0,3
995106024,0,1,0,1,1,2,1,6
1025272945,0,2,2,1,2,1,1,9
725723627,0,2,3,3,1,1,3,13
1038288676,0,2,0,1,1,1,1,6
1016180249,0,2,0,1,0,1,1,5
1026988677,0,0,0,0,0,0,0,0
1017385201,0,2,0,1,1,1,1,6
960906741,0,1,0,0,0,1,0,2
1073531386,3,3,2,2,2,1,3,16
1070906106,0,2,0,1,1,1,0,5
1058715775,0,1,0,0,0,1,0,2
1059079408,0,2,1,1,1,1,1,7
975366489,3,3,3,3,3,2,3,20
775974996,3,3,2,3,2,1,3,17
973049844,0,2,0,0,0,1,0,3
1009291965,0,0,0,0,0,0,0,0
813096227,3,3,3,3,3,2,3,20
835641114,3,3,3,3,3,2,3,20
825156256,0,0,0,0,0,0,0,0
36427266,0,0,0,0,0,0,0,0
908243625,2,2,2,1,1,2,2,12
11317273,0,0,0,0,0,0,0,0
490983241,1,2,1,1,2,2,1,10
670454101,0,2,2,1,1,2,3,11
1079307422,0,0,0,0,0,0,0,0
1074860808,3,3,2,3,2,2,3,18
1056653095,0,2,1,0,1,1,0,5
1049439742,2,2,3,1,1,2,3,14
987676857,0,1,0,1,0,1,1,4
1047085051,0,0,0,0,0,0,0,0
1046747275,0,1,0,0,1,1,0,3
876347659,0,1,1,0,1,1,0,4
1041849594,1,2,2,1,1,2,3,12
1057780871,0,2,0,0,0,1,0,3
943690673,0,2,2,1,1,1,3,10
884852647,0,2,2,1,1,1,1,8
882927887,1,2,2,1,2,1,3,12
1077540355,3,2,1,2,2,1,1,12
1054563638,0,2,3,1,1,2,3,12
742177595,0,2,1,3,1,1,1,9
698016518,0,2,2,1,1,1,1,8
804918253,3,1,3,0,1,2,0,10
630433918,0,0,0,0,0,0,0,0
418140519,2,3,3,3,2,2,3,18
913119602,3,3,3,3,3,2,3,20
501467665,3,3,3,3,3,2,3,20
948080254,3,3,3,3,2,2,3,19
871378671,3,2,2,3,2,1,1,14
589575134,3,3,3,3,2,2,3,19
723046927,3,3,3,3,3,2,3,20
428961042,3,3,3,3,3,2,3,20
432762752,3,3,3,3,3,2,3,20
228077849,0,0,0,0,0,0,0,0
73720236,3,3,3,3,2,2,3,19
414563538,2,3,3,3,2,1,3,17
1079614572,0,0,0,0,0,0,0,0
1082019025,0,0,0,0,0,0,0,0
1059600061,0,0,0,0,0,0,0,0
1065068219,0,2,2,1,1,1,1,8
1079202273,0,2,2,1,1,2,3,11
87824979,3,3,3,3,3,2,3,20
340247616,0,3,2,1,1,2,1,10
1079955207,0,2,0,1,1,2,1,7
777193701,0,1,0,1,1,2,1,6
1070364093,0,2,2,3,2,1,1,11
1062512523,0,2,0,1,0,1,0,4
1028550763,0,2,0,1,1,2,0,6
1080506207,0,3,2,3,1,1,1,11
1080170228,0,3,2,3,1,1,1,11
1077125275,0,3,2,3,1,1,1,11
1056031444,0,0,0,0,0,0,0,0
466377749,0,2,0,1,1,1,1,6
1061842567,0,3,2,2,1,1,1,10
945597218,0,2,1,0,1,1,0,5
1048756603,0,2,2,1,1,1,1,8
894353023,3,2,3,3,2,2,3,18
103676705,3,2,3,1,2,2,3,16
492353101,3,3,2,3,1,1,3,16
916552092,0,2,3,1,1,1,3,11
1000977778,0,2,0,1,1,1,1,6
934307943,3,3,3,3,3,2,3,20
763105913,3,3,1,3,3,1,1,15
940789692,0,2,2,1,1,1,3,10
150331658,0,0,0,0,0,0,0,0
454886917,1,2,3,3,1,1,3,14
318146869,0,2,1,1,1,1,1,7
10453129,0,0,0,0,0,0,0,0
1009660129,0,2,3,1,1,2,3,12
791849865,1,2,0,1,1,2,1,8
870458795,0,2,1,0,1,1,0,5
504839876,0,1,0,2,1,2,0,6
203955098,1,3,2,1,1,2,3,13
1064788962,0,0,0,0,0,0,0,0
926684065,0,2,3,1,2,1,1,10
1043007276,0,0,0,0,0,0,0,0
1056620463,0,0,0,0,0,0,0,0
1066113609,0,2,0,0,1,1,0,4
1062732588,0,2,1,1,0,1,1,6
1029695304,3,3,2,3,3,2,3,19
967672058,3,3,3,3,3,2,3,20
627998747,0,1,0,1,0,1,1,4
1022918307,3,3,0,2,2,2,1,13
1030712478,0,0,0,0,0,0,0,0
1022121474,3,2,3,1,2,2,3,16
1025438041,0,1,0,1,1,2,1,6
1027407579,0,2,2,0,1,1,0,6
997342007,0,0,0,0,0,0,0,0
909424637,0,2,2,1,1,1,1,8
975421273,0,2,3,1,1,1,3,11
769171979,3,3,3,3,3,2,3,20
793107288,0,1,1,1,1,1,1,6
433835558,0,2,1,1,1,1,1,7
468211556,3,3,3,3,2,1,1,16
116623131,0,0,0,0,0,0,0,0
134204916,0,0,0,0,0,0,0,0
937738661,3,2,2,1,1,2,3,14
176971649,0,0,0,0,0,0,0,0
848989005,2,2,2,0,2,2,0,10
993078825,2,3,0,0,2,2,0,9
511140274,0,2,0,0,1,1,0,4
703999093,1,2,2,1,2,2,3,13
1081867991,0,1,0,0,1,1,0,3
1076310055,3,3,3,2,3,2,3,19
1074954924,3,3,3,2,3,2,3,19
103467701,0,0,0,0,0,0,0,0
1074200069,3,3,3,2,3,2,3,19
1073678962,3,3,2,2,3,2,3,18
789914868,0,0,0,0,0,0,0,0
1070831778,3,3,2,2,3,2,3,18
1070224012,3,3,2,2,3,2,3,18
1069894475,3,3,2,2,3,2,3,18
1002329293,0,1,0,0,2,2,0,5
888141426,3,3,2,3,2,2,3,18
1070212732,2,2,2,2,2,1,1,12
1040451041,2,2,1,1,2,1,1,10
643381609,3,2,3,3,2,2,1,16
516809584,3,2,2,1,2,2,1,13
1069247686,1,3,3,1,2,2,3,15
716328966,3,3,3,1,3,2,3,18
709049894,1,2,3,2,3,3,3,17
1071303823,0,2,2,1,1,1,3,10
637869993,3,3,3,3,3,2,3,20
1072008433,0,2,1,1,1,2,0,7
1072662318,0,0,0,0,0,0,0,0
1057026985,0,2,0,1,1,2,1,7
1061957522,3,2,3,1,2,2,1,14
839391847,0,0,0,0,0,0,0,0
1014032594,0,0,0,0,0,0,0,0
1064560655,0,2,0,1,1,1,1,6
997885041,0,0,0,0,0,0,0,0
1058259732,0,0,0,0,0,0,0,0
1010326267,0,2,0,1,1,1,1,6
1039871463,0,1,0,0,0,1,0,2
76667698,0,0,0,0,0,0,0,0
992413473,3,2,3,1,2,2,3,16
1026994945,0,2,2,1,1,1,1,8
552235636,0,1,0,0,1,2,0,4
986527414,0,1,0,0,0,1,0,2
1008612893,0,0,0,0,0,0,0,0
958220143,0,0,0,0,0,0,0,0
1009866091,0,1,0,1,1,1,0,4
1009857581,0,0,0,0,0,0,0,0
1006965858,0,2,0,0,0,1,0,3
882959818,0,2,0,1,1,1,0,5
1046016132,0,0,0,0,0,0,0,0
922825264,0,1,3,2,2,1,3,12
169948716,0,0,0,0,0,0,0,0
723409905,3,3,2,1,2,2,3,16
783842323,0,2,2,2,1,1,3,11
1033709354,0,0,0,0,0,0,0,0
564383432,0,2,3,1,1,1,3,11
716471855,0,2,0,1,1,1,1,6
789246238,2,2,3,1,2,2,3,15
680344949,3,3,1,2,3,1,1,14
1034553326,3,3,2,1,2,2,2,15
997846275,0,2,1,1,1,1,1,7
1032911406,0,2,0,1,1,2,1,7
1030497419,0,2,2,1,1,2,1,9
1031867204,0,2,1,1,1,1,1,7
1027184814,0,2,0,1,1,2,2,8
1031647674,0,0,0,0,0,0,0,0
1022728701,3,3,3,3,3,2,3,20
1020842292,0,2,1,1,2,1,1,8
1045231728,0,1,1,1,1,1,1,6
487556793,3,3,3,3,2,2,3,19
497376492,0,3,2,2,2,1,3,13
963595694,0,2,2,2,2,1,3,12
389071572,3,1,2,1,1,2,3,13
284037414,0,0,0,0,0,0,0,0
1004270226,1,2,0,3,1,1,1,9
1005629726,1,2,2,1,1,2,3,12
424884101,0,3,0,2,2,0,0,7
308982218,3,2,3,1,2,2,3,16
302352657,0,0,0,0,0,0,0,0
879687776,3,3,2,1,2,2,2,15
1051870756,0,2,1,1,1,1,1,7
815938308,3,3,3,3,3,2,3,20
622435399,3,3,3,3,3,2,3,20
865951583,3,3,3,3,3,2,3,20
553017847,3,3,3,3,3,2,3,20
798286514,3,3,3,3,2,2,3,19
20414299,0,0,0,0,0,0,0,0
884257699,3,3,3,3,3,2,3,20
704498745,0,2,1,1,1,1,1,7
546425549,0,2,2,1,0,1,3,9
796861078,0,1,0,1,0,2,1,5
781992379,3,3,3,3,2,2,3,19
420591719,0,2,0,1,1,1,1,6
1054583577,3,3,3,3,3,2,3,20
511345021,0,0,0,0,0,0,0,0
999890949,0,2,1,1,1,1,1,7
808494838,0,0,0,0,0,0,0,0
759075579,1,2,1,1,1,2,1,9
768092287,3,3,3,3,2,2,3,19
826217429,0,0,0,0,0,0,0,0
1063721165,1,3,3,1,1,2,1,12
768079328,3,3,3,3,2,2,3,19
768035494,3,3,1,2,2,2,1,14
755547988,0,2,1,1,1,1,1,7
801974948,1,3,1,3,2,2,1,13
727469864,3,2,2,3,2,2,1,15
319586583,3,3,3,3,3,2,3,20
412651306,3,2,2,1,2,2,1,13
1009504451,0,1,0,2,1,1,1,6
16163057,0,0,0,0,0,0,0,0
979955276,3,3,3,2,3,2,1,17
22812498,3,3,3,1,3,2,3,18
545873693,2,3,2,1,2,2,2,14
171592605,0,0,0,0,0,0,0,0
359251558,0,2,2,1,1,1,1,8
802458149,3,2,3,3,2,2,3,18
967225516,0,2,3,2,1,1,0,9
103746364,3,3,3,2,2,2,3,18
431554436,0,2,2,3,2,2,1,12
348002364,3,2,3,2,3,2,3,18
827868045,1,2,1,1,2,2,1,10
875312716,3,3,3,3,3,2,3,20
1050619293,0,1,0,0,1,2,0,4
1051053323,3,2,3,1,2,2,3,16
1051189883,0,1,0,1,1,2,0,5
1049750247,0,1,0,1,1,2,0,5
1047901652,0,1,0,0,2,1,0,4
804643621,0,0,0,0,0,0,0,0
2011832,0,0,0,0,0,0,0,0
123706472,0,2,3,1,1,1,1,9
105505286,0,0,0,0,0,0,0,0
965453876,0,0,0,0,0,0,0,0
97597846,0,0,0,0,0,0,0,0
624182714,3,3,3,2,3,2,1,17
1079365439,0,2,0,0,0,1,0,3
1075637913,0,3,0,0,2,1,0,6
1002771278,1,2,1,1,1,1,1,8
1029190895,1,2,2,3,1,2,1,12
1001890477,1,2,1,1,1,1,1,8
810264813,2,2,3,1,2,2,1,13
788651958,3,3,3,3,3,1,3,19
1026038376,3,3,3,3,3,2,3,20
660380814,3,3,3,3,3,1,3,19
866854369,0,2,0,1,1,1,1,6
888938935,3,3,3,3,3,1,3,19
298665965,3,3,3,3,3,2,3,20
279287752,3,3,3,3,3,2,3,20
364864466,3,3,3,3,3,2,3,20
408121589,3,3,3,3,3,2,3,20
72707338,0,0,0,0,0,0,0,0
550938102,3,3,3,3,3,2,3,20
357451469,3,3,3,3,3,2,3,20
1061377903,3,1,2,1,2,2,2,13
560972958,3,2,3,3,3,2,3,19
1026958173,2,3,2,3,2,1,3,16
865703855,3,3,2,3,3,1,3,18
998934352,3,3,2,3,2,1,1,15
787132356,0,2,0,1,0,1,1,5
567844359,3,2,3,1,3,2,3,17
504518414,0,1,0,0,1,1,0,3
965422712,0,0,0,0,0,0,0,0
263595582,0,0,0,0,0,0,0,0
88410267,0,0,0,0,0,0,0,0
885076083,0,2,0,1,1,1,0,5
899811732,0,2,1,1,1,1,1,7
821063757,2,2,3,3,2,2,1,15
987823505,1,2,2,1,2,1,1,10
996079666,0,2,0,1,1,1,1,6
957177925,3,3,2,3,2,2,3,18
870861826,3,3,2,3,2,2,1,16
1059326607,0,1,2,1,1,1,1,7
862665265,0,2,1,1,1,2,1,8
1048562871,0,0,0,0,0,0,0,0
1046706179,0,2,2,1,1,1,3,10
1052377552,3,3,2,2,1,1,3,15
1045597151,3,3,3,1,2,3,3,18
534372263,3,3,3,3,2,2,3,19
1050787352,0,2,2,1,1,1,1,8
1014808873,0,2,2,1,2,1,1,9
781090195,0,2,2,1,1,1,1,8
1014837911,0,2,3,1,1,1,1,9
1076079437,0,0,0,0,0,0,0,0
870414871,0,0,0,0,0,0,0,0
661115774,3,2,2,1,2,2,1,13
995367021,0,0,0,0,0,0,0,0
100034285,0,0,0,0,0,0,0,0
1056907281,2,3,3,3,2,2,1,16
639896091,3,3,3,3,2,2,3,19
1036213169,0,0,0,0,0,0,0,0
934486494,0,0,0,0,0,0,0,0
991072415,3,2,1,2,2,1,1,12
1041424395,3,3,1,3,2,1,1,14
1012121736,0,1,1,1,1,1,1,6
557905917,2,2,2,3,2,1,0,12
510822945,3,3,3,3,2,1,1,16
996163652,0,2,0,0,1,2,0,5
964796848,2,2,3,1,1,2,3,14
960118723,2,2,2,1,3,2,2,14
992522447,3,3,2,3,1,1,3,16
1077006711,0,1,0,0,0,1,0,2
1075429315,0,2,0,0,0,1,0,3
991521892,0,2,0,1,1,1,1,6
1072345427,0,2,2,1,1,1,1,8
1076495598,0,2,0,0,0,1,0,3
1051806046,0,2,0,1,1,1,1,6
13909441,0,0,0,0,0,0,0,0
515217171,0,2,0,0,0,1,0,3
1061110769,0,0,0,0,0,0,0,0
1059281092,0,0,0,0,0,0,0,0
467195042,0,2,2,1,1,1,3,10
538555502,0,2,3,1,1,1,3,11
684884089,0,1,3,1,1,1,1,8
644673807,2,2,0,3,2,2,1,12
986697754,0,2,1,1,1,1,1,7
882195301,3,3,2,1,2,2,1,14
1013031376,3,2,3,0,1,2,0,11
189227376,0,0,0,0,0,0,0,0
1005395572,0,0,0,0,0,0,0,0
945494391,0,2,1,0,1,1,0,5
506092558,0,1,2,1,1,1,1,7
153639108,0,0,0,0,0,0,0,0
807130774,0,2,2,1,2,2,3,12
1072029414,0,2,0,1,1,1,1,6
10400107,0,0,0,0,0,0,0,0
806743565,0,2,3,1,1,1,3,11
1063381179,0,2,2,1,1,1,3,10
806672009,0,2,3,1,1,1,3,11
806477304,0,2,3,1,1,1,3,11
806395991,0,2,3,1,2,1,3,12
806335007,0,2,2,1,1,1,3,10
806046157,0,2,3,1,1,1,3,11
1028977372,2,3,1,1,3,2,2,14
423044427,3,2,3,3,1,2,3,17
450128165,3,3,3,3,2,2,3,19
96718611,0,0,0,0,0,0,0,0
950433053,3,2,3,1,3,2,3,17
850098802,3,3,3,3,2,2,3,19
806218639,3,3,3,3,2,2,3,19
998346384,1,2,2,1,2,2,1,11
720475704,3,3,3,3,3,2,3,20
1080803361,0,1,3,1,1,2,3,11
1078149621,3,3,1,1,2,2,1,13
1078806445,0,2,2,1,2,2,3,12
1077066087,0,2,0,1,2,2,1,8
1063361051,0,1,0,1,2,2,2,8
1079795783,0,1,0,1,1,2,1,6
635002221,0,2,0,1,0,1,0,4
932822106,0,1,0,0,0,1,0,2
566361406,0,2,1,1,1,1,1,7
300803503,0,1,0,0,0,1,0,2
962699674,0,2,0,0,0,1,0,3
461235797,0,2,0,0,0,1,0,3
781110973,0,2,0,0,0,1,0,3
876319098,3,2,2,3,2,2,1,15
601185473,0,1,3,1,1,2,3,11
302611022,1,2,2,1,2,2,3,13
721326667,1,2,2,2,2,1,1,11
721322731,0,2,1,1,1,1,1,7
991793818,0,3,0,1,1,2,1,8
954886123,0,2,0,1,1,1,1,6
888179206,0,0,0,0,0,0,0,0
941727915,0,0,0,0,0,0,0,0
1008168882,0,0,0,0,0,0,0,0
1083377818,0,1,0,1,1,1,1,5
1082776239,1,2,2,3,3,1,1,13
1077917909,3,2,1,3,2,2,1,14
1080728622,0,2,0,1,1,1,1,6
1077295292,3,3,2,2,2,1,1,14
320585377,3,2,3,1,2,2,3,16
73908946,0,0,0,0,0,0,0,0
1008128052,0,0,0,0,0,0,0,0
811384589,0,1,1,0,1,1,0,4
71455048,0,0,0,0,0,0,0,0
508999606,3,3,3,3,3,2,3,20
791093278,0,1,1,0,1,1,0,4
72146168,0,0,0,0,0,0,0,0
571268154,1,3,3,1,1,2,3,14
316783815,3,3,3,3,3,2,3,20
83695732,3,3,3,3,3,3,3,21
1083226563,0,0,0,0,0,0,0,0
1082816822,0,0,0,0,0,0,0,0
389261924,0,2,2,1,1,2,3,11
42343288,0,0,0,0,0,0,0,0
104517647,0,0,0,0,0,0,0,0
666619651,3,2,3,1,2,2,3,16
51817206,0,0,0,0,0,0,0,0
944276587,3,3,3,3,3,2,3,20
722328287,0,0,0,0,0,0,0,0
988483365,0,0,0,0,0,0,0,0
543813104,0,2,3,1,1,1,3,11
950038949,0,0,0,0,0,0,0,0
1009894349,0,2,2,1,1,1,1,8
172274211,0,0,0,0,0,0,0,0
230578171,0,2,1,2,2,2,0,9
235984691,0,0,0,0,0,0,0,0
235984674,0,0,0,0,0,0,0,0
235984543,0,0,0,0,0,0,0,0
1064764193,3,3,3,3,3,2,3,20
1041641048,0,0,0,0,0,0,0,0
1038348465,0,2,0,1,1,1,1,6
1041167384,0,0,0,0,0,0,0,0
1035366933,0,0,0,0,0,0,0,0
943042047,3,3,3,3,3,2,3,20
519285565,0,2,0,1,1,2,0,6
1005352185,2,2,2,1,2,2,2,13
946800972,3,2,3,1,1,2,2,14
1079948061,0,2,0,1,1,1,1,6
540934427,3,3,3,3,3,2,3,20
746471144,0,0,0,0,0,0,0,0
1049071105,0,2,0,1,1,2,1,7
1048533346,3,2,0,1,1,2,1,10
1048682152,0,2,0,1,1,2,0,6
1046928363,0,2,0,1,1,1,1,6
918021256,2,2,2,3,2,1,3,15
767944092,0,2,2,1,1,1,3,10
1045673795,0,2,3,1,1,2,1,10
723815684,0,2,1,3,2,2,1,11
1022891646,0,2,2,3,1,2,3,13
911489876,0,2,0,1,1,1,1,6
1061763925,3,3,3,2,3,2,3,19
1047684065,3,2,3,1,2,2,1,14
951698844,3,2,3,3,3,2,3,19
60847542,0,0,0,0,0,0,0,0
133779768,0,0,0,0,0,0,0,0
463034517,3,3,2,1,2,2,3,16
18933972,0,0,0,0,0,0,0,0
1071946777,3,3,3,3,2,2,2,18
1044145753,2,2,3,2,2,2,3,16
1059657184,0,2,0,0,0,1,0,3
944373441,3,2,3,3,2,2,1,16
901707313,3,3,2,3,3,2,3,19
794235715,3,3,3,3,3,2,3,20
961115898,2,3,2,3,2,1,3,16
398664157,0,2,2,1,2,1,1,9
468070401,0,2,3,1,1,1,3,11
332521894,0,3,2,1,2,1,3,12
1070554753,3,3,0,1,1,2,0,10
238169526,2,2,1,1,1,2,1,10
931220172,1,2,2,1,2,1,1,10
755836132,3,3,3,3,2,2,3,19
823874255,3,3,2,2,3,2,0,15
543516609,3,2,0,3,3,2,1,14
742900081,3,2,3,3,2,2,1,16
884761079,0,0,0,0,0,0,0,0
918542713,3,3,3,2,2,2,3,18
912125432,1,2,3,3,2,1,3,15
324937187,3,3,3,2,3,2,3,19
195354749,3,3,3,2,3,2,3,19
842970946,3,3,3,1,3,2,3,18
1077235225,3,3,3,3,3,2,3,20
414919713,3,3,3,1,3,2,3,18
984564741,3,3,3,3,3,2,3,20
200990696,3,3,3,2,3,2,3,19
419856443,3,3,3,1,3,2,3,18
322504519,3,3,3,2,3,2,3,19
356942029,3,3,3,2,3,2,3,19
1053868089,3,3,3,3,3,2,3,20
220260546,3,3,3,2,3,2,3,19
1080327644,2,2,3,3,2,2,3,17
1079166141,0,2,2,2,2,1,1,10
829068343,3,3,3,2,2,2,1,16
670184518,3,2,3,3,3,1,3,18
1059724846,0,2,2,1,2,2,1,10
1061972346,3,3,3,3,3,2,3,20
798846965,3,3,3,3,3,1,3,19
953301759,0,2,2,1,1,2,3,11
1073576536,0,1,0,1,1,2,2,7
975370134,0,2,2,2,2,2,1,11
961023103,0,0,0,0,0,0,0,0
949479317,3,3,3,3,3,2,3,20
474477193,3,3,3,3,2,2,3,19
312283715,3,3,3,3,2,2,3,19
347643797,1,2,0,1,1,2,1,8
137851942,0,0,0,0,0,0,0,0
901074312,3,3,3,3,3,2,3,20
1080499313,0,0,0,0,0,0,0,0
1052111884,2,2,2,1,1,2,0,10
941275955,3,2,1,3,3,1,1,14
1061264664,3,3,2,3,2,1,3,17
945364408,2,2,2,3,1,1,3,14
1070306299,0,2,0,1,1,1,1,6
1036273848,3,3,1,3,2,1,1,14
919485595,0,1,2,1,1,2,2,9
380765875,0,1,0,0,1,1,0,3
166727542,0,0,0,0,0,0,0,0
1069056008,2,2,2,1,2,2,3,14
334168117,0,2,1,1,1,1,1,7
709687554,0,2,2,1,1,1,0,7
995942175,1,3,0,3,2,2,1,12
996344517,3,3,3,3,3,2,1,18
972921498,3,3,3,3,2,2,3,19
954174757,3,3,3,3,2,2,3,19
517100829,3,3,3,3,3,2,3,20
393464757,3,3,3,3,3,2,3,20
871573713,3,3,3,3,3,2,3,20
871856934,3,3,3,3,2,2,3,19
984204506,0,2,2,2,1,1,1,9
974953756,0,0,0,0,0,0,0,0
1030510509,0,0,0,0,0,0,0,0
1050336567,0,1,0,0,1,1,0,3
1071198587,2,2,0,1,1,2,1,9
1064736576,3,2,0,1,2,2,1,11
996350091,3,3,2,1,3,2,3,17
1034766888,0,1,2,3,1,1,1,9
985243785,0,2,0,2,1,1,0,6
957817738,2,2,2,1,2,2,3,14
478922332,0,2,0,0,1,1,0,4
575930334,1,2,1,1,2,2,1,10
113051945,0,0,0,0,0,0,0,0
986644035,3,3,3,3,3,2,3,20
997010026,0,2,0,0,0,1,0,3
934583714,2,2,2,1,3,2,3,15
989599504,3,3,3,3,3,2,3,20
957098772,0,2,1,1,1,1,1,7
967441975,2,2,2,3,2,1,3,15
932080298,3,3,3,3,3,1,3,19
96260636,0,0,0,0,0,0,0,0
966275403,3,3,3,3,2,2,3,19
963076399,0,2,0,1,1,1,1,6
954064836,3,3,3,3,3,2,3,20
964318252,0,2,1,1,2,1,1,8
960604508,0,1,0,1,1,1,1,5
957687186,0,3,2,1,2,2,3,13
995675514,0,1,0,1,1,2,0,5
990514992,3,2,3,1,1,2,1,13
976575704,2,2,1,1,1,2,1,10
840634228,0,1,0,0,0,1,0,2
469540467,3,3,2,3,3,2,3,19
282642088,3,3,3,3,2,2,3,19
1043306061,3,3,1,2,3,2,1,15
1050881037,0,1,2,1,1,1,3,9
1018074466,0,0,0,0,0,0,0,0
843262286,0,2,2,1,1,1,3,10
724619981,0,1,0,0,0,1,0,2
897203384,2,2,2,3,2,1,3,15
1003895861,0,1,0,1,1,2,1,6
1043564517,0,1,1,1,1,2,1,7
72875792,0,0,0,0,0,0,0,0
858370472,3,3,3,2,3,2,3,19
677065493,3,3,3,3,3,2,3,20
1039296396,3,3,1,2,2,2,1,14
968830466,0,2,2,1,1,2,1,9
809814597,0,0,0,0,0,0,0,0
996138206,0,2,0,0,0,1,0,3
1016794734,0,1,0,1,1,2,0,5
1062795491,0,0,0,0,0,0,0,0
1041489527,0,1,2,1,1,1,1,7
1049618558,0,2,0,0,0,1,0,3
1047461613,3,1,3,1,2,2,1,13
994872335,3,2,0,3,2,2,1,13
707985334,3,2,3,3,3,2,1,17
516646037,3,2,3,3,3,2,2,18
924192502,3,3,3,3,3,2,2,19
485500681,0,2,3,3,1,1,3,13
169027426,0,2,2,3,2,1,3,13
303770242,3,3,3,2,3,1,1,16
988784773,0,0,0,0,0,0,0,0
276264649,0,0,0,0,0,0,0,0
1018377887,0,3,2,3,2,1,3,14
882584483,0,1,0,0,1,2,0,4
749438953,0,1,0,0,1,1,0,3
810853889,3,2,1,0,1,2,0,9
1082055439,0,1,1,1,1,1,0,5
783886983,0,2,0,1,1,1,1,6
1077244849,0,2,2,1,1,1,3,10
98853875,0,0,0,0,0,0,0,0
974456161,0,1,0,1,1,2,2,7
676913864,3,3,2,3,3,2,1,17
1018592565,0,1,0,1,1,2,0,5
765410597,0,2,0,0,0,1,0,3
248725507,0,0,0,0,0,0,0,0
992549467,2,1,1,1,2,2,1,10
993471425,1,2,1,1,2,2,1,10
818935483,3,3,2,2,1,1,3,15
562597481,2,2,2,2,2,2,1,13
533128872,0,2,0,1,1,1,3,8
140975844,3,2,3,3,3,2,3,19
1059137596,0,1,0,1,1,2,1,6
1043910171,0,0,0,0,0,0,0,0
958972617,0,2,3,2,1,1,3,12
948373826,1,2,2,3,2,1,3,14
828783602,0,2,1,1,1,1,1,7
391720929,0,1,0,0,0,1,0,2
878914527,0,0,0,0,0,0,0,0
802615035,3,3,3,3,3,2,3,20
937241211,2,2,3,1,2,1,3,14
951789883,0,0,0,0,0,0,0,0
876183659,0,2,1,0,1,1,0,5
1038688752,0,0,0,0,0,0,0,0
1004713961,0,2,2,1,1,1,1,8
1030478365,0,2,2,1,1,1,3,10
664110502,0,3,2,2,1,1,3,12
979169986,0,2,0,0,0,1,0,3
929522308,3,3,2,2,1,1,1,13
1031899857,0,2,0,0,1,1,0,4
1016084053,0,2,1,1,1,1,1,7
886796417,0,2,2,1,1,1,3,10
1029065087,0,1,2,0,1,1,0,5
1025098406,0,0,0,0,0,0,0,0
575997293,2,2,1,3,2,1,1,12
730870952,2,1,0,0,0,2,0,5
731940842,0,1,0,1,2,2,0,6
886419572,3,2,3,3,1,2,3,17
231966303,0,0,0,0,0,0,0,0
658030694,2,2,2,1,2,1,1,11
950122346,1,2,3,2,2,2,3,15
953736359,1,2,3,2,2,2,3,15
954550993,2,2,3,2,2,2,3,16
1067236197,0,2,3,2,3,1,3,14
764758049,2,2,2,1,2,1,3,13
663458395,0,2,2,1,1,1,1,8
12567325,0,0,0,0,0,0,0,0
596418014,2,2,3,3,2,1,3,16
327826627,3,3,2,1,2,2,3,16
872140433,0,1,0,0,1,2,0,4
881953274,3,3,3,3,3,2,3,20
882123463,3,3,3,3,3,2,3,20
532201686,3,3,3,1,3,2,3,18
817666082,0,0,0,0,0,0,0,0
881801949,0,0,0,0,0,0,0,0
1007838125,0,1,0,0,0,1,0,2
949661226,0,2,0,0,0,1,0,3
1005901083,0,1,0,1,1,2,0,5
982186221,0,0,0,0,0,0,0,0
996086629,0,1,0,0,1,2,0,4
996037504,0,1,0,0,1,1,0,3
847273132,0,0,0,0,0,0,0,0
980364896,0,2,0,1,1,2,1,7
1013953492,0,2,0,1,1,1,1,6
954622254,0,0,0,0,0,0,0,0
1005316462,3,2,2,3,2,1,3,16
1043602667,0,2,2,1,1,1,1,8
475522978,0,1,0,0,0,1,0,2
627508676,0,0,0,0,0,0,0,0
1009835027,0,2,3,1,1,1,3,11
1043920696,1,2,0,0,1,1,0,5
1035152666,0,0,0,0,0,0,0,0
1043835974,0,0,0,0,0,0,0,0
974842151,3,3,3,3,2,2,3,19
1080462405,3,2,3,0,1,2,0,11
930850736,0,1,1,0,1,1,0,4
766177151,0,2,1,1,0,1,0,5
848693886,0,1,0,0,0,1,0,2
1033082142,0,2,1,1,2,1,1,8
955847682,0,2,0,0,0,1,0,3
904999125,0,2,0,1,2,1,1,7
946726069,0,0,0,0,0,0,0,0
1000582669,0,2,1,0,1,2,0,6
967346003,0,1,0,0,1,1,0,3
1021356968,0,0,0,0,0,0,0,0
1080763014,0,0,0,0,0,0,0,0
83883314,0,0,0,0,0,0,0,0
777820309,0,2,0,0,1,1,0,4
787545291,0,2,1,1,1,1,1,7
805555517,0,1,3,1,1,1,1,8
203955268,0,0,0,0,0,0,0,0
203955224,0,0,0,0,0,0,0,0
964990679,0,1,0,1,1,0,0,3
826822075,3,3,3,1,2,2,3,17
739823631,1,3,3,3,2,2,3,17
227009283,0,0,0,0,0,0,0,0
1062471472,3,3,3,3,3,2,3,20
966304837,0,2,0,0,1,1,0,4
1038628909,0,2,0,1,1,2,1,7
854036139,0,2,2,1,2,1,3,11
879667665,1,2,3,1,1,2,3,13
1062005733,0,3,3,2,1,2,3,14
865184806,0,2,3,2,2,1,3,13
670144127,0,2,0,0,0,1,0,3
1058943058,0,2,3,2,1,1,3,12
789487814,0,2,3,1,1,2,3,12
1056834011,0,2,2,1,1,2,1,9
721762989,3,3,3,3,3,1,3,19
884283336,3,3,3,3,3,1,3,19
813410668,0,2,1,0,1,1,0,5
979842537,2,2,2,3,1,2,3,15
946987987,3,3,3,3,2,2,3,19
1007911855,0,2,1,3,1,1,1,9
852753109,3,3,3,3,2,2,3,19
897903307,3,3,3,3,2,2,1,17
1049185914,3,3,2,1,2,1,3,15
1071129543,0,2,0,1,1,1,1,6
1071140737,0,0,0,0,0,0,0,0
1046198546,0,1,0,0,0,1,0,2
954679914,3,3,3,3,2,2,3,19
1021744719,0,1,1,0,1,1,0,4
1032230181,3,3,2,2,1,1,1,13
1040961012,0,2,0,1,1,2,0,6
1022226331,0,0,0,0,0,0,0,0
1082410716,0,0,0,0,0,0,0,0
1081360589,0,0,0,0,0,0,0,0
1081329555,0,0,0,0,0,0,0,0
1078728823,0,0,0,0,0,0,0,0
1074470702,0,0,0,0,0,0,0,0
1063252538,0,0,0,0,0,0,0,0
1082534775,3,2,1,2,2,1,0,11
956465825,3,3,3,2,2,1,0,14
1067493127,3,2,3,3,3,2,1,17
1079875078,0,0,0,0,1,0,0,1
988902803,0,1,0,1,1,2,0,5
1000040039,0,1,0,1,1,1,0,4
998786522,0,1,0,1,1,2,1,6
998783087,0,1,0,1,1,2,1,6
998780407,0,1,0,1,1,2,1,6
998777084,0,1,0,1,1,2,1,6
998773968,0,1,0,1,1,2,1,6
998751973,0,1,0,1,1,2,1,6
1007464512,2,2,1,1,2,2,2,12
1041477783,0,2,2,3,2,1,3,13
1030855585,0,2,2,1,1,1,3,10
1009874816,3,3,3,3,3,2,3,20
305635421,2,2,2,2,2,1,3,14
23067784,0,0,0,0,0,0,0,0
943386044,3,3,3,3,2,2,3,19
647032584,3,3,3,3,3,2,1,18
964790438,3,3,2,3,2,2,3,18
382278356,3,3,1,3,2,2,2,16
649003776,3,2,3,3,2,2,2,17
904977134,3,3,3,3,3,2,3,20
942610509,3,3,2,3,2,2,3,18
503498991,3,3,3,3,3,2,1,18
1048587976,0,1,0,1,1,2,0,5
1071056922,0,2,3,1,1,2,3,12
922179735,0,2,2,1,1,1,3,10
1061877018,0,1,0,1,1,2,0,5
1064719672,0,2,2,1,1,1,1,8
1055160496,3,2,2,1,1,2,3,14
1037101259,0,2,0,1,1,2,1,7
1030179939,0,1,0,0,0,1,0,2
140087238,0,0,0,0,0,0,0,0
285951157,0,2,3,1,1,0,0,7
291003722,0,0,0,0,0,0,0,0
284245121,3,2,2,3,2,2,3,17
444410966,0,0,0,0,0,0,0,0
18179492,0,0,0,0,0,0,0,0
250636584,0,1,1,1,1,2,2,8
785417769,3,3,0,1,0,2,2,11
814294625,0,0,0,1,0,1,1,3
757047918,0,1,0,1,1,2,1,6
77218,0,0,0,0,0,0,0,0
942697184,2,2,1,1,2,2,2,12
482810546,3,3,3,3,3,2,3,20
19325612,3,3,3,3,3,2,1,18
1015642731,0,2,0,1,1,1,1,6
1000737795,0,2,0,1,1,1,1,6
1000632227,0,0,0,0,0,0,0,0
950731046,0,0,0,0,0,0,0,0
1014076554,0,2,3,3,2,2,3,15
1009346322,0,2,3,1,2,2,3,13
1014059792,0,1,3,1,1,2,0,8
1013890282,0,2,3,1,1,1,3,11
1054464548,0,2,1,1,1,1,1,7
723606932,0,0,0,0,0,0,0,0
384156754,0,1,0,0,1,1,0,3
1040680728,0,0,0,0,0,0,0,0
946187531,0,0,0,0,0,0,0,0
817563264,0,2,1,1,0,1,1,6
1054292163,3,2,3,1,1,2,1,13
871557434,3,2,3,3,2,2,3,18
744097608,3,3,3,3,3,2,3,20
660131174,0,1,0,1,1,2,1,6
436602933,0,2,1,3,1,1,1,9
675555297,0,2,0,1,1,1,0,5
404063728,0,2,1,0,1,1,0,5
912271807,2,3,3,1,1,2,3,15
589046513,1,2,2,1,1,1,3,11
160895231,0,0,0,0,0,0,0,0
163181597,0,0,0,0,0,0,0,0
383851214,0,2,1,1,1,1,1,7
647802721,0,2,1,0,1,1,0,5
315118619,0,2,2,1,1,1,1,8
358319371,0,0,0,0,0,0,0,0
500729109,0,2,2,1,1,1,0,7
413743189,0,1,0,1,1,2,1,6
1078541813,0,2,2,1,2,1,1,9
1055678559,2,1,0,1,1,1,1,7
1038772558,3,3,3,3,3,2,3,20
514113553,3,3,3,3,3,2,3,20
26349057,3,3,3,3,2,2,3,19
711057649,3,3,3,3,3,2,3,20
787984997,3,3,3,3,3,1,3,19
658399593,0,2,2,1,1,1,3,10
994280467,3,2,1,2,2,0,0,10
992871762,0,1,0,1,0,2,2,6
487044099,3,3,3,2,2,2,3,18
1049540016,0,1,0,1,1,2,0,5
1068053639,0,2,0,0,0,1,0,3
888608379,0,1,0,1,1,2,0,5
1049149043,0,0,0,0,0,0,0,0
906640559,3,3,3,3,2,2,3,19
978367577,3,3,3,3,3,2,3,20
508370966,3,3,3,3,3,2,3,20
476417305,3,3,3,3,3,2,3,20
746326256,3,3,3,3,3,2,3,20
554690423,3,3,3,3,3,2,3,20
348650899,3,3,3,3,2,2,3,19
600690032,3,3,3,3,3,2,3,20
332477974,3,3,3,3,2,2,3,19
991582121,1,2,0,1,2,2,1,9
930350931,3,3,2,3,2,2,3,18
951281633,3,2,3,3,3,2,1,17
968186325,3,3,2,3,2,2,3,18
938569914,0,2,0,0,1,1,0,4
203956913,0,0,0,0,0,0,0,0
203956241,0,0,0,0,0,0,0,0
871633274,0,1,0,1,1,2,0,5
964122765,1,2,3,1,1,2,3,13
430580439,3,3,3,3,2,2,3,19
879225679,0,2,0,1,1,1,1,6
748242503,0,2,1,1,2,1,1,8
1074054319,0,1,0,1,1,2,1,6
1071422925,0,2,0,1,1,1,1,6
1056304279,3,2,3,3,1,2,1,15
1004111256,0,2,2,1,1,1,1,8
1082087923,0,0,0,0,0,0,0,0
1068032505,1,2,3,1,2,2,1,12
1067648523,0,1,0,0,0,1,0,2
1079371585,0,2,0,0,1,1,0,4
441347814,0,2,2,1,1,2,1,9
524519551,0,2,0,1,1,2,1,7
545625395,0,2,0,0,1,1,0,4
871255701,0,1,0,1,1,2,0,5
1081336503,3,2,3,1,1,2,0,12
1070189535,2,2,2,1,2,2,1,12
337862748,3,3,2,3,2,2,1,16
530756256,3,3,3,1,2,2,2,16
188406277,0,0,0,0,0,0,0,0
977966953,1,2,2,1,2,2,1,11
19385245,0,0,0,0,0,0,0,0
159315437,3,3,3,3,3,2,1,18
958564019,0,1,2,0,0,1,0,4
894675189,0,2,1,0,1,1,0,5
844126634,3,3,3,3,2,2,3,19
968046992,3,3,2,2,2,2,3,17
1083169899,0,1,0,1,1,0,0,3
1079810096,0,0,0,0,0,0,0,0
1077220207,0,0,0,0,0,0,0,0
1077580027,0,0,0,0,0,0,0,0
1074581975,2,2,3,1,1,1,3,13
1076602506,0,0,0,0,0,0,0,0
1075057954,0,0,0,0,0,0,0,0
1061570994,1,3,0,3,1,1,1,10
1046026922,0,2,3,1,2,1,3,12
1073584364,0,0,0,0,0,0,0,0
953402047,0,2,0,1,0,2,0,5
1014100969,0,0,0,0,0,0,0,0
1080656334,0,2,0,0,0,1,0,3
1080613476,0,2,0,1,1,2,1,7
832098693,0,2,2,1,2,1,1,9
701287236,0,1,0,1,1,2,2,7
1080518942,0,1,0,1,1,1,0,4
626219976,0,0,0,0,0,0,0,0
1954637,0,0,0,0,0,0,0,0
891503579,1,2,3,3,2,2,1,14
49905542,0,0,0,0,0,0,0,0
945946027,0,0,0,0,0,0,0,0
643752852,3,3,3,3,3,2,3,20
650089974,3,3,3,3,3,1,3,19
1011484706,0,2,2,1,2,1,1,9
655116854,0,2,0,0,0,1,0,3
1018295966,0,2,1,1,1,1,1,7
553992262,0,0,0,0,0,0,0,0
997667506,0,1,1,1,2,1,1,7
960618971,3,3,3,3,2,2,3,19
151622248,0,0,0,0,0,0,0,0
967684503,0,2,1,1,1,1,1,7
992293469,0,1,1,1,1,1,1,6
306784634,3,2,2,1,2,2,3,15
1029717929,0,0,0,0,0,0,0,0
96638289,0,0,0,0,0,0,0,0
101811415,0,0,0,0,0,0,0,0
1027595229,3,3,3,3,3,2,1,18
472077983,3,3,3,3,3,2,3,20
831603644,3,3,3,3,3,2,3,20
961812382,3,3,3,3,2,2,3,19
890326947,3,3,3,3,3,2,1,18
935381909,3,3,3,3,3,2,3,20
926683466,3,2,2,1,2,2,3,15
1038462484,0,1,0,1,1,2,2,7
1076615876,3,3,3,3,2,2,3,19
589251347,3,3,3,3,3,2,3,20
1071132056,0,2,3,3,2,1,1,12
606637694,3,3,3,3,3,2,3,20
1051168995,3,3,3,3,3,2,3,20
1049539238,0,1,2,0,1,1,0,5
1012750393,0,2,2,1,1,1,0,7
1041652954,0,2,0,0,1,1,0,4
1032537909,3,3,3,1,3,2,3,18
973346287,3,3,3,3,3,2,3,20
159526965,3,3,3,3,3,2,3,20
867835693,0,1,0,1,1,2,1,6
987069421,1,2,2,2,1,2,1,11
915813508,0,2,2,2,1,2,1,10
621184695,2,2,1,1,1,2,1,10
390873073,3,3,3,3,2,2,3,19
959527068,2,2,2,2,1,2,1,12
378652688,3,3,3,2,3,2,3,19
872063196,3,2,2,3,2,2,1,15
930512157,1,2,0,1,1,2,1,8
585028661,3,2,2,1,3,2,1,14
952170472,3,3,3,3,2,2,3,19
1030708417,0,2,0,1,1,2,1,7
1052466906,0,2,1,1,1,1,1,7
1060678083,2,2,2,3,2,2,2,15
1058056547,0,2,2,1,1,2,3,11
1074034563,0,2,2,1,1,2,3,11
1011668752,0,1,0,0,2,1,0,4
1075539475,0,2,1,1,1,1,1,7
1061953663,0,2,2,1,1,1,1,8
693555919,0,2,1,1,1,1,1,7
722978158,3,3,0,3,2,2,2,15
1040459313,3,3,3,3,2,2,1,17
785797572,1,2,2,3,1,1,3,13
1036646819,3,3,3,2,3,2,3,19
1005990876,0,1,2,1,1,1,1,7
315862477,3,3,3,3,3,2,3,20
944413585,3,3,2,1,2,2,1,14
604669338,3,3,3,3,3,2,3,20
984011461,3,3,2,2,2,2,1,15
1018378606,1,2,0,2,3,2,0,10
1018377958,1,2,0,2,3,2,0,10
101837229,0,0,0,0,0,0,0,0
1018370165,1,1,0,2,3,2,0,9
1018368332,1,1,0,2,3,2,0,9
897805076,1,2,0,1,1,2,1,8
897803729,2,2,0,1,1,2,0,8
897804162,1,2,1,1,1,2,0,8
968952751,3,2,0,3,2,2,1,13
968949619,3,2,0,3,2,2,1,13
968937944,3,2,0,3,1,2,1,12
96889604,0,0,0,0,0,0,0,0
968890451,0,2,1,2,1,1,0,7
968882581,0,2,0,1,2,1,0,6
1066053278,1,2,1,1,1,2,1,9
705760595,0,0,0,0,0,0,0,0
918669614,0,1,0,1,1,1,1,5
601801234,3,3,3,3,2,2,3,19
591995651,1,2,0,1,1,2,1,8
812028588,3,3,3,2,2,1,3,17
695358223,3,3,3,3,2,2,3,19
20659353,0,0,0,0,0,0,0,0
964075756,3,3,2,2,2,2,1,15
1042201578,3,3,2,3,2,2,1,16
1028853084,3,3,2,3,3,2,3,19
1034553236,0,0,0,0,0,0,0,0
952417697,0,2,1,1,1,1,1,7
998091864,0,2,2,1,1,1,3,10
718085371,0,1,3,1,1,2,0,8
1068093144,3,3,3,3,2,1,1,16
996457658,3,2,1,2,2,2,1,13
964168454,0,0,0,0,0,0,0,0
553522043,3,3,2,2,2,1,3,16
755640654,3,3,3,3,3,1,3,19
26147357,0,0,0,0,0,0,0,0
349461607,0,2,3,3,1,1,3,13
164429846,0,2,2,1,1,2,3,11
531619304,0,2,2,1,2,1,3,11
205780662,2,3,2,1,2,1,3,14
964144713,0,2,3,1,2,1,3,12
508779896,0,2,3,1,1,1,3,11
132302198,2,2,3,1,1,2,3,14
964009479,0,2,3,3,1,1,3,13
536666306,0,2,0,1,1,2,1,7
856544003,0,2,2,2,1,1,1,9
1027334479,0,2,1,1,1,1,1,7
734582467,3,3,3,3,3,2,3,20
470312112,3,3,1,3,2,2,1,15
1038763592,3,3,3,1,1,2,1,14
1004306151,0,0,0,0,0,0,0,0
695826412,3,3,2,3,2,2,3,18
868498751,3,3,2,2,3,1,3,17
964921929,3,3,3,3,3,2,3,20
988597987,3,2,2,2,3,2,3,17
463553665,3,3,3,3,3,2,3,20
701659307,3,2,1,1,2,2,1,12
951711815,3,3,2,2,3,2,1,16
1068137302,3,3,3,3,2,2,3,19
1070320829,0,2,0,0,0,1,0,3
1008221359,3,3,3,1,1,2,1,14
1072391899,3,3,0,2,2,2,1,13
917053904,1,2,3,1,2,2,3,14
1008265363,3,2,1,1,2,2,1,12
1068237661,3,3,3,3,3,1,3,19
1062512976,3,3,3,2,3,2,1,17
1048605692,3,2,3,3,2,2,3,18
229425472,0,2,1,2,1,1,1,8
894011637,0,0,0,0,0,0,0,0
782820052,0,2,0,1,1,1,1,6
1074107775,3,3,2,1,1,1,0,11
1049109718,0,2,1,0,1,1,0,5
701348889,0,2,1,2,2,1,1,9
114855572,0,0,0,0,0,0,0,0
1041324424,0,2,2,1,1,1,3,10
1039685418,0,0,0,0,0,0,0,0
968540421,3,2,2,1,2,2,3,15
225842421,0,0,0,0,0,0,0,0
901171595,0,2,2,2,2,1,1,10
992070955,3,3,3,3,2,2,3,19
871543948,3,3,3,3,2,2,3,19
798475654,2,2,2,3,2,2,3,16
584648423,2,2,2,1,3,2,3,15
866161944,3,3,3,3,2,2,3,19
448314537,2,2,2,1,2,2,3,14
912600626,3,3,3,3,3,2,3,20
277474806,3,2,2,2,3,2,3,17
430999356,3,3,2,2,3,2,3,18
372439996,1,3,2,3,2,2,1,14
454680923,0,0,0,0,0,0,0,0
325470347,0,1,0,0,0,1,0,2
324427558,0,1,0,0,0,1,0,2
1073443966,0,0,0,0,0,0,0,0
1072910611,0,1,0,1,1,2,0,5
1071819597,0,2,0,0,0,1,0,3
1067864276,0,1,0,1,1,2,2,7
1012863048,0,1,0,1,1,2,0,5
732490256,2,2,2,3,3,1,1,14
978487662,0,1,0,0,1,1,0,3
23600596,0,0,0,0,0,0,0,0
1052839821,0,2,0,1,1,1,3,8
1063396624,0,0,0,0,0,0,0,0
1043340642,0,2,0,1,0,1,1,5
1049670176,2,2,1,3,1,1,1,11
495576809,0,2,2,1,1,1,1,8
677394225,0,2,2,1,2,1,3,11
945287318,0,1,0,1,1,2,0,5
983037556,0,1,0,1,1,2,0,5
950712645,0,1,0,1,0,2,0,4
988971633,3,2,2,2,2,2,3,16
1068792881,0,0,0,0,0,0,0,0
883534462,3,3,3,3,3,1,3,19
1065390479,0,2,0,1,0,1,1,5
655787872,3,3,3,3,3,1,3,19
1013640996,3,3,3,3,3,1,1,17
1045311375,3,3,3,3,3,1,3,19
140751896,3,3,3,3,3,2,3,20
1018061914,0,2,2,1,2,2,1,10
894739035,0,3,3,2,2,2,3,15
113321949,3,3,3,2,3,2,3,19
781668407,3,3,3,3,2,2,3,19
53222722,0,0,0,0,0,0,0,0
778618672,3,3,3,3,3,2,3,20
656025354,3,3,3,3,3,2,3,20
886837893,3,3,3,3,3,2,3,20
950008938,0,2,0,0,1,1,0,4
411932612,0,2,1,2,1,1,0,7
1049823219,3,3,3,3,3,2,3,20
2950001,1,2,2,1,2,2,3,13
975869354,0,0,0,0,0,0,0,0
729537554,2,2,2,1,2,2,3,14
1007870253,0,2,2,1,1,1,3,10
1077286398,0,2,2,2,1,1,1,9
918258873,0,0,0,0,0,0,0,0
465110826,0,3,3,1,2,1,3,13
973135021,0,1,1,0,1,1,0,4
948890456,3,2,2,3,2,1,3,16
998022608,3,3,3,3,2,2,3,19
468489584,1,2,1,3,2,1,1,11
641440706,0,2,2,1,1,1,1,8
828081724,3,3,2,3,2,1,3,17
1082526486,0,0,0,0,0,0,0,0
954536426,0,2,1,3,2,1,1,10
794178496,3,2,2,2,3,2,3,17
356883353,3,3,2,2,3,2,1,16
871046062,2,2,2,1,1,2,1,11
987837298,0,2,1,1,2,1,1,8
973754638,0,1,0,1,1,2,1,6
894998818,3,3,2,2,2,1,1,14
1080228192,0,0,0,0,0,0,0,0
1034353717,0,0,0,0,0,0,0,0
1021876016,0,0,0,0,0,0,0,0
709573718,0,0,0,0,0,0,0,0
571943427,3,2,2,1,2,2,3,15
432329063,3,2,3,3,2,2,3,18
657814504,3,2,2,2,2,2,1,14
323379973,3,3,3,2,2,2,3,18
117148947,0,0,0,0,0,0,0,0
952458103,3,3,2,3,2,2,3,18
1076350555,0,0,0,0,0,0,0,0
1039771295,0,2,2,1,2,1,3,11
1030913024,3,3,2,3,2,2,3,18
784390518,0,2,3,3,2,1,3,14
956533809,0,2,2,1,1,1,3,10
781853296,0,2,2,1,1,1,3,10
645838775,0,2,2,1,1,1,3,10
942825874,1,2,2,3,2,1,3,14
541615666,3,3,3,2,3,2,3,19
442585886,1,2,3,1,1,2,1,11
637825016,3,3,3,3,2,2,3,19
903429201,0,2,0,1,1,2,0,6
429525467,1,2,0,1,1,2,0,7
331396581,3,3,3,3,2,1,0,15
857657906,3,3,3,1,2,2,3,17
1048521127,3,3,3,3,2,2,3,19
662812843,0,2,0,1,1,1,1,6
614505727,3,3,3,3,3,2,3,20
1042517006,0,2,0,0,0,1,0,3
763617285,3,3,3,3,2,2,3,19
693454231,3,3,3,3,2,2,1,17
704069698,3,3,3,3,3,2,2,19
103371112,0,0,0,0,0,0,0,0
573154174,2,2,2,1,2,2,3,14
413450195,3,3,3,3,3,2,3,20
1011295462,2,2,3,3,2,2,1,15
998962995,3,3,0,0,1,0,0,7
722065147,0,0,0,1,1,0,0,2
1041863074,0,2,1,1,1,2,1,8
1034142534,0,2,0,1,1,2,1,7
979640593,3,3,1,1,1,2,1,12
588871387,3,2,3,1,2,2,2,15
1002407719,1,3,2,3,2,2,3,16
992010031,3,3,3,3,2,2,3,19
1081799871,0,1,0,0,1,1,0,3
983977493,0,1,2,1,1,1,1,7
1059319692,0,2,2,1,1,1,1,8
957084064,2,2,2,1,1,2,3,13
1034156639,0,2,2,1,1,1,1,8
1036562524,0,0,0,0,0,0,0,0
1068580848,0,2,2,1,2,1,1,9
911907393,1,2,2,3,1,1,1,11
1044009543,0,2,2,1,1,1,3,10
106960075,3,3,3,3,3,2,3,20
946453927,0,2,2,1,2,1,3,11
1038092935,3,3,3,1,1,2,1,14
730550248,0,1,2,0,0,0,0,3
821817471,0,2,1,1,1,1,1,7
704161215,1,3,3,3,2,1,1,14
1001806562,0,0,0,0,0,0,0,0
1000622508,3,3,3,3,3,2,3,20
875158593,3,3,2,3,2,1,3,17
364261771,0,2,0,0,1,1,0,4
677962326,0,0,0,0,0,0,0,0
482808921,0,0,0,0,0,0,0,0
362247627,0,0,0,0,0,0,0,0
1013485704,0,1,0,0,1,2,0,4
964625999,0,0,0,0,0,0,0,0
914724069,0,1,0,1,1,2,0,5
903497828,0,0,0,0,0,0,0,0
117629601,0,0,0,0,0,0,0,0
768570416,3,3,3,3,2,2,3,19
934077536,3,2,2,1,1,2,1,12
1074094029,0,0,0,0,0,0,0,0
1070954306,0,0,0,0,0,0,0,0
1065564282,0,0,0,0,0,0,0,0
1075712238,0,1,0,0,1,1,0,3
1064523173,2,2,2,1,2,2,2,13
107667471,0,0,0,0,0,0,0,0
1074147249,1,2,1,1,1,1,1,8
849766318,0,2,0,1,1,2,2,8
1067985846,2,2,2,1,2,2,2,13
572042764,3,3,3,3,2,1,3,18
1071135642,0,2,0,0,2,1,0,5
949260793,0,1,0,1,1,2,0,5
986461689,0,2,0,1,1,1,1,6
870068672,2,3,2,1,2,2,3,15
1035927801,0,2,1,1,1,1,1,7
948885135,1,2,2,3,3,1,3,15
875511193,0,2,2,1,1,1,3,10
1001171906,0,0,0,0,0,0,0,0
996852469,0,0,0,0,0,0,0,0
989172048,0,0,0,0,0,0,0,0
934876129,0,0,0,0,0,0,0,0
934876648,0,0,0,0,0,0,0,0
934887158,0,0,0,0,0,0,0,0
934885651,0,0,0,0,0,0,0,0
934886075,0,1,0,0,0,1,0,2
934847349,0,0,0,0,0,0,0,0
1064729079,0,2,2,3,2,2,3,14
1079658892,0,0,0,0,0,0,0,0
665926682,0,0,0,0,0,0,0,0
1011437249,1,2,2,1,2,1,1,10
1054507834,3,3,3,3,2,1,1,16
396840414,1,2,2,1,2,1,3,12
1067116563,0,2,1,1,1,1,1,7
100082121,0,0,0,0,0,0,0,0
220215099,0,0,0,0,0,0,0,0
12503744,0,0,0,0,0,0,0,0
873350208,0,2,1,1,1,2,2,9
740178078,3,2,3,1,2,2,1,14
642488731,3,3,3,3,3,2,3,20
954252124,0,2,0,1,1,1,1,6
977405923,0,2,2,1,1,1,1,8
1043260193,3,3,3,3,3,2,3,20
872090041,3,3,3,3,3,1,3,19
1008288091,0,2,1,0,1,1,0,5
1003894604,3,2,3,3,2,2,3,18
441081785,2,3,1,3,2,1,1,13
103179629,0,0,0,0,0,0,0,0
773726157,0,1,0,0,1,1,0,3
888181726,1,2,0,1,2,2,1,9
881529851,1,3,1,3,2,1,1,12
860392799,0,1,0,0,1,2,0,4
956555051,0,1,0,1,1,2,0,5
953047109,0,0,0,0,0,0,0,0
953775271,3,3,2,1,1,2,3,15
1081855188,0,2,1,1,1,1,1,7
1080825932,3,1,0,1,1,2,2,10
1071031916,1,2,2,3,2,2,1,13
1056703705,0,1,0,1,1,1,1,5
1076882458,0,1,0,1,0,1,1,4
1071099827,0,2,0,1,2,1,1,7
72754074,0,0,0,0,0,0,0,0
789130585,0,1,2,1,1,1,1,7
953281033,0,1,0,3,2,1,1,8
1080268959,0,2,0,0,0,1,0,3
1079582766,0,2,1,0,1,1,0,5
1072313974,1,2,0,1,1,2,1,8
1077574013,0,2,1,0,1,1,0,5
1065979889,0,0,0,0,0,0,0,0
1071306733,0,2,0,1,1,2,1,7
1071863045,0,2,3,1,1,1,1,9
1043700887,0,1,0,1,1,2,1,6
1071724066,0,2,0,1,1,1,1,6
730491266,0,2,3,1,1,1,3,11
1067947331,0,2,0,0,0,1,0,3
1062927573,0,2,1,1,1,1,1,7
48135084,0,0,0,0,0,0,0,0
203720382,0,1,1,0,1,1,0,4
1014104402,0,2,1,1,1,1,1,7
15604558,0,0,0,0,0,0,0,0
91395993,0,0,0,0,0,0,0,0
427279282,0,2,1,0,0,1,0,4
194105952,0,0,0,0,0,0,0,0
747813651,3,3,3,3,3,2,3,20
213436413,3,2,2,2,3,2,3,17
665637985,3,2,2,3,1,2,1,14
174887583,3,3,3,3,3,2,3,20
773224995,1,3,2,2,3,2,1,14
1080313902,0,0,0,0,0,0,0,0
1076572553,2,3,2,3,2,1,3,16
1076119142,0,2,1,2,3,1,0,9
1072288407,0,0,0,0,0,0,0,0
1068588468,2,3,1,3,2,1,1,13
1069539425,0,2,2,2,3,1,1,11
100469622,0,0,0,0,0,0,0,0
970965138,0,2,1,1,1,1,1,7
674213415,0,3,2,1,1,1,1,9
657485864,0,3,3,1,2,1,1,11
1038832081,0,1,0,0,1,1,0,3
1011680011,0,1,0,1,1,1,0,4
994726358,3,3,3,3,2,2,3,19
989684716,1,2,2,1,2,2,2,12
989692881,0,2,0,1,1,2,0,6
993153136,0,2,2,1,2,2,2,11
993153804,2,2,0,1,2,2,1,10
993152573,0,3,1,1,2,2,2,11
993152805,1,2,1,2,2,2,2,12
63957956,0,0,0,0,0,0,0,0
981569267,1,2,1,1,2,1,1,9
1073804818,3,2,2,3,2,2,3,17
1040727873,0,1,0,1,1,2,0,5
1041417916,0,2,0,1,1,2,0,6
750239618,3,2,2,1,2,2,3,15
1028873808,0,2,0,0,0,1,0,3
974381393,1,3,2,1,2,2,1,12
486444622,0,0,0,0,0,0,0,0
742857027,3,3,3,3,3,1,3,19
422666151,0,2,2,1,1,1,3,10
119999022,0,0,0,0,0,0,0,0
269984845,3,2,3,1,2,2,3,16
577606038,0,2,1,1,1,1,1,7
833971245,3,3,3,3,3,1,3,19
1079299674,3,3,2,3,2,1,3,17
1080388039,0,2,2,1,1,1,1,8
949131493,3,3,2,3,2,1,3,17
1076441421,1,2,3,1,1,2,3,13
1076333597,0,2,1,1,2,1,1,8
872118747,0,1,0,1,1,2,0,5
747256654,0,1,0,1,1,1,1,5
956593029,2,2,0,1,1,2,1,9
1076389458,0,2,0,0,0,1,0,3
1007599415,0,2,0,0,0,1,0,3
857152571,0,0,0,0,0,0,0,0
901025505,2,3,2,1,2,1,1,12
1051987979,0,2,2,2,1,1,1,9
922988853,0,2,1,3,1,1,1,9
722780367,0,2,1,3,1,1,1,9
1051636944,0,1,0,1,1,1,0,4
1048984747,0,2,1,1,1,1,1,7
780891648,3,2,3,3,2,1,3,17
1052281786,0,2,0,1,1,2,2,8
1060756928,2,2,2,2,1,2,1,12
885814151,3,3,3,3,3,2,3,20
959203804,3,2,2,3,3,2,3,18
1064026165,3,2,1,0,1,2,0,9
1030904613,0,2,2,1,1,2,2,10
1020663884,0,1,0,1,1,2,0,5
1022458504,0,0,0,0,0,0,0,0
1056460658,0,1,0,1,1,2,0,5
1048563569,0,2,0,1,1,2,1,7
1039797811,0,1,0,1,1,2,1,6
1048188676,3,2,3,3,2,2,2,17
735338055,3,3,3,3,3,2,3,20
918809434,2,3,1,1,2,1,1,11
1067009927,2,2,2,1,2,2,3,14
614998023,0,2,2,1,3,2,3,13
623828329,0,2,2,1,3,2,3,13
761285475,0,2,1,1,1,1,1,7
756240122,0,1,2,1,1,1,1,7
700843551,3,3,3,3,3,1,3,19
1020948778,0,2,2,1,1,1,1,8
607230932,2,2,3,2,2,1,3,15
1044345666,0,0,0,0,0,0,0,0
1067760143,0,2,0,0,0,1,0,3
1054873489,0,1,3,1,1,2,3,11
11343465,0,0,0,0,0,0,0,0
932107264,3,3,3,3,3,2,3,20
245970184,0,0,0,0,0,0,0,0
336131986,0,1,0,1,1,2,0,5
871227597,3,3,3,3,3,2,3,20
974447672,3,3,3,3,3,2,3,20
948563463,3,3,3,3,2,2,1,17
249192621,0,0,0,0,0,0,0,0
1029762042,3,3,1,3,2,1,1,14
964340587,0,2,2,3,1,1,1,10
958023677,3,3,3,3,3,2,3,20
812802063,1,2,1,1,1,2,1,9
1052889479,0,2,2,1,1,1,1,8
571956332,3,3,3,3,3,2,3,20
960588878,3,3,3,3,3,2,3,20
970011992,0,0,0,0,0,0,0,0
1018326856,0,0,0,0,0,0,0,0
603774877,0,2,0,1,1,1,1,6
1026200955,3,2,3,2,2,2,3,17
783958137,0,2,2,1,1,1,3,10
933579725,0,3,3,2,2,1,1,12
753823539,1,2,2,3,1,2,3,14
950011911,3,3,3,3,2,2,3,19
725159107,1,2,2,1,2,2,3,13
809623321,3,2,3,3,2,2,3,18
933993576,0,1,0,1,1,2,2,7
1015062666,3,2,3,1,1,2,3,15
991728621,0,1,2,1,1,2,1,8
991736102,0,0,0,0,0,0,0,0
1071677887,0,0,0,0,0,0,0,0
1052990079,0,1,0,1,1,2,0,5
1067671165,0,2,0,0,0,1,0,3
620655591,0,2,2,2,3,2,1,12
585504733,1,2,3,1,1,1,3,12
879661215,1,2,2,1,2,3,1,12
787678561,1,2,0,1,1,2,1,8
579906623,1,2,3,3,2,2,2,15
569623924,2,2,3,1,2,2,3,15
624081693,3,2,2,3,2,2,3,17
862437533,0,2,3,3,2,2,3,15
884378303,3,2,3,1,2,1,3,15
544572937,3,3,3,1,2,2,1,15
1014037515,0,2,2,1,1,1,1,8
431100217,3,2,2,3,2,2,3,17
1009367803,0,2,1,1,1,2,2,9
170991315,0,0,0,0,0,0,0,0
548561771,0,2,2,1,2,1,3,11
761595645,0,0,0,0,0,0,0,0
991832183,0,1,0,1,1,1,0,4
976028715,0,1,0,1,1,1,0,4
988472884,2,2,2,1,2,2,3,14
987558806,0,0,0,0,0,0,0,0
961759892,0,1,0,1,1,2,0,5
965961061,0,1,0,1,1,1,0,4
950779046,3,3,2,1,2,2,2,15
967803771,0,2,2,2,2,2,1,11
958194326,0,1,0,1,1,2,0,5
947390703,0,1,0,1,1,2,1,6
1080866993,0,2,0,0,0,1,0,3
918158271,3,3,2,3,2,2,1,16
1080625293,0,0,0,0,0,0,0,0
1029482161,3,3,3,3,2,2,3,19
722511045,3,3,2,2,1,1,3,15
813860763,0,2,2,1,2,1,3,11
1010817929,0,1,1,0,1,1,0,4
1059458395,0,1,0,0,0,1,0,2
475079649,3,3,2,3,2,2,3,18
940445875,0,2,2,1,1,1,3,10
1049060163,0,1,0,0,0,1,0,2
869240939,0,2,1,1,1,1,1,7
547553536,0,2,0,0,0,1,0,3
844499019,0,1,0,1,1,2,0,5
842077295,0,1,0,1,1,2,1,6
188830446,1,1,2,2,2,2,1,11
637573691,0,1,0,0,1,1,0,3
314620903,0,1,2,1,0,2,3,9
543769921,1,1,3,1,2,2,3,13
190531329,0,0,0,0,0,0,0,0
226300979,0,0,0,0,0,0,0,0
987526392,0,2,1,3,1,1,1,9
1040555468,0,0,0,0,0,0,0,0
1010757176,0,2,0,1,1,1,1,6
886112471,0,2,2,1,1,1,1,8
964166123,0,0,0,0,0,0,0,0
894605587,3,3,3,3,3,2,3,20
1005009024,0,1,0,1,1,2,0,5
52511428,0,0,0,0,0,0,0,0
999833549,2,2,3,1,2,1,1,12
336027139,0,2,1,1,1,1,1,7
907827109,0,2,2,1,1,1,1,8
714679255,3,3,3,1,3,2,3,18
944885732,3,3,3,1,3,2,3,18
615634894,0,0,0,0,0,0,0,0
704142949,0,2,1,0,1,1,0,5
706742857,0,1,0,0,1,1,0,3
583678888,0,1,0,0,1,1,0,3
509975156,1,1,2,1,1,1,3,10
991497887,3,3,3,3,2,2,3,19
943764099,3,3,3,3,2,2,3,19
1023118525,0,2,1,1,1,1,1,7
1051095744,0,2,0,0,0,1,0,3
1022152502,3,3,1,2,3,1,1,14
1021664464,3,3,2,3,2,2,3,18
1022773742,0,2,0,1,0,1,1,5
988291634,0,0,0,0,0,0,0,0
1019042978,3,2,3,2,3,1,1,15
1059747593,2,2,0,1,2,2,1,10
1052606756,0,1,0,1,1,2,1,6
1048005547,0,2,2,1,1,2,1,9
1066927105,2,2,2,3,2,1,3,15
992122027,3,1,3,1,1,2,0,11
801859513,1,2,2,1,2,2,0,10
1056575052,0,2,0,1,1,1,1,6
1052812382,0,2,1,3,2,1,1,10
960451802,3,3,3,3,2,2,3,19
1049028444,3,2,1,1,1,2,1,11
1018909087,1,3,2,1,2,1,1,11
1014125162,0,2,0,1,1,1,1,6
1046271543,1,2,2,3,2,2,1,13
1043984715,0,2,0,1,1,1,1,6
625387217,0,2,2,1,1,2,2,10
1018403105,0,2,0,1,1,1,1,6
950416398,0,2,0,1,1,1,1,6
907745074,2,2,0,2,2,2,1,11
910580721,0,0,0,0,0,0,0,0
1015426192,3,3,3,3,3,2,3,20
1040904826,2,3,2,3,1,1,1,13
1033186106,1,1,2,1,1,1,3,10
657168951,3,3,3,3,3,2,3,20
387963615,3,3,3,3,3,2,3,20
872823526,3,3,2,3,2,1,3,17
739416017,3,3,2,3,2,1,3,17
682297682,3,3,3,3,3,2,3,20
1082780921,0,0,0,0,0,0,0,0
1080867269,0,2,2,2,1,1,3,11
1080862664,0,0,0,0,0,0,0,0
1074262809,0,0,0,0,0,0,0,0
1043233761,0,2,1,2,2,2,1,10
1078902005,2,2,2,1,2,1,1,11
928360069,0,3,2,1,1,1,3,11
908790688,0,1,0,0,1,1,0,3
928364281,0,3,3,1,1,1,3,12
927608366,3,3,2,2,1,1,3,15
1076141378,0,0,0,0,0,0,0,0
1077098253,0,0,0,0,0,0,0,0
1052437061,3,2,3,1,1,2,2,14
730150555,3,3,3,3,3,1,3,19
1014100583,3,3,3,3,3,2,3,20
947103431,3,3,3,3,3,2,3,20
953870941,3,3,3,3,3,2,3,20
1041732268,0,0,0,0,0,0,0,0
991908163,3,3,2,2,2,1,1,14
1036672745,0,2,1,0,1,1,0,5
854513531,0,1,0,1,1,2,2,7
1010950362,0,0,0,0,0,0,0,0
977765011,0,0,0,0,0,0,0,0
87949858,0,0,0,0,0,0,0,0
966297145,0,2,0,1,1,1,1,6
10093008,0,0,0,0,0,0,0,0
958113561,0,1,0,0,0,1,0,2
101276455,0,0,0,0,0,0,0,0
103232699,0,0,0,0,0,0,0,0
333580441,3,2,3,2,2,2,3,17
163593118,0,0,0,0,0,0,0,0
125920443,0,0,0,0,0,0,0,0
993950172,0,0,0,0,0,0,0,0
380107125,3,3,2,3,3,2,3,19
1058312706,0,2,3,1,1,2,3,12
1066140948,0,2,2,2,3,1,1,11
1062248784,0,2,0,1,0,1,1,5
1065623805,2,2,2,1,2,2,3,14
725765747,0,2,1,1,1,1,1,7
1057972921,0,1,0,0,1,1,0,3
1036729774,0,2,0,1,2,1,1,7
1060498242,1,2,1,1,2,2,2,11
874025316,0,2,0,1,1,1,1,6
1058384352,0,2,0,1,2,1,1,7
1012448139,3,3,0,3,1,1,1,12
992545714,1,3,2,1,1,1,3,12
1032224216,0,2,2,1,1,1,1,8
638125104,0,2,2,1,1,1,1,8
1024939962,1,2,2,1,2,2,3,13
1024904087,1,2,3,3,2,2,3,16
356770302,0,0,0,0,0,0,0,0
86440642,3,2,3,1,3,2,3,17
14630058,0,0,0,0,0,0,0,0
994471844,0,1,0,1,1,2,2,7
1049275108,0,1,0,1,1,1,0,4
1075511092,0,2,2,1,1,1,3,10
1066215287,0,0,0,0,0,0,0,0
1071224915,3,2,2,3,1,1,1,13
730434011,3,3,3,3,3,2,3,20
1067283861,0,0,0,0,0,0,0,0
1054753339,0,1,0,1,1,1,1,5
1064489883,0,2,0,1,1,2,1,7
502652348,3,3,3,1,2,1,3,16
419323475,3,3,3,3,3,2,3,20
1062151267,0,0,0,0,0,0,0,0
366305556,0,1,0,1,1,2,0,5
993956053,3,3,0,1,1,2,1,11
916570187,0,0,0,0,0,0,0,0
897836773,0,1,0,1,1,2,0,5
869502072,0,2,2,1,1,2,3,11
891250319,0,2,0,1,1,2,2,8
888426545,0,1,0,1,1,2,0,5
889242023,0,1,0,1,1,2,0,5
888644974,0,0,0,0,0,0,0,0
1054687661,0,0,0,0,0,0,0,0
1082330834,0,1,0,1,1,2,0,5
1075843572,0,2,2,1,1,1,3,10
1062032822,3,2,3,3,3,2,1,17
1059017332,3,2,2,3,2,2,2,16
3095873,0,0,0,0,0,0,0,0
854136863,3,3,3,3,3,2,3,20
1055833845,0,2,2,2,1,2,2,11
704164499,3,3,3,3,3,1,3,19
733656258,1,2,3,1,3,2,3,15
1013261006,3,2,2,2,2,1,3,15
1014067906,3,3,2,2,2,1,1,14
1047438207,0,2,0,1,1,1,1,6
1008624197,0,0,0,0,1,0,0,1
237371018,0,0,0,0,0,0,0,0
237244719,0,0,0,0,0,0,0,0
236455507,0,0,0,0,0,0,0,0
261810198,0,0,0,0,0,0,0,0
237078316,0,0,0,0,0,0,0,0
992143114,3,2,2,1,1,2,1,12
969839521,1,2,2,1,1,2,3,12
884177332,0,2,1,1,1,1,1,7
317466175,1,2,0,1,1,1,1,7
560492168,3,2,3,3,2,2,3,18
555806585,0,1,3,2,1,1,3,11
549979913,3,2,2,1,2,2,1,13
942589428,3,3,3,3,3,1,3,19
970411979,0,2,0,1,1,2,1,7
188821701,0,0,0,0,0,0,0,0
156065866,0,0,0,0,0,0,0,0
998391351,0,0,0,0,0,0,0,0
997052821,0,0,0,0,0,0,0,0
1054092031,0,1,2,1,1,2,3,10
1000738155,0,0,0,0,0,0,0,0
1037963367,2,2,2,1,1,2,3,13
1053750314,0,2,0,1,1,2,1,7
1046049982,0,2,2,1,1,2,3,11
1027323882,0,2,0,1,1,2,1,7
970396033,0,2,3,1,1,2,3,12
993289836,0,1,0,1,1,2,1,6
910409041,0,2,0,1,1,2,2,8
548749479,3,3,3,3,3,2,3,20
632533748,3,3,3,1,2,2,3,17
667026553,0,2,0,0,1,1,0,4
946071469,0,2,2,1,1,1,1,8
1074406068,3,3,2,2,1,1,1,13
1082030362,0,2,1,1,1,1,1,7
1075167855,0,2,0,0,0,1,0,3
1079113946,0,0,0,0,0,0,0,0
1081511724,0,1,1,2,1,1,0,6
1080593922,0,0,0,0,0,0,0,0
1070939296,0,1,0,0,0,1,0,2
1080714339,0,2,2,1,1,1,1,8
1080047101,0,1,2,1,0,1,3,8
705341051,0,0,0,0,0,0,0,0
1000370454,0,2,2,1,1,2,3,11
889655762,0,0,0,0,0,0,0,0
945598087,0,0,0,0,0,0,0,0
929578884,0,2,1,0,1,1,0,5
987565672,0,0,0,0,0,0,0,0
999596106,0,0,0,0,0,0,0,0
100033599,0,0,0,0,0,0,0,0
872508536,0,1,0,1,1,2,0,5
988906378,0,1,0,1,1,2,0,5
1083001873,0,0,0,0,0,0,0,0
1081295771,0,2,0,1,1,1,1,6
1061764487,0,0,0,0,0,0,0,0
1080875877,0,2,2,1,2,1,1,9
1078957477,0,2,0,1,1,1,1,6
1077892959,3,2,2,3,2,2,3,17
1080188123,0,1,0,1,1,1,1,5
1080306373,0,2,0,3,1,1,1,8
1052354876,0,2,1,1,1,1,1,7
959777657,0,0,0,0,0,0,0,0
945342344,0,0,0,0,0,0,0,0
492047067,2,2,3,1,2,2,3,15
821468857,0,2,0,0,0,1,0,3
757942046,2,2,2,1,2,2,3,14
126348269,0,0,0,0,0,0,0,0
1009680866,0,2,3,3,2,2,1,13
803548325,0,2,2,1,1,1,1,8
592804375,3,3,3,3,1,2,2,17
634548935,3,3,3,3,2,3,3,20
1053278301,3,2,3,1,2,2,3,16
869064047,3,3,3,1,2,2,3,17
92809662,0,0,0,0,0,0,0,0
1028095989,3,3,3,3,2,2,3,19
975466462,0,2,1,1,1,2,1,8
859046201,3,3,2,1,1,2,3,15
1055897606,3,2,3,1,1,2,1,13
641565546,3,3,3,3,3,1,3,19
1017502507,0,2,2,1,1,1,1,8
312028116,0,2,1,1,1,1,1,7
973873362,0,0,0,0,0,0,0,0
615718556,0,3,3,1,1,1,3,12
1041938416,0,1,0,1,1,2,1,6
1030730523,0,0,0,0,0,0,0,0
1023122283,0,1,0,1,1,2,1,6
988839331,0,1,0,1,1,2,0,5
911879122,3,3,3,3,2,2,3,19
820506618,3,3,2,3,3,2,1,17
1059282683,0,0,0,0,0,0,0,0
981336236,0,1,0,0,0,1,0,2
1053888913,0,1,0,1,1,1,1,5
1044520455,0,0,0,0,0,0,0,0
1043563168,0,1,0,1,1,1,1,5
1046200236,0,2,1,1,1,1,1,7
1035899057,0,1,0,1,1,2,0,5
1040590872,0,2,0,0,0,1,0,3
832788653,3,3,2,1,2,2,3,16
943984834,3,3,3,2,3,2,3,19
958155055,0,2,1,1,1,2,1,8
677874006,2,2,0,1,1,1,1,8
666353367,3,3,3,3,2,2,3,19
79544896,0,0,0,0,0,0,0,0
1010448189,3,3,3,3,2,2,3,19
909918416,3,3,3,3,2,2,3,19
777590906,3,3,3,3,2,2,3,19
969666568,3,2,2,1,1,2,3,14
560243932,3,3,3,3,3,2,3,20
955886362,3,2,2,1,1,2,3,14
643833854,0,2,1,3,1,1,1,9
927703445,3,3,3,3,2,2,3,19
171181805,0,0,0,0,0,0,0,0
85609372,0,0,0,0,0,0,0,0
301514002,1,2,2,1,1,2,2,11
790361877,1,2,0,3,2,1,1,10
1034344839,0,2,0,0,1,1,0,4
43217996,0,0,0,0,0,0,0,0
1009746959,0,2,3,2,2,1,3,13
408097673,0,2,2,3,1,1,1,10
779612786,0,2,0,1,1,1,1,6
1027332803,0,2,3,1,1,2,3,12
401827148,0,2,3,3,2,1,3,14
817168075,0,2,1,1,1,1,1,7
866428459,3,2,2,3,3,2,2,17
1071154383,3,2,3,1,1,2,1,13
1048528009,1,2,3,3,2,2,3,16
1058692785,2,2,2,1,2,2,3,14
1080933496,0,2,1,0,1,1,0,5
1076164007,0,0,0,0,0,0,0,0
332332044,0,2,0,1,1,1,1,6
1057388701,3,2,2,3,2,2,3,17
838807145,0,0,0,0,0,0,0,0
1013835007,0,0,0,0,0,0,0,0
197608276,0,0,0,0,0,0,0,0
1024321415,0,2,2,1,1,1,1,8
1030119514,0,2,2,1,1,1,3,10
1023350952,0,2,2,1,1,1,3,10
1025085089,0,1,0,1,2,2,1,7
541871375,3,3,3,3,3,2,3,20
875133142,3,3,3,3,2,2,3,19
287064955,3,3,3,3,2,2,3,19
533102687,3,3,3,3,3,2,3,20
25716804,3,3,3,3,2,2,3,19
527409702,3,3,3,3,3,2,3,20
390755716,3,3,3,3,2,2,3,19
98461862,0,0,0,0,0,0,0,0
790633497,3,3,3,3,2,2,1,17
851855204,3,3,2,2,3,2,3,18
101477865,0,0,0,0,0,0,0,0
1045230698,3,3,3,3,3,2,3,20
1045377767,3,3,3,3,3,2,3,20
1056564323,0,2,2,1,1,1,3,10
1055681315,0,0,0,0,0,0,0,0
1055935537,0,2,2,1,1,2,3,11
1055019998,0,0,0,0,0,0,0,0
1054730466,0,2,2,1,1,1,3,10
945332438,3,2,3,3,2,1,1,15
1041833329,0,2,2,1,1,1,1,8
680574672,0,0,0,0,0,0,0,0
1016059604,0,2,0,0,0,1,0,3
772163772,0,2,0,0,0,1,0,3
1061359658,0,2,0,1,1,1,0,5
1054857469,3,2,2,3,2,2,3,17
1009929723,0,1,2,1,3,1,1,9
1027623174,0,2,0,1,1,1,1,6
1026433086,3,2,3,1,1,2,1,13
952435891,0,1,0,0,0,1,0,2
1048505268,3,2,3,3,1,2,1,15
1069418241,0,2,1,1,1,1,1,7
964805689,0,0,0,0,0,0,0,0
922870932,0,2,3,2,1,1,3,12
879384423,0,0,0,0,0,0,0,0
1020224894,2,2,2,1,2,1,1,11
711358842,3,3,3,3,3,2,3,20
235630566,2,2,2,3,1,2,3,15
937356529,2,2,2,1,2,2,3,14
437557486,3,3,3,3,3,2,3,20
653558901,3,3,3,3,2,2,3,19
520816796,0,3,2,1,2,1,3,12
872841772,0,2,2,2,1,1,3,11
1029729288,0,1,2,1,1,2,3,10
565687827,0,2,3,1,1,2,3,12
421127447,3,3,3,3,2,2,3,19
871078423,3,3,3,3,3,2,3,20
211683259,1,3,3,2,1,2,3,15
705544532,3,3,3,3,3,2,3,20
559220957,3,2,3,3,2,2,3,18
927043587,3,3,3,3,3,2,3,20
1076606118,0,2,0,1,1,1,1,6
992790041,0,2,0,1,0,1,0,4
917967835,0,2,2,1,1,2,3,11
382773344,0,0,0,0,0,0,0,0
1018485408,3,3,2,2,3,2,1,16
1019304303,3,3,3,1,1,2,3,16
1009938409,2,2,3,3,2,2,3,17
1080357227,0,2,2,1,1,1,1,8
1077250606,0,2,1,1,1,1,1,7
1078373123,0,2,0,1,1,1,1,6
1013264097,0,0,0,0,0,0,0,0
1079289386,0,0,0,0,0,0,0,0
1017273244,0,0,0,0,0,0,0,0
1052594168,0,1,0,0,1,1,0,3
192762486,0,1,0,1,1,2,2,7
401089462,0,1,0,0,0,1,0,2
171362103,0,0,0,0,0,0,0,0
1017597529,0,1,0,0,0,1,0,2
784845174,0,2,3,1,1,1,3,11
784812583,0,2,3,1,1,1,3,11
775478958,0,2,3,1,1,1,3,11
782639287,0,2,3,1,1,1,3,11
782604663,0,2,3,1,2,1,3,12
753180415,0,2,3,3,1,1,3,13
1071342406,0,0,0,0,0,0,0,0
1067884697,2,2,3,1,2,2,3,15
1068307406,0,2,3,1,1,2,3,12
1067914469,0,0,0,0,0,0,0,0
1064346763,0,0,0,0,0,0,0,0
1027277739,0,0,0,0,0,0,0,0
1029974252,3,2,2,3,2,2,3,17
1005293479,0,2,0,0,0,1,0,3
1019333704,0,2,1,1,1,1,1,7
1023076808,1,2,2,3,1,1,1,11
998382844,0,1,1,0,1,1,0,4
957467457,0,0,0,0,0,0,0,0
1076292168,0,0,0,0,0,0,0,0
885401192,0,2,1,0,1,1,0,5
101444247,3,3,3,3,3,2,3,20
575441473,3,3,3,1,1,2,3,16
802384279,3,3,2,3,3,2,1,17
166900574,3,3,3,1,1,2,3,16
1035187042,2,2,2,2,2,1,3,14
1013881714,0,2,0,1,1,1,1,6
871520101,0,1,0,0,1,1,0,3
1033516665,0,2,1,0,1,1,0,5
1001359605,0,2,3,1,1,1,3,11
987536263,0,0,0,0,0,0,0,0
981302826,0,1,3,1,1,2,3,11
966856803,0,1,2,1,1,2,1,8
1025470168,0,0,0,0,0,0,0,0
41241066,0,0,0,0,0,0,0,0
1028168939,1,2,0,2,2,1,1,9
1016162042,0,1,0,1,1,2,0,5
964499997,0,2,3,1,1,2,3,12
494173969,0,2,3,1,2,1,3,12
809680609,0,2,2,3,2,1,3,13
887204998,0,2,1,0,1,1,0,5
911390364,0,0,0,0,0,0,0,0
492537354,0,0,0,0,0,0,0,0
1040939992,0,1,2,1,1,1,3,9
1018594929,0,0,0,0,0,0,0,0
1034324976,0,1,0,1,1,1,1,5
883596761,0,2,1,1,1,1,1,7
1030460306,0,0,0,0,0,0,0,0
1027259594,0,0,0,0,0,0,0,0
553251466,1,2,3,1,1,3,1,12
392727028,0,0,0,0,0,0,0,0
438476875,3,3,3,3,2,2,3,19
677815124,3,3,3,3,3,2,3,20
621797165,3,3,3,3,2,2,3,19
579683209,0,2,2,1,1,1,1,8
805778485,0,2,1,1,1,1,1,7
418429641,0,2,2,1,1,1,3,10
312428007,0,2,0,1,1,1,1,6
771947296,0,2,0,2,1,1,1,7
740923867,3,2,3,1,2,2,3,16
646798984,3,2,3,1,2,2,3,16
549976328,3,3,3,3,2,2,3,19
676162642,0,2,1,1,1,1,1,7
1049427108,0,2,0,0,1,2,0,5
1057648281,0,2,1,3,1,1,1,9
1044309664,3,2,3,1,3,2,3,17
1017395447,0,2,2,1,1,1,3,10
1047916574,0,2,1,3,1,1,1,9
1042741983,0,1,0,0,1,2,0,4
945803747,0,2,3,1,1,1,3,11
730610753,0,2,3,1,1,1,3,11
627577495,0,2,2,1,1,2,3,11
528304876,0,2,2,1,2,1,1,9
1018838773,1,2,2,1,2,2,1,11
1010195895,1,3,2,3,2,2,1,14
992754892,1,3,2,3,2,2,1,14
1051804622,0,2,2,1,1,1,3,10
1049631912,0,2,3,2,1,1,3,12
404949474,0,2,1,1,1,1,1,7
450196375,3,3,3,3,3,2,3,20
100950094,0,0,0,0,0,0,0,0
292265275,3,2,2,2,2,1,3,15
877649988,0,2,2,1,2,1,3,11
722262118,1,2,3,1,2,2,3,14
408295882,0,0,0,0,0,0,0,0
245664219,0,0,0,0,0,0,0,0
1029355705,0,2,2,1,1,1,1,8
1077253063,0,0,0,0,0,0,0,0
965040797,0,2,0,0,1,1,0,4
644086244,0,2,2,1,1,1,3,10
694637902,0,2,2,1,1,1,3,10
726622983,0,0,0,0,0,0,0,0
1046226547,3,2,3,1,1,2,1,13
1061345498,0,2,0,1,1,1,1,6
1071021188,3,3,2,3,2,2,1,16
513679515,3,3,3,3,3,2,3,20
582709746,3,3,3,3,3,2,3,20
372398262,1,3,3,1,2,2,3,15
402521703,3,3,3,3,2,2,3,19
402980379,3,3,3,3,2,2,3,19
406739724,3,3,3,3,2,2,3,19
417574448,3,3,2,3,2,2,3,18
398890173,3,2,2,3,2,2,3,17
476376149,3,3,3,3,2,2,3,19
798494327,0,2,2,1,2,1,3,11
1048403684,3,2,2,3,2,2,3,17
1026103045,3,1,0,0,3,2,0,9
172854526,0,0,0,0,0,0,0,0
999552245,0,2,0,1,1,1,1,6
543762675,0,2,3,2,1,1,3,12
693407496,0,2,2,1,1,1,1,8
790212954,0,0,0,0,0,0,0,0
1057057683,2,2,0,2,3,2,0,11
1031167821,1,2,2,3,2,2,2,14
989144037,0,1,0,2,0,1,0,4
984650764,2,1,0,2,1,2,0,8
254598083,0,0,0,0,0,0,0,0
92707787,0,0,0,0,0,0,0,0
878461138,1,2,0,1,1,2,2,9
1009774817,0,2,0,0,0,1,0,3
383913452,0,2,3,1,1,1,3,11
878782971,0,2,0,1,1,2,2,8
1064622272,0,2,1,1,1,1,1,7
1049543882,0,2,1,1,1,1,1,7
1071133969,0,0,0,0,0,0,0,0
1067650075,0,2,2,1,1,1,1,8
1056559819,0,2,1,1,1,1,1,7
1079704004,0,2,0,0,1,1,0,4
1080321678,0,2,0,0,0,1,0,3
108017648,0,0,0,0,0,0,0,0
1076172262,0,0,0,0,0,0,0,0
366055884,0,2,2,1,1,2,3,11
1068788417,0,2,0,1,1,2,1,7
768472695,0,0,0,0,0,0,0,0
1046266566,0,0,0,0,0,0,0,0
943137611,0,0,0,0,0,0,0,0
1023137438,0,0,0,0,0,0,0,0
717107419,0,0,0,0,0,0,0,0
1063354284,0,2,1,1,1,1,1,7
1064867266,3,3,2,2,1,1,3,15
1048288655,0,2,1,0,1,1,0,5
1016068109,0,2,2,2,2,0,0,8
1071931669,0,0,0,0,0,0,0,0
1067677915,2,2,2,1,2,2,1,12
1066169391,0,1,2,1,1,2,1,8
1059107441,0,1,2,1,1,2,1,8
1057094066,0,1,2,1,1,2,1,8
1056566527,0,1,2,1,1,2,1,8
268054172,0,2,0,2,1,2,0,7
536203621,0,1,0,1,1,1,0,4
536203807,0,1,0,1,1,1,0,4
738024281,0,0,0,0,0,0,0,0
894554234,0,2,0,1,1,1,1,6
1038510233,0,0,0,0,0,0,0,0
706375188,0,2,0,1,1,2,1,7
1072071337,0,2,2,1,2,1,3,11
832351741,2,2,1,1,2,1,1,10
760756314,3,2,3,1,2,2,3,16
1076920651,0,2,1,0,0,1,0,4
1070000322,3,3,1,1,2,2,1,13
942973952,0,2,1,0,1,1,0,5
1056795099,3,2,3,1,1,2,1,13
1035751411,0,2,0,1,1,1,1,6
1028639552,0,2,0,0,0,1,0,3
988576307,0,2,0,1,1,2,1,7
1014872112,0,0,0,0,0,0,0,0
1055992555,0,2,2,1,1,2,1,9
1046903152,0,0,0,0,0,0,0,0
1039755075,0,1,0,0,0,1,0,2
991841618,1,2,0,1,1,2,2,9
870430511,3,2,3,1,1,2,1,13
343870811,0,2,1,1,1,1,1,7
510416257,3,3,2,1,3,2,3,17
51001572,0,0,0,0,0,0,0,0
835320611,0,2,2,1,1,2,3,11
1062447244,0,1,0,1,1,2,0,5
901454045,0,1,0,0,2,1,0,4
1018186157,0,0,0,0,0,0,0,0
1008277809,0,1,0,0,2,1,0,4
988456357,0,1,0,1,1,2,0,5
552011745,3,3,3,3,2,2,3,19
843345623,0,2,1,1,1,1,1,7
808676754,3,3,3,3,2,2,3,19
289677863,0,2,1,1,1,1,1,7
1051975856,0,3,2,1,1,2,3,12
93494093,0,0,0,0,0,0,0,0
943948318,3,3,3,3,3,2,3,20
835776648,3,3,2,1,1,2,3,15
65734928,3,2,3,1,2,2,3,16
897752871,3,3,3,3,3,2,3,20
1023753979,3,3,3,3,2,2,3,19
1043941235,0,2,3,1,1,1,3,11
646295841,2,2,1,1,2,1,1,10
835981545,0,2,2,1,1,1,3,10
1034501462,0,2,2,1,2,1,1,9
694721439,0,2,2,1,1,1,1,8
1026210996,0,2,2,3,2,1,1,11
1029592074,0,2,1,1,1,1,1,7
609474072,0,2,1,1,1,1,1,7
709369745,0,2,2,3,1,1,1,10
743705309,0,2,1,3,1,1,1,9
900872482,3,3,3,3,3,1,3,19
1080337587,0,0,0,0,0,0,0,0
1080482211,0,2,3,1,1,1,3,11
996329317,0,2,1,1,1,1,1,7
944765384,0,2,0,1,1,2,1,7
119343003,3,3,3,3,2,2,3,19
1074950382,0,0,0,0,0,0,0,0
1074584127,0,2,2,1,1,2,3,11
1005348642,0,1,0,0,1,1,0,3
578605403,3,3,2,1,1,2,3,15
872489202,3,3,3,3,2,2,2,18
870616916,3,3,2,1,2,2,1,14
845569855,0,0,0,0,0,0,0,0
845543764,1,2,1,3,2,2,1,12
1010792511,0,0,0,0,0,0,0,0
1074478873,0,2,2,1,1,1,1,8
1053008224,0,0,0,0,0,0,0,0
1071316248,0,2,1,1,1,1,1,7
922654717,3,3,3,3,3,2,2,19
590217762,3,3,2,2,3,2,1,16
1079475255,0,0,0,0,0,0,0,0
1029103657,0,2,1,0,1,1,0,5
944875012,2,2,3,1,2,2,3,15
872340901,0,1,2,1,1,1,3,9
348332628,0,2,2,1,1,2,3,11
721612936,3,3,3,3,2,2,3,19
483299924,3,3,2,3,2,2,3,18
1019911336,0,2,2,1,1,1,0,7
714419533,3,3,3,3,3,2,3,20
492735735,3,3,3,3,2,2,3,19
604737588,3,3,3,3,3,2,3,20
1080649719,0,1,0,0,1,1,0,3
1078226756,2,2,2,3,2,1,1,13
953941152,1,3,2,3,2,2,3,16
1076944859,0,1,0,1,1,1,1,5
634160648,3,3,3,2,3,2,3,19
630824789,3,3,2,2,2,2,1,15
996718257,3,2,1,1,1,2,1,11
947631175,3,2,2,1,2,2,1,13
629072055,0,2,0,0,0,1,0,3
669261591,0,2,0,1,1,1,1,6
92563442,0,0,0,0,0,0,0,0
431386747,3,3,3,3,2,2,1,17
171260887,0,0,0,0,0,0,0,0
145876983,0,0,0,0,0,0,0,0
1055875962,0,1,1,1,1,2,0,6
1021563992,0,0,0,0,0,0,0,0
1012814825,0,0,0,0,0,0,0,0
625844898,0,0,0,0,0,0,0,0
1006646703,0,2,0,1,1,2,1,7
1020119564,0,2,0,1,1,1,1,6
1077905767,2,2,2,3,2,1,3,15
1077582081,0,1,0,0,1,1,0,3
1059820165,0,2,1,1,1,1,1,7
1052662623,0,2,1,1,1,1,1,7
858286294,3,3,3,3,2,2,3,19
13688019,0,0,0,0,0,0,0,0
545707125,1,2,2,1,2,2,3,13
544828939,3,2,2,3,2,2,1,15
544564053,1,2,3,1,2,1,3,13
544497831,1,2,1,1,2,2,1,10
543623319,2,1,2,1,2,2,2,12
310961652,3,3,3,2,2,2,3,18
975422921,1,3,2,1,1,1,3,12
808216508,2,2,2,1,2,2,3,14
2571216,0,0,0,0,0,0,0,0
416659519,3,3,3,3,3,2,3,20
585841592,3,3,3,3,2,2,3,19
1079884409,0,2,0,0,0,1,0,3
395863616,0,2,2,1,1,1,1,8
881157334,0,2,0,1,1,1,1,6
421061982,0,2,0,1,1,1,1,6
400572066,3,2,2,3,2,2,3,17
1037766791,0,2,1,0,1,1,0,5
165536915,0,0,0,0,0,0,0,0
306124286,0,2,1,1,1,1,1,7
947666083,0,2,0,1,1,1,1,6
948394412,0,2,0,1,1,1,1,6
973568199,0,2,1,1,1,1,1,7
1070061851,0,2,0,1,1,2,1,7
1062984202,0,2,2,1,2,1,1,9
880255346,0,1,0,0,0,1,0,2
402752925,3,3,3,3,3,2,3,20
890571884,2,2,3,1,1,2,3,14
330870652,0,1,0,0,1,1,0,3
877269263,3,3,3,3,2,2,3,19
415594842,0,0,0,0,0,0,0,0
1058751542,0,2,2,1,1,1,3,10
1074946811,0,1,0,0,0,1,0,2
1062140861,0,0,0,0,0,0,0,0
993719615,0,0,0,0,0,0,0,0
1004567297,0,1,0,0,1,2,0,4
960588561,0,1,0,1,1,2,0,5
966902739,0,1,0,1,1,2,0,5
963014897,0,1,0,1,1,2,0,5
1074239673,0,2,0,1,1,1,1,6
108080267,0,0,0,0,0,0,0,0
1073532117,0,0,0,0,0,0,0,0
812641348,2,2,3,3,2,2,3,17
956797584,3,3,3,2,2,1,3,17
975738878,0,0,0,0,0,0,0,0
1030217178,0,2,1,1,1,1,1,7
719755318,0,0,0,0,0,0,0,0
1066386734,2,2,2,3,2,2,1,14
554911958,3,3,3,3,2,2,3,19
399767686,3,3,3,3,3,2,3,20
941470979,3,2,3,2,2,2,2,16
246913552,3,2,3,2,2,2,3,17
342998088,0,2,2,1,1,1,3,10
349496733,3,3,2,2,2,2,3,17
1074141967,0,1,0,0,0,1,0,2
819536111,3,3,3,3,3,1,3,19
495378961,3,3,3,1,2,2,3,17
1006122643,3,3,3,3,3,2,3,20
878711154,3,3,3,1,3,2,3,18
1040580518,3,2,3,1,1,2,1,13
630728387,1,2,2,1,2,2,1,11
24130367,0,0,0,0,0,0,0,0
322506883,1,2,3,1,2,2,3,14
905918045,0,2,3,1,2,1,3,12
919457575,0,2,0,1,0,2,1,6
1005625132,3,3,2,1,2,2,1,14
866394178,0,2,1,3,1,1,1,9
942398444,3,3,3,2,2,1,3,17
1041944333,0,0,0,0,0,0,0,0
948871806,2,1,2,1,3,2,1,12
1016459574,0,0,0,0,0,0,0,0
958238039,0,2,2,1,2,2,1,10
870549753,3,3,3,3,3,2,3,20
639785883,2,2,2,3,2,1,3,15
956557763,0,3,3,1,3,2,2,14
596668596,0,3,3,2,2,1,3,14
489866984,0,2,3,3,2,2,3,15
833424273,0,2,0,1,1,1,1,6
553522666,3,3,3,3,2,1,3,18
483228209,0,0,0,0,0,0,0,0
742968043,1,2,2,1,2,2,0,10
748120533,1,2,2,3,2,2,3,15
1018076545,0,2,2,0,1,1,0,6
1045562778,0,0,0,0,0,0,0,0
305501694,0,1,0,1,1,2,2,7
882250232,0,1,2,1,1,1,1,7
939304626,0,2,2,3,1,1,1,10
881072953,0,2,2,1,1,1,3,10
945427879,0,2,2,1,1,1,1,8
930389135,0,2,2,2,1,1,3,11
600700675,0,1,2,1,1,1,1,7
1040209858,0,2,2,3,1,1,3,12
989232817,0,1,0,1,1,2,0,5
1009382724,0,1,0,1,1,2,0,5
986069614,0,2,0,0,0,1,0,3
1022361482,0,0,0,0,0,0,0,0
1057339226,3,3,3,3,3,1,3,19
1024935007,0,1,0,0,1,1,0,3
383900391,0,2,0,0,0,1,0,3
1071742114,0,2,0,0,1,1,0,4
1077410525,1,2,1,3,1,2,1,11
1061975121,0,2,0,1,1,1,1,6
1043356838,0,1,0,0,1,2,0,4
1040483711,0,0,0,0,0,0,0,0
1004915418,0,2,0,2,1,2,1,8
833955406,0,0,0,0,0,0,0,0
993104102,0,0,0,0,0,0,0,0
843416249,3,3,3,3,2,2,3,19
573926783,2,2,1,3,2,2,1,13
543133411,2,2,2,1,3,2,1,13
168445025,0,1,3,1,3,2,1,11
543116731,2,3,1,1,3,2,0,12
543150502,0,2,0,0,1,1,0,4
200774879,2,2,2,1,3,2,0,12
533112091,0,2,3,1,1,2,2,11
620943587,2,2,3,1,1,2,3,14
603180153,1,2,3,1,1,2,3,13
587971315,2,2,3,3,2,2,3,17
586658367,2,2,3,1,2,2,3,15
995940939,0,2,2,3,2,1,3,13
992995661,0,2,0,0,0,1,0,3
984049671,0,2,1,1,1,1,1,7
733603649,0,2,2,1,1,1,1,8
977629719,0,2,2,1,0,1,0,6
967259781,0,1,0,1,1,2,0,5
847492589,3,3,2,2,3,2,3,18
895773656,3,3,2,3,3,2,3,19
1061340149,3,2,2,3,2,2,1,15
415202289,3,3,3,3,3,2,3,20
439970812,0,2,0,0,0,1,0,3
711327639,0,2,0,0,0,1,0,3
795848119,0,0,0,0,0,0,0,0
477060524,0,2,2,1,3,1,3,12
479565869,0,2,0,1,1,1,1,6
604365857,3,3,3,2,3,2,2,18
1055875391,0,0,0,0,0,0,0,0
1048814933,0,1,0,0,1,0,0,2
1040868736,2,2,2,3,1,2,3,15
1038054749,0,1,0,0,0,1,0,2
670375739,0,2,1,3,1,1,1,9
992120467,0,0,0,0,0,0,0,0
661757708,2,2,2,1,2,1,0,10
954138761,0,1,0,0,1,1,0,3
805984834,0,2,0,0,0,1,0,3
935636334,0,1,0,0,0,2,0,3
690552369,0,2,3,1,2,1,1,10
483947556,0,0,0,0,0,0,0,0
941339197,3,3,3,3,2,2,3,19
555318291,3,3,3,3,2,2,3,19
621872341,3,3,3,3,3,2,2,19
1013766407,0,3,2,2,1,1,3,12
979629484,1,2,2,1,2,2,3,13
493151123,0,2,2,1,1,2,3,11
73339656,0,0,0,0,0,0,0,0
1027610145,1,2,2,3,2,1,1,12
686845309,3,3,2,3,3,2,1,17
212203124,0,0,0,0,0,0,0,0
938305979,2,3,2,1,2,2,3,15
98416931,0,0,0,0,0,0,0,0
782718916,0,2,1,1,1,1,1,7
974598284,0,2,1,1,1,1,1,7
456004964,0,2,3,1,1,1,3,11
26437668,0,0,0,0,0,0,0,0
685340254,0,2,2,1,1,1,3,10
807245483,3,3,3,3,2,2,3,19
116134475,0,0,0,0,0,0,0,0
1004603218,0,2,1,1,1,1,1,7
1002688994,3,3,3,3,2,2,3,19
1018008015,0,0,0,0,0,0,0,0
721900557,3,2,3,1,2,2,3,16
607733181,0,0,0,0,0,0,0,0
1005081959,0,2,1,1,1,1,1,7
1010075471,3,3,3,2,2,2,3,18
781110477,3,3,3,3,3,2,3,20
970234096,3,3,3,3,2,2,3,19
982647657,3,3,3,1,2,2,1,15
469198173,3,3,3,3,2,1,1,16
984126763,0,0,0,0,0,0,0,0
1056727325,0,1,0,1,1,2,1,6
1056911342,0,0,0,0,0,0,0,0
1048712393,0,1,0,1,1,2,1,6
978798863,0,3,2,3,2,1,1,12
1040807337,0,1,0,1,1,2,1,6
1022664595,3,3,1,3,1,2,1,14
941723176,0,0,0,0,0,0,0,0
911431199,0,0,0,0,0,0,0,0
988868266,1,3,2,3,2,2,3,16
1016473041,0,2,1,1,1,1,1,7
23807433,0,0,0,0,0,0,0,0
1031542648,0,1,1,1,1,1,1,6
782578683,0,2,3,3,1,1,3,13
782573424,0,2,3,3,1,1,3,13
782547438,0,2,3,1,2,1,3,12
782547563,0,2,3,1,2,1,3,12
782540993,0,2,3,1,1,1,3,11
776452197,0,2,3,1,1,1,3,11
776426112,0,2,3,1,1,1,3,11
1074395411,0,0,0,0,0,0,0,0
729169446,0,2,3,1,1,1,3,11
728845369,0,2,3,1,1,1,3,11
1013880883,0,2,3,0,2,1,0,8
971961474,1,2,3,2,2,1,3,14
1054492981,0,0,0,0,0,0,0,0
1080614973,0,1,0,1,1,2,0,5
1074722104,2,2,2,2,2,2,1,13
1010015762,0,2,0,2,1,1,1,7
1023152467,0,1,2,1,1,2,3,10
1080220018,3,2,3,3,2,1,1,15
927192575,3,3,3,3,3,2,3,20
1080588577,0,2,2,1,1,1,1,8
1080811973,0,0,0,0,0,0,0,0
239889655,0,0,0,0,0,0,0,0
1079873913,0,2,0,1,1,1,1,6
755374252,0,2,2,1,1,1,1,8
989186192,2,1,1,1,0,2,1,8
1026734283,0,1,0,1,1,2,1,6
11411837,0,0,0,0,0,0,0,0
1000569041,0,2,2,1,2,1,3,11
685938076,3,2,2,3,2,1,1,14
1044896203,0,0,0,0,0,0,0,0
1023592073,1,2,2,1,1,1,1,9
995378539,0,2,1,0,1,1,0,5
428712873,3,3,3,3,2,2,3,19
1004245706,3,3,2,3,2,2,3,18
896102161,3,3,3,3,3,2,3,20
1000893355,3,3,2,3,2,2,3,18
937693386,0,2,0,0,1,1,0,4
883595046,0,2,1,1,1,1,1,7
962672585,0,2,2,1,1,1,3,10
810163025,1,3,2,1,2,1,1,11
684728941,0,2,0,0,1,1,0,4
781364326,3,3,3,3,2,2,3,19
861023611,0,2,1,1,1,2,1,8
921489346,0,3,1,1,2,1,1,9
931980527,0,1,2,1,1,1,3,9
48000032,3,3,3,3,3,2,3,20
830598374,0,1,0,1,1,2,1,6
865990236,0,2,0,1,1,1,1,6
993992391,0,1,0,1,1,2,0,5
967533173,0,2,0,0,0,1,0,3
1024163249,0,2,0,0,0,1,0,3
1079751085,0,0,0,0,0,0,0,0
1079159968,0,0,0,0,0,0,0,0
1079343939,0,1,0,1,1,2,0,5
1067925396,3,3,3,3,2,2,3,19
1057576316,3,2,2,3,2,2,2,16
556314208,1,2,2,3,2,2,3,15
372387518,0,2,2,1,1,1,3,10
887346417,3,3,3,3,2,2,3,19
945799857,3,2,1,1,1,2,1,11
922820388,0,2,0,1,0,1,1,5
895800629,0,2,3,3,2,1,1,12
1053310505,0,0,0,0,0,0,0,0
776180774,0,0,0,0,0,0,0,0
914127651,3,3,3,3,2,2,3,19
960379493,0,0,0,0,0,0,0,0
947402181,3,3,3,3,2,2,3,19
942047992,3,3,3,2,2,2,3,18
869140396,3,2,2,1,1,2,3,14
861153933,3,3,0,2,2,2,1,13
137860435,3,3,3,3,3,2,3,20
992615597,0,1,0,1,1,0,0,3
1014043268,0,1,0,0,1,1,0,3
938011469,0,2,1,1,1,1,1,7
1045814084,0,2,0,0,0,1,0,3
1048401534,0,1,1,1,1,1,1,6
1047313389,3,3,2,2,1,2,2,15
1048575222,0,2,0,1,1,1,1,6
817142432,1,2,3,1,2,2,1,12
1071441881,1,2,0,1,1,2,1,8
1070557326,0,2,1,2,3,0,0,8
1061943725,0,2,0,1,1,1,0,5
1060341612,0,0,0,0,0,0,0,0
1034230324,3,3,3,1,1,2,1,14
1070788829,0,2,0,0,1,1,0,4
1072669189,0,0,0,0,0,0,0,0
753365957,0,2,1,1,1,1,1,7
1041070133,0,2,0,1,0,1,0,4
1075058725,0,2,2,1,1,1,1,8
1063458035,0,0,0,0,0,0,0,0
1067956125,0,2,1,1,1,1,1,7
1046699152,3,3,3,3,3,2,3,20
1080562845,0,1,0,1,1,2,0,5
1067161173,0,0,0,0,0,0,0,0
1029891127,0,0,0,0,0,0,0,0
1030530709,0,0,0,0,0,0,0,0
1074160685,0,0,0,0,0,0,0,0
1073765186,0,1,0,0,0,1,0,2
1068841864,0,0,0,0,0,0,0,0
1068760456,1,2,3,1,1,2,3,13
1065513674,0,1,0,0,0,1,0,2
765499423,0,2,0,0,0,1,0,3
314285941,0,2,1,1,1,1,1,7
611288564,3,3,2,1,1,2,2,14
916822963,0,2,1,1,1,1,1,7
103402035,0,0,0,0,0,0,0,0
832414157,0,2,1,1,1,2,0,7
508796454,0,2,2,1,1,1,1,8
1074433485,0,2,2,1,1,1,1,8
815437361,0,2,1,1,1,2,2,9
1080631356,0,2,0,0,0,1,0,3
698776649,0,2,2,1,1,1,1,8
831654967,0,2,2,1,1,2,2,10
908029604,0,2,2,1,1,1,1,8
548075226,0,0,0,0,0,0,0,0
459675132,3,3,2,3,2,2,1,16
609522131,0,1,0,1,1,2,0,5
602896293,0,1,0,1,1,2,0,5
602367903,0,1,0,1,1,2,0,5
551907844,3,3,2,3,3,2,1,17
599039103,0,1,0,1,1,2,0,5
1029869981,2,2,0,1,1,1,0,7
999942171,0,2,2,1,1,1,1,8
1029969715,0,1,0,0,1,1,0,3
1015006565,3,2,3,3,1,2,1,15
1031142847,0,0,0,0,0,0,0,0
1022614348,0,0,0,0,0,0,0,0
1029219898,0,0,0,0,0,0,0,0
404950182,3,3,3,3,3,2,3,20
1078451594,0,2,0,1,0,1,0,4
1069714207,0,2,0,0,0,1,0,3
1077571105,0,2,0,1,1,2,0,6
870343252,3,2,2,3,2,1,3,16
1030445894,0,2,0,0,0,1,0,3
197488855,0,0,0,0,0,0,0,0
219287102,0,0,0,0,0,0,0,0
169974487,0,0,0,0,0,0,0,0
397691078,0,0,0,0,0,0,0,0
828700239,0,2,3,1,1,2,3,12
178049747,0,2,1,1,1,2,1,8
903699345,1,3,3,1,2,2,3,15
903698684,1,2,2,1,1,2,3,12
544664127,0,0,0,0,0,0,0,0
610553179,0,2,0,0,1,1,0,4
676021742,0,2,1,1,1,2,1,8
494690477,0,1,3,1,1,2,3,11
272302956,0,0,0,0,0,0,0,0
914103431,0,1,0,0,0,1,0,2
957993451,0,1,0,1,1,2,0,5
625577999,0,0,0,0,0,0,0,0
1003341601,1,2,3,3,2,2,3,16
1001352299,0,2,0,3,1,1,1,8
1002133484,0,2,2,1,1,1,3,10
783962972,0,0,0,0,0,0,0,0
105448689,0,0,0,0,0,0,0,0
966532349,3,3,2,1,1,2,2,14
169626684,0,0,0,0,0,0,0,0
725791133,0,2,2,1,1,1,3,10
954851982,0,2,2,1,1,1,3,10
878027761,3,3,3,3,3,1,3,19
926886533,0,1,1,0,1,2,0,5
836189193,3,3,3,3,2,1,3,18
941137347,3,3,3,2,3,2,3,19
1072428159,3,2,2,3,2,1,3,16
488351627,0,2,3,3,1,1,3,13
736740072,0,2,2,1,1,1,3,10
791321108,0,0,0,0,0,0,0,0
466942415,0,2,3,1,1,1,3,11
535682059,0,2,3,1,1,1,3,11
434315707,0,2,2,2,1,1,3,11
990425718,0,0,0,0,0,0,0,0
948863205,0,2,3,2,1,1,3,12
541649478,0,2,3,3,1,1,3,13
545684969,0,2,3,1,2,1,3,12
527610623,0,2,3,1,2,1,3,12
935718955,2,2,1,1,1,2,1,10
1080874848,0,2,2,1,1,1,3,10
1074242966,1,2,2,3,2,2,3,15
1062972543,0,0,0,0,0,0,0,0
74627728,0,0,0,0,0,0,0,0
1019016278,0,2,2,1,1,1,1,8
983735023,3,3,3,3,2,2,3,19
829787965,0,2,2,1,1,1,1,8
1018499056,0,1,2,1,1,1,1,7
1018523921,0,2,1,1,1,1,1,7
779698593,0,2,0,0,0,1,0,3
945279242,0,2,1,1,1,1,1,7
1042402549,0,2,2,1,1,1,1,8
210344197,3,2,3,2,2,2,1,15
993919505,3,3,3,3,2,2,3,19
846824269,3,3,3,3,2,2,3,19
1012508661,0,2,1,0,1,1,0,5
903906002,0,2,2,1,1,1,1,8
446443035,3,3,3,3,3,2,3,20
919358454,0,0,0,0,0,0,0,0
629527038,0,0,0,0,0,0,0,0
916297426,0,0,0,0,0,0,0,0
854527734,3,2,3,1,1,2,3,15
692825346,0,0,0,0,0,0,0,0
625601251,0,0,0,0,0,0,0,0
870959573,0,2,0,1,1,1,1,6
912028759,2,2,2,3,1,1,3,14
1066107088,0,2,1,2,1,2,0,8
1060009458,1,2,1,1,1,2,1,9
1062242033,0,2,0,1,1,2,1,7
1034460095,0,2,0,1,2,1,1,7
162736717,3,3,1,1,2,2,1,13
795279016,3,3,3,3,3,2,3,20
837539342,3,3,3,3,3,2,3,20
508145837,2,1,2,1,2,2,3,13
498356569,0,2,1,1,1,1,3,9
102955994,0,0,0,0,0,0,0,0
996715276,0,3,3,1,2,2,1,12
723612888,0,0,0,0,0,0,0,0
995509321,0,0,0,0,0,0,0,0
945233671,3,3,2,3,2,1,3,17
994632945,0,0,0,0,0,0,0,0
898200427,0,0,0,0,0,0,0,0
533847318,3,3,3,3,3,2,3,20
891115091,0,0,0,0,0,0,0,0
868921115,3,2,2,3,2,2,3,17
609991906,3,2,3,1,2,2,3,16
695232224,3,3,3,3,3,2,3,20
885162079,0,0,0,0,0,0,0,0
1040872425,0,0,0,0,0,0,0,0
1036727077,0,1,1,0,1,1,0,4
938368951,3,3,3,3,3,2,3,20
1030715007,0,2,0,0,0,1,0,3
965508482,0,1,0,1,1,2,0,5
1073255339,0,1,0,2,0,1,0,4
1072460619,0,1,0,0,0,1,0,2
1073692366,0,2,0,0,0,1,0,3
1072964204,0,2,1,2,2,1,1,9
1071301887,0,2,3,2,0,1,0,8
420652836,3,3,2,3,2,1,3,17
865866763,3,3,3,3,3,2,3,20
1013806429,0,1,0,0,1,1,0,3
690929514,3,3,3,1,1,2,2,15
572830862,3,3,3,3,2,2,3,19
842786254,1,2,1,1,1,2,1,9
945259139,0,2,2,1,1,1,1,8
445926721,3,3,3,3,3,1,1,17
808898809,0,0,0,0,0,0,0,0
854666892,0,0,0,0,0,0,0,0
733084662,0,2,0,1,1,2,1,7
562657926,0,2,2,1,1,1,1,8
945552223,0,2,0,0,0,1,0,3
1005294074,0,2,2,1,2,1,1,9
643533509,0,2,0,0,2,1,0,5
99838016,0,0,0,0,0,0,0,0
554455234,3,3,2,2,1,1,1,13
1038786187,0,2,0,1,2,2,1,8
1070980526,3,2,3,2,2,2,3,17
1080776133,3,2,3,2,2,2,3,17
1070826672,0,3,2,3,2,1,3,14
1079257533,3,2,3,1,2,2,1,14
1079285179,0,3,2,1,1,1,1,9
1052611078,3,3,3,3,2,2,3,19
1077243861,0,2,0,1,1,1,1,6
1074023641,0,0,0,0,0,0,0,0
1068848444,0,2,0,1,1,1,1,6
1062784472,3,3,3,3,2,2,2,18
1011669244,3,3,3,3,2,2,3,19
1056768058,3,3,3,3,2,2,3,19
1018568492,3,3,3,3,3,2,3,20
563504251,3,3,3,3,3,2,3,20
998799011,3,2,2,1,2,2,3,15
1003483023,3,3,3,3,3,2,3,20
996370246,3,2,3,1,2,2,1,14
985710325,3,3,3,3,3,2,3,20
961792608,3,3,3,3,2,2,3,19
921480513,0,2,1,1,1,1,1,7
419598774,0,2,0,0,0,1,0,3
972877781,3,3,3,3,3,1,3,19
719786832,3,3,3,3,3,1,3,19
1066504789,0,1,0,1,1,2,0,5
1046839795,0,1,0,1,1,2,0,5
994202584,1,2,1,1,1,2,0,8
636112442,3,3,3,3,3,2,3,20
948638367,0,1,0,0,2,1,0,4
1021352945,0,1,0,1,1,2,0,5
1042263896,0,2,1,1,1,2,2,9
1067288849,0,1,0,1,1,2,2,7
1074419676,0,1,3,1,1,2,3,11
1067083367,0,0,0,0,0,0,0,0
933413768,0,1,0,1,1,2,2,7
781412488,0,2,2,1,1,1,1,8
1058322111,2,2,3,3,2,2,3,17
1066072529,0,1,0,1,1,1,1,5
1045206909,0,2,2,2,2,1,1,10
1064753055,1,3,2,2,2,1,1,12
1056605305,3,2,3,3,2,2,3,18
1054768925,0,1,0,0,1,1,0,3
1050858734,0,2,0,0,1,0,0,3
1042484864,0,0,0,0,0,0,0,0
103839269,0,0,0,0,0,0,0,0
1027291279,0,2,2,3,1,1,3,12
710509281,3,3,3,3,2,2,3,19
728352447,3,3,2,3,3,1,3,18
897439425,0,0,0,0,0,0,0,0
1080614385,0,2,2,1,1,1,1,8
743152619,3,3,3,3,3,1,3,19
825849319,0,3,2,1,2,2,1,11
909144123,0,1,1,1,1,1,1,6
904197341,0,0,0,0,0,0,0,0
887707347,0,0,0,0,0,0,0,0
887789972,0,2,0,1,1,1,0,5
1074418998,2,2,3,1,2,1,3,14
951499071,0,3,0,2,3,1,0,9
512052886,3,3,3,3,3,2,3,20
951240142,3,2,3,3,2,2,3,18
977970114,3,2,3,1,2,2,1,14
821829561,3,3,3,3,2,2,1,17
957265087,3,3,3,3,2,2,3,19
157990299,0,0,0,0,0,0,0,0
195696959,0,0,0,0,0,0,0,0
957451277,3,3,3,3,2,2,3,19
949119985,3,3,3,3,3,2,3,20
1028783198,0,0,0,0,0,0,0,0
945890318,1,2,2,1,2,2,3,13
886519578,0,1,0,0,1,1,0,3
408243032,0,0,0,0,0,0,0,0
1013840588,0,2,0,0,0,1,0,3
1007800085,0,2,1,1,1,1,1,7
1011456427,0,1,0,1,0,2,2,6
413705477,0,2,1,1,1,1,1,7
1009719631,0,0,0,0,0,0,0,0
1009575993,0,2,1,1,1,1,1,7
919138176,2,2,0,1,2,2,2,11
945972122,3,1,0,1,2,2,0,9
944942361,3,3,3,1,2,1,3,16
929581588,0,2,2,2,1,1,1,9
919970776,0,2,1,1,1,1,1,7
994375548,0,1,1,3,1,2,0,8
1029438887,0,2,0,1,1,1,1,6
821761908,0,2,1,1,1,1,0,6
757378873,0,2,2,1,1,1,3,10
996526228,0,2,1,1,1,1,1,7
911275345,0,2,1,0,1,1,0,5
898575229,3,3,2,2,2,2,1,15
288958071,0,0,0,0,0,0,0,0
490337863,1,1,0,0,2,1,0,5
481554413,0,1,2,0,1,0,0,4
656462063,1,2,0,1,1,2,1,8
486931571,1,1,0,0,0,1,0,3
480529343,0,1,0,0,1,2,0,4
480521955,0,1,0,0,1,1,0,3
480525585,0,2,0,0,1,1,0,4
480521141,0,2,0,0,0,1,0,3
1064227426,3,3,3,3,3,2,3,20
1014510712,3,2,3,3,3,2,3,19
886622331,3,3,3,3,3,2,3,20
1064313573,3,3,3,3,3,2,3,20
1073261011,0,0,0,0,0,0,0,0
996842628,3,3,3,3,3,2,3,20
1008663053,3,2,3,1,2,2,3,16
1073558391,0,3,2,2,2,1,1,11
1081944454,0,2,2,3,2,1,3,13
875350937,0,2,2,1,2,1,3,11
1070126682,0,0,0,0,0,0,0,0
992850251,2,2,3,2,2,1,3,15
956968161,3,3,3,2,2,2,2,17
1025765169,0,1,0,1,1,2,1,6
984565979,2,1,3,1,1,1,3,12
776076239,0,2,1,1,1,1,0,6
1040783844,2,3,2,3,2,2,3,17
722844384,0,1,0,1,1,2,0,5
932186049,0,1,2,1,3,2,3,12
1026098863,0,1,0,1,1,2,2,7
1077361949,0,1,0,0,1,1,0,3
217153386,0,0,0,0,0,0,0,0
507397661,0,2,0,1,1,1,1,6
912820509,0,1,0,1,1,2,0,5
932735374,3,3,2,2,2,2,3,17
905007833,0,2,0,1,1,1,1,6
980077818,0,2,0,1,2,1,0,6
967876446,0,1,0,0,0,1,0,2
947644833,0,1,0,0,0,1,0,2
859527996,0,2,0,0,2,1,0,5
919066778,0,2,2,2,1,1,1,9
945160005,0,1,2,1,2,1,1,8
912453734,0,1,0,1,2,1,1,6
915633648,3,3,1,1,1,2,1,12
916406855,0,1,0,1,1,1,1,5
877030058,0,2,0,1,2,1,1,7
894148748,0,2,2,1,1,1,3,10
753621192,3,3,3,3,3,2,3,20
889425442,3,3,3,3,3,2,3,20
678726037,3,3,3,3,3,2,3,20
778523721,3,3,3,3,3,2,3,20
663106945,3,3,2,3,3,2,3,19
190864888,0,0,0,0,0,0,0,0
632143422,0,2,2,1,1,1,3,10
438151645,0,2,1,0,1,1,0,5
817671281,0,0,0,0,0,0,0,0
944845615,0,0,0,0,0,0,0,0
420134019,0,1,0,1,1,2,0,5
1022944046,3,2,1,2,2,0,0,10
396654174,3,2,2,2,3,1,3,16
878607055,0,2,0,1,1,2,0,6
900205064,0,0,0,0,0,0,0,0
609590725,0,0,0,0,0,0,0,0
380140812,1,2,3,3,2,1,3,15
1062366632,2,2,3,1,1,2,3,14
743279302,0,2,0,1,1,1,1,6
1021766857,0,0,0,0,0,0,0,0
787533137,0,2,1,0,1,1,0,5
1026955342,0,2,2,3,2,1,3,13
867444182,0,0,0,0,0,0,0,0
784749617,0,2,3,1,1,2,3,12
1009574877,0,0,0,0,0,0,0,0
555437309,0,0,0,0,0,0,0,0
1052470152,3,2,3,1,2,2,3,16
947136424,0,0,0,0,0,0,0,0
1053003075,0,2,3,0,1,2,0,8
1067901074,0,1,0,0,0,1,0,2
1067907129,0,1,0,0,0,1,0,2
1075750294,0,1,1,1,1,1,1,6
943763907,3,3,3,3,3,2,3,20
857798529,2,2,3,1,1,1,1,11
1028644138,0,0,0,0,0,0,0,0
904878994,3,3,2,2,1,1,3,15
1037376158,0,0,0,0,0,0,0,0
1067534366,0,1,0,1,1,2,0,5
1082523055,0,2,2,1,2,1,1,9
1078086304,0,1,1,1,1,2,0,6
1081569251,2,2,0,1,2,2,2,11
1075064978,3,3,2,3,3,2,3,19
887026201,0,2,2,1,1,1,1,8
449374995,3,2,1,1,2,2,1,12
451395648,3,2,1,1,2,2,1,12
463118043,3,2,1,1,2,2,1,12
449345921,3,2,1,1,2,2,1,12
523999061,0,2,2,2,1,2,3,12
945693332,2,2,2,1,1,2,3,13
482257499,0,2,2,1,1,1,1,8
782865604,3,2,2,1,2,2,3,15
732290936,2,2,2,3,2,1,3,15
832580072,0,2,2,1,1,1,3,10
942021296,1,2,2,1,1,1,3,11
789970226,3,2,3,1,3,2,3,17
690277374,0,2,2,1,1,1,3,10
792382946,3,3,3,3,3,2,3,20
58025658,0,0,0,0,0,0,0,0
341464831,2,2,3,1,3,2,3,16
1080814397,0,1,0,0,0,1,0,2
829626419,0,2,2,1,1,2,3,11
1077108483,0,3,2,3,2,1,3,14
974575056,2,3,3,3,2,2,3,18
829716056,0,2,0,0,0,1,0,3
94856437,0,0,0,0,0,0,0,0
1044353813,3,2,2,1,1,2,3,14
484589328,3,2,3,3,2,2,2,17
700048562,0,2,3,1,1,1,3,11
670816477,0,2,3,1,1,1,3,11
636103578,0,2,3,1,2,1,3,12
634876562,0,2,3,1,1,1,3,11
659448593,0,2,2,1,1,1,3,10
832946359,0,2,3,2,1,2,3,13
694129792,0,2,3,1,1,1,3,11
937324527,0,2,1,1,1,2,2,9
167064139,0,0,0,0,0,0,0,0
976348206,3,3,3,3,3,2,3,20
582287199,3,3,3,3,2,1,3,18
872819491,0,2,2,3,2,1,3,13
967737444,0,3,3,2,2,1,3,14
927200803,0,1,0,1,1,1,1,5
958779123,3,3,3,3,3,2,3,20
784933388,3,3,2,2,2,2,3,17
917476952,0,0,0,0,0,0,0,0
449608887,3,2,3,1,2,1,3,15
1030684985,0,1,0,1,1,2,2,7
1005988638,2,2,2,2,3,2,0,13
1001260697,3,3,3,3,3,2,1,18
927040108,3,3,3,3,3,2,3,20
988123573,3,3,3,3,2,2,2,18
962273353,3,2,0,3,2,2,1,13
972951792,3,3,3,2,3,2,1,17
1057932946,2,2,2,3,2,2,3,16
1056491739,3,2,3,3,2,2,3,18
913866521,0,2,0,2,1,1,0,6
1081346801,0,1,0,1,1,2,0,5
1080193846,0,1,0,1,1,2,2,7
1018338559,0,1,1,0,1,1,0,4
1045103264,0,0,0,0,0,0,0,0
735350198,0,2,2,1,2,2,1,10
1005140299,0,0,0,0,0,0,0,0
1063468597,0,2,0,1,1,2,1,7
993937569,3,3,3,3,3,2,3,20
353810842,0,1,1,1,1,2,2,8
204792774,0,0,0,0,0,0,0,0
40791994,0,0,0,0,0,0,0,0
974480855,3,2,3,1,2,2,1,14
92356024,0,0,0,0,0,0,0,0
978723468,0,0,0,0,0,0,0,0
67962498,0,0,0,0,0,0,0,0
49911258,0,0,0,0,0,0,0,0
961007009,2,2,2,1,2,2,3,14
977970381,0,1,0,1,1,1,1,5
948871626,1,2,0,1,1,1,1,7
1002396578,0,2,0,0,0,1,0,3
995434605,0,2,0,0,1,1,0,4
198471822,0,0,0,0,0,0,0,0
966679516,0,2,1,1,1,1,1,7
649072403,0,2,1,1,1,1,1,7
1079805831,1,2,2,1,1,2,3,12
1037198526,0,0,0,0,0,0,0,0
1073999072,0,2,0,0,0,1,0,3
1061448178,0,2,2,1,1,1,3,10
866445099,0,1,0,0,0,1,0,2
1068595392,0,1,0,1,1,2,1,6
1070162146,0,2,0,0,0,1,0,3
1041625507,2,3,2,1,2,2,3,15
1040847888,0,0,0,0,0,0,0,0
957396766,0,2,2,0,2,1,0,7
1040230606,0,2,2,1,1,1,3,10
771226415,3,3,3,3,2,2,3,19
1037772303,0,0,0,0,0,0,0,0
998504676,0,2,1,1,1,1,1,7
1036525964,0,2,1,3,2,1,1,10
1028152039,0,2,1,1,1,1,1,7
1026554945,0,2,2,3,2,1,3,13
764689993,3,3,3,3,3,2,3,20
468885363,0,0,0,0,0,0,0,0
1046992877,0,2,2,1,1,1,1,8
1066108753,0,1,1,1,1,1,1,6
1065954419,0,0,0,0,0,0,0,0
1047434473,0,1,0,1,1,2,0,5
1032164713,0,2,0,1,1,2,1,7
1070312401,0,2,0,0,0,1,0,3
1054895719,0,1,0,0,0,1,0,2
1065624107,3,3,3,2,2,2,3,18
628476859,3,3,3,3,3,2,3,20
1016336579,3,3,3,3,2,2,3,19
1011634674,3,3,3,3,2,2,3,19
450312661,3,3,3,3,3,2,3,20
987442501,3,3,3,3,3,2,3,20
846176517,3,3,3,3,2,2,3,19
926985886,3,3,3,3,1,1,3,17
953687988,3,2,3,3,2,2,1,16
888653296,3,3,2,3,2,2,3,18
713763997,3,2,3,3,3,2,3,19
1043124806,3,2,3,3,2,2,2,17
997117757,0,2,2,1,1,1,1,8
901480526,0,2,0,1,1,1,1,6
644486417,3,3,3,3,3,2,1,18
394748483,3,3,3,1,2,2,3,17
1054430633,1,3,2,3,3,2,3,17
1072806087,0,1,0,0,0,2,0,3
1057661469,0,2,0,1,1,2,1,7
1014109922,0,2,2,1,1,2,3,11
948664627,0,2,1,1,1,2,0,7
686673699,0,2,2,1,1,1,1,8
715762737,2,2,2,3,2,1,3,15
736498552,3,3,3,3,2,1,3,18
890818476,0,2,2,1,1,1,3,10
875677511,0,2,2,3,2,2,3,14
724481397,3,3,3,3,3,1,3,19
721711464,3,3,3,3,3,1,3,19
169518798,0,0,0,0,0,0,0,0
573354163,1,2,2,1,2,1,3,12
1006081665,0,1,0,1,1,2,0,5
390254855,3,3,2,3,3,2,3,19
1035517012,0,2,1,1,1,1,1,7
1080660446,0,0,0,0,0,0,0,0
108053548,0,0,0,0,0,0,0,0
1080659927,0,1,1,0,1,1,0,4
1075427673,0,0,0,0,0,0,0,0
1071112608,0,0,0,0,0,0,0,0
490617445,0,2,2,1,1,1,3,10
490572757,3,2,2,1,1,1,3,13
415618174,3,3,3,3,3,2,3,20
1011417184,2,2,3,2,1,2,3,15
629340938,3,3,3,1,2,2,3,17
629314594,3,3,3,3,2,2,3,19
1000830735,0,2,2,1,1,2,2,10
1000715394,0,1,3,2,1,1,1,9
1009644572,0,2,0,0,0,1,0,3
900380778,3,2,3,2,3,2,3,18
897463522,3,2,3,2,3,2,3,18
1001290747,0,2,2,1,2,1,1,9
893612244,3,2,3,2,3,2,3,18
1003526144,3,3,3,3,3,2,3,20
975689888,3,3,2,3,2,2,3,18
141914902,0,0,0,0,0,0,0,0
957256797,3,3,3,3,2,2,3,19
834665814,3,2,3,3,1,2,3,17
795993039,3,3,3,3,3,2,3,20
1319228,0,0,0,0,0,0,0,0
59634302,0,0,0,0,0,0,0,0
873467009,3,3,3,3,3,2,3,20
929570102,3,3,3,3,3,2,3,20
526417752,3,3,3,3,3,2,3,20
220178654,3,3,3,3,3,2,3,20
270561235,3,3,3,2,3,2,3,19
813915015,2,2,2,3,3,2,1,15
1049447535,3,2,3,3,3,1,3,18
547429549,3,3,3,3,3,2,3,20
741481222,3,3,3,3,3,2,3,20
1059268394,3,3,3,3,3,2,3,20
501488179,3,3,3,3,2,2,3,19
1049327791,3,3,3,3,3,2,3,20
1074312929,0,2,2,3,2,1,3,13
1004717342,2,3,2,3,2,1,3,16
1053827184,3,2,3,1,2,2,3,16
994722085,3,3,3,3,3,2,3,20
721895919,3,3,3,3,3,2,3,20
1013604687,0,0,0,0,0,0,0,0
1064190339,0,0,0,0,0,0,0,0
932062977,0,1,2,1,1,1,3,9
1077396207,0,1,0,0,0,1,0,2
1076157678,0,0,0,0,0,0,0,0
524396744,0,2,2,1,1,1,1,8
1046207267,3,3,3,3,2,2,3,19
971417087,3,3,3,3,3,2,1,18
961366759,0,1,0,0,1,1,0,3
963761539,1,3,3,1,1,1,3,13
942735639,0,2,3,1,3,1,3,13
845738556,3,3,2,2,2,1,3,16
384654897,0,2,1,1,1,1,1,7
944528856,0,2,2,1,1,1,3,10
1012769789,0,2,1,0,1,1,0,5
1022034397,0,2,1,1,1,1,1,7
1021953485,0,2,3,1,1,1,3,11
1021850848,0,2,2,0,1,1,0,6
998546456,3,3,3,3,2,2,3,19
983820152,0,2,1,0,1,1,0,5
1000302518,0,2,1,1,1,1,1,7
1017832777,0,2,1,0,1,1,0,5
995724773,0,0,0,0,0,0,0,0
788129656,0,1,0,0,0,1,0,2
956917343,0,1,0,0,0,1,0,2
689062183,0,2,0,1,0,2,0,5
671936881,0,0,0,0,0,0,0,0
827621189,3,3,3,3,3,2,3,20
897562654,3,2,2,3,2,1,1,14
1023180741,0,0,0,0,0,0,0,0
962415521,0,1,1,1,1,1,0,5
115401767,0,0,0,0,0,0,0,0
723876412,2,3,3,1,2,2,3,16
1079110489,0,2,1,3,1,2,1,10
1049946725,0,0,0,0,0,0,0,0
960576635,3,2,3,3,2,2,3,18
525529496,3,3,2,3,2,2,3,18
808315517,0,2,0,2,2,1,0,7
987687728,0,1,2,1,2,2,3,11
111898262,0,0,0,0,0,0,0,0
1571866,3,3,3,2,3,2,3,19
413612338,3,3,3,3,2,2,3,19
707409807,3,2,0,3,2,2,1,13
212869011,0,0,0,0,0,0,0,0
992025366,3,3,3,2,3,2,3,19
976295365,3,2,2,3,3,2,3,18
1000616981,3,3,3,3,3,2,3,20
996355707,1,3,2,3,2,2,3,16
712876988,0,2,2,1,1,2,2,10
23781703,0,0,0,0,0,0,0,0
112508276,0,0,0,0,0,0,0,0
960948959,3,3,2,2,3,2,3,18
407707531,3,1,3,1,1,2,1,12
884037979,0,2,0,1,1,1,1,6
153660611,0,0,0,0,0,0,0,0
1078636168,0,2,2,2,2,1,1,10
729069912,3,3,3,3,3,2,3,20
926241928,1,2,3,3,2,1,1,13
1075740535,3,2,3,3,3,2,3,19
980979599,3,3,3,3,3,2,3,20
600440484,0,2,0,1,1,1,1,6
938835616,1,2,2,3,2,2,1,13
965912989,0,2,2,1,1,2,3,11
947958701,3,3,3,3,2,2,3,19
987026722,0,2,2,1,1,2,3,11
261210064,0,0,0,0,0,0,0,0
1051260412,2,3,2,3,2,1,3,16
531761646,0,2,1,0,1,1,0,5
958652881,0,2,1,1,1,1,1,7
890962611,0,2,2,1,2,2,1,10
24093806,0,0,0,0,0,0,0,0
519183689,0,2,0,1,0,1,0,4
666205167,0,1,1,1,1,1,1,6
448046035,0,2,0,1,2,1,1,7
1027709779,0,2,2,1,1,2,1,9
209386425,0,0,0,0,0,0,0,0
142193517,0,0,0,0,0,0,0,0
994796646,1,2,2,2,2,2,3,14
98600488,0,0,0,0,0,0,0,0
919424187,3,3,2,3,2,2,3,18
1073152302,0,2,1,1,1,1,1,7
1010939742,0,0,0,0,0,0,0,0
701414754,0,1,0,2,0,1,0,4
1018402408,1,3,2,1,2,1,3,13
1066370734,0,2,0,0,0,1,0,3
1062341597,1,2,3,1,2,2,1,12
1048796923,3,2,3,1,1,2,1,13
847794944,1,2,3,1,2,2,3,14
513973007,2,1,3,1,2,2,1,12
146735424,0,0,0,0,0,0,0,0
514340371,1,2,3,1,2,2,3,14
660709974,3,2,3,3,3,2,3,19
859048793,2,2,3,2,2,2,3,16
604420034,0,2,3,1,1,1,3,11
602192721,0,2,3,1,1,1,3,11
600692943,0,2,3,1,1,1,3,11
652532452,0,2,3,1,1,1,3,11
730640894,2,2,2,3,2,3,1,15
1067166972,0,2,3,1,1,1,3,11
630338074,0,2,3,1,1,1,3,11
658635438,2,2,3,2,2,1,3,15
651376044,0,2,2,1,1,1,1,8
203955068,0,3,2,1,1,2,3,12
779816774,0,2,3,1,1,1,3,11
986662713,0,2,0,0,0,1,0,3
783816526,0,1,0,1,1,1,1,5
985894435,0,2,1,1,2,1,0,7
983772826,0,1,0,1,1,2,0,5
962917073,0,2,0,1,1,2,0,6
838681677,2,3,2,3,2,1,3,16
1050359237,0,2,1,0,1,1,0,5
991783013,3,3,3,3,2,2,3,19
98760072,0,0,0,0,0,0,0,0
967612457,3,2,3,3,3,2,1,17
978778079,0,0,0,0,0,0,0,0
22913697,0,0,0,0,0,0,0,0
1053351444,1,2,1,1,2,2,1,10
138055212,0,0,0,0,0,0,0,0
138833384,0,0,0,0,0,0,0,0
139081013,0,0,0,0,0,0,0,0
138216714,0,0,0,0,0,0,0,0
137261686,0,0,0,0,0,0,0,0
475832391,3,3,3,3,3,2,3,20
771467051,0,2,2,2,1,1,1,9
1054533228,3,3,3,3,2,2,3,19
993390597,0,2,0,0,0,1,0,3
1007003312,0,2,0,0,1,1,0,4
1027084223,0,0,0,0,0,0,0,0
623478993,3,3,2,3,2,2,1,16
1004862062,0,2,2,1,1,1,3,10
1075775469,3,2,1,2,2,0,0,10
1076658205,0,3,1,3,2,1,1,11
1071208403,0,2,0,1,1,1,1,6
903370077,3,3,3,3,2,2,3,19
964561868,3,3,3,3,3,2,3,20
969600535,3,3,3,3,3,2,3,20
556357642,3,3,3,3,3,2,3,20
806636293,3,3,2,2,3,2,2,17
877763778,0,2,0,1,1,2,0,6
893042208,0,2,2,1,1,1,1,8
1040624711,0,0,0,0,0,0,0,0
475415356,0,2,2,1,1,1,3,10
1071251571,0,0,0,0,0,0,0,0
917761754,0,2,0,1,1,1,1,6
1058365375,3,2,3,3,2,2,1,16
480320246,3,2,2,3,3,2,1,16
657450654,3,3,3,3,3,2,3,20
781062298,2,2,0,3,2,1,1,11
628628438,3,3,3,3,3,2,3,20
854443157,3,2,2,1,1,2,1,12
1049981896,3,3,3,3,3,2,3,20
1021056707,2,2,2,2,2,1,1,12
1058686529,0,0,0,0,0,0,0,0
828462526,3,3,2,2,1,1,1,13
835932588,3,3,2,2,1,1,3,15
965239535,1,2,3,3,2,2,3,16
826555302,3,3,2,2,1,1,3,15
1071132313,0,2,3,1,1,1,3,11
1071859938,0,2,3,3,2,1,3,14
1075487301,0,2,3,3,1,2,3,14
883918829,0,2,3,1,1,1,3,11
1027675731,2,2,3,3,2,2,3,17
1070310896,0,2,3,1,1,1,3,11
964147961,0,1,0,1,2,1,1,6
1050095147,0,1,0,0,2,1,0,4
1058706703,1,1,2,1,1,2,3,11
979797343,3,3,2,3,2,2,3,18
1048612428,1,2,1,1,1,2,1,9
934172971,0,2,1,1,1,1,1,7
1033118317,0,2,1,1,1,2,1,8
864525357,0,1,0,1,1,1,1,5
1022535827,0,1,0,1,1,2,0,5
1052354373,3,3,3,3,2,2,3,19
980723802,3,3,2,3,2,2,3,18
103654103,0,0,0,0,0,0,0,0
1082664231,0,0,0,0,0,0,0,0
1080428083,0,0,0,0,0,0,0,0
1080720427,3,3,3,3,2,1,3,18
1078305136,0,2,1,2,2,1,0,8
1070296025,3,3,2,1,3,2,3,17
747508128,3,3,3,3,3,1,3,19
647278317,3,3,3,3,3,1,3,19
737135963,0,2,1,2,3,1,1,10
1054520613,0,2,0,1,1,1,1,6
210329113,3,3,3,3,3,2,3,20
955267927,0,2,1,1,1,1,1,7
897768088,0,2,2,1,1,1,3,10
637302089,0,0,0,0,0,0,0,0
1064039208,0,0,0,0,0,0,0,0
1063548238,0,2,1,1,1,1,1,7
738716121,0,2,3,1,1,2,1,10
106187366,0,0,0,0,0,0,0,0
1030342283,3,3,3,3,3,2,3,20
965391477,2,2,2,1,2,2,3,14
1062513235,0,1,0,1,1,2,1,6
1014007785,0,1,2,1,1,1,1,7
1054504193,0,1,0,0,0,1,0,2
1007012689,0,1,0,0,0,1,0,2
1030627324,0,1,0,1,1,2,0,5
680061845,0,0,0,0,0,0,0,0
844209089,0,1,0,1,1,2,1,6
804160829,0,1,0,0,0,1,0,2
870731432,0,2,2,1,1,1,1,8
873998796,0,1,1,1,1,1,1,6
411021302,0,2,3,1,1,1,3,11
971488157,2,1,2,3,1,1,0,10
949448944,0,2,2,1,1,1,1,8
319076081,0,0,0,0,0,0,0,0
19167383,0,0,0,0,0,0,0,0
762720817,0,2,1,1,1,1,1,7
683229528,0,1,0,2,1,1,0,5
744027754,3,3,3,3,2,2,3,19
1030567888,3,2,2,1,2,2,3,15
1044352654,0,1,2,1,1,1,1,7
418160599,1,2,2,3,2,2,3,15
791588342,0,2,1,1,1,1,1,7
791604163,0,2,1,1,1,1,1,7
791563136,0,2,1,1,1,1,1,7
504792834,0,1,0,1,1,2,2,7
550421622,3,3,2,3,2,2,1,16
534798216,3,3,2,1,2,2,3,16
490369832,1,2,2,3,2,2,1,13
470265419,3,3,2,3,2,2,3,18
585252186,1,2,2,3,2,1,1,12
620496095,0,2,0,1,1,1,1,6
421442576,1,3,2,2,2,2,3,15
620495662,0,2,1,2,1,1,1,8
620494159,1,2,0,1,2,2,1,9
504868094,2,1,3,1,1,2,3,13
540405105,0,1,2,1,1,1,3,9
1069468047,0,1,0,1,1,2,0,5
1061221258,0,1,0,1,1,2,0,5
1059148763,0,2,2,1,1,1,3,10
1051180891,0,2,1,1,1,1,1,7
1050422409,0,2,1,1,1,1,1,7
459592387,2,2,1,2,2,2,0,11
1030737398,0,3,0,3,2,1,0,9
1055173912,0,3,3,3,2,1,3,15
540410576,1,3,3,3,2,2,3,17
1027285203,0,0,0,0,0,0,0,0
785624948,3,3,3,3,3,2,3,20
1007867206,0,2,0,0,0,1,0,3
1005197709,0,0,0,0,0,0,0,0
1076173507,0,2,1,1,1,1,1,7
785020132,3,3,3,3,2,2,3,19
795557269,0,0,0,0,0,0,0,0
1059235723,0,0,0,0,0,0,0,0
1008238593,3,2,2,3,2,2,2,16
1009611758,0,2,1,1,1,1,1,7
954687327,0,2,0,0,0,1,0,3
1051174658,0,2,1,1,2,1,1,8
1063106189,0,0,0,0,0,0,0,0
1057110812,3,3,1,3,2,1,1,14
1062392918,0,2,1,3,2,1,1,10
888936404,0,0,0,0,0,0,0,0
141910506,0,0,0,0,0,0,0,0
286497766,0,0,0,0,0,0,0,0
101418052,0,0,0,0,0,0,0,0
1060286209,0,2,1,1,1,1,1,7
992909369,0,2,0,1,1,2,2,8
336832434,3,3,2,3,3,2,2,18
236736606,0,2,1,1,1,1,1,7
387460771,0,3,2,3,2,1,3,14
533063536,0,2,1,1,1,1,1,7
419192005,0,2,1,0,1,1,0,5
989850631,3,3,3,3,2,2,3,19
619713669,0,2,1,3,1,1,1,9
1034538903,3,3,2,1,1,2,2,14
990671666,0,2,0,1,1,1,1,6
77397428,0,0,0,0,0,0,0,0
1030504079,0,2,0,0,1,1,0,4
1081098923,0,2,0,1,1,2,0,6
1081092583,3,3,3,3,3,2,3,20
1074241498,3,2,2,1,2,2,1,13
1064114838,2,2,2,1,2,2,3,14
1060183269,3,2,0,1,1,2,1,10
404093213,3,2,3,3,3,2,3,19
871232791,0,2,2,1,1,2,2,10
788592378,0,2,2,3,1,2,1,11
556029069,3,2,3,1,2,2,3,16
979752571,3,3,3,3,2,2,3,19
227096037,2,3,3,3,2,2,3,18
952290359,0,2,1,3,2,1,1,10
1052246113,0,2,0,1,1,2,0,6
904811293,2,2,2,2,1,2,1,12
806418334,0,2,1,1,1,2,1,8
1030721914,0,0,0,0,0,0,0,0
1026289428,0,2,0,0,1,1,0,4
1022639417,1,3,2,3,2,1,1,13
1018382828,1,3,2,3,3,1,3,16
945125609,0,0,0,0,1,0,0,1
1077164112,0,3,2,3,2,1,3,14
993079036,0,1,0,1,1,2,0,5
1045762392,2,3,3,2,3,2,3,18
1053714283,0,2,0,0,0,1,0,3
1056116629,0,0,0,0,0,0,0,0
922533104,0,0,0,0,0,0,0,0
829953838,3,3,3,3,3,2,3,20
865942382,3,3,3,3,3,2,3,20
1017980042,0,2,2,2,2,1,1,10
460900963,3,3,2,3,2,2,3,18
527388857,3,3,3,3,3,2,3,20
416605101,3,3,3,3,2,2,3,19
2690068,0,0,0,0,0,0,0,0
1067755913,3,2,1,1,1,2,1,11
1053868292,0,0,0,0,0,0,0,0
1030504865,0,0,0,0,0,0,0,0
1043454917,0,2,3,1,2,1,1,10
1038359742,3,2,3,1,1,2,1,13
850970512,0,2,1,1,1,1,1,7
796680422,0,0,0,0,0,0,0,0
1004969629,0,1,0,0,0,1,0,2
989266608,0,2,2,3,2,2,1,12
973583586,2,3,3,1,2,2,3,16
974833551,0,1,2,1,1,2,3,10
993018161,0,2,1,1,1,1,1,7
1051180368,2,1,3,2,3,1,3,15
795098302,0,2,3,1,1,1,3,11
772538405,2,2,3,1,1,1,3,13
1030561572,0,2,0,0,0,1,0,3
1076466637,0,1,0,0,1,1,0,3
181648154,3,3,3,3,2,2,3,19
374041928,3,2,1,3,2,1,1,13
1060083738,2,2,2,3,2,2,1,14
795294219,0,2,1,0,1,1,0,5
455801752,0,0,0,0,0,0,0,0
984300373,0,2,3,1,1,1,3,11
1018076449,0,2,1,0,1,1,0,5
995013375,2,2,3,2,2,2,3,16
1027076444,3,2,2,1,1,2,3,14
940333609,0,2,3,2,1,1,3,12
921526404,0,2,3,1,2,2,3,13
798456548,3,3,3,3,2,1,3,18
663761005,1,2,2,3,3,1,3,15
988726439,2,2,3,1,2,2,3,15
781308289,2,2,0,3,2,1,1,11
930142174,2,2,1,1,1,1,1,9
1041762798,0,2,0,1,1,1,0,5
115854028,0,0,0,0,0,0,0,0
1045748299,0,0,0,1,0,0,0,1
1044293862,0,1,0,0,1,2,0,4
1037607047,0,2,3,1,1,1,3,11
988782798,0,2,1,3,1,1,1,9
1044715015,0,0,0,0,0,0,0,0
499793913,3,3,2,1,1,2,2,14
775152778,0,0,0,0,0,0,0,0
1044782679,0,0,0,0,0,0,0,0
946500431,3,2,3,3,3,2,1,17
957347741,0,2,1,1,1,2,0,7
472794261,0,0,0,0,0,0,0,0
998359052,0,0,0,0,0,0,0,0
992708784,2,2,0,1,1,2,1,9
1040667102,1,2,2,3,2,1,3,14
395398566,1,3,2,1,2,2,1,12
548524783,3,3,3,3,3,2,3,20
556983567,3,3,3,3,2,2,3,19
116421566,0,0,0,0,0,0,0,0
956765238,0,1,0,1,1,2,0,5
874115964,3,3,3,3,3,2,3,20
1004537535,3,3,2,3,3,2,3,19
1010674279,0,2,1,0,1,1,0,5
567147729,0,1,0,0,0,1,0,2
1056132386,1,2,2,3,2,2,1,13
947140051,0,1,1,0,0,1,0,3
1044438639,0,2,1,1,1,1,1,7
1036801236,0,2,1,0,1,1,0,5
1001516245,3,2,1,1,1,2,1,11
554298058,2,2,2,1,2,1,3,13
1009375344,0,2,0,0,0,1,0,3
1012191137,0,2,1,1,1,1,1,7
99099817,0,0,0,0,0,0,0,0
392236776,0,3,2,1,2,1,3,12
1049877092,2,3,3,1,2,2,1,14
1013842254,3,3,3,3,3,2,3,20
983450679,3,3,3,3,3,1,3,19
502159739,0,2,0,1,1,2,2,8
1074583718,0,1,0,0,0,1,0,2
1070499096,0,0,0,0,0,0,0,0
878574967,0,3,2,2,1,1,3,12
1073576411,0,2,0,1,1,1,1,6
1071475832,0,1,0,1,1,2,1,6
1070906478,0,1,2,2,1,1,3,10
456223183,0,0,0,0,0,0,0,0
969043955,0,1,0,0,1,1,0,3
411355028,0,2,1,1,1,1,1,7
676516273,2,1,2,0,2,2,0,9
877974281,0,2,2,1,1,1,3,10
997951124,0,2,1,1,1,1,1,7
18991013,0,0,0,0,0,0,0,0
410200966,3,3,3,2,2,2,3,18
1030909523,0,0,0,0,0,0,0,0
757292321,0,1,1,0,1,1,0,4
992588954,0,2,1,1,1,1,1,7
797237297,0,2,1,1,1,1,1,7
791650015,0,0,0,0,0,0,0,0
682664157,0,1,2,1,2,1,1,8
821437243,0,1,1,1,1,2,2,8
818846862,3,2,2,1,1,1,1,11
1076779635,0,0,0,0,0,0,0,0
1067934177,3,3,1,3,2,1,1,14
709388743,3,3,3,3,3,2,3,20
663565371,3,3,3,3,3,2,3,20
781740287,0,2,2,1,1,1,1,8
1080033186,0,2,1,1,1,1,1,7
1080903577,0,2,2,2,1,2,0,9
951226962,0,3,2,1,1,1,3,11
966767671,0,0,0,0,0,0,0,0
858740651,1,2,0,1,1,1,1,7
848315891,2,3,3,1,1,1,3,14
376959893,3,3,3,3,3,2,3,20
850939352,1,2,2,3,1,1,3,13
1078712291,0,2,1,1,1,1,1,7
990064184,0,2,0,1,1,1,1,6
1081343581,0,0,0,0,0,0,0,0
1080286421,0,2,2,1,1,1,1,8
725858134,0,2,1,2,3,2,1,11
1079345461,2,2,2,1,1,1,1,10
891304162,0,2,2,1,1,1,3,10
1072431263,0,2,1,1,1,1,1,7
1080118509,0,0,0,0,0,0,0,0
1052944551,0,1,0,0,1,0,0,2
1054415869,0,0,0,0,0,0,0,0
1051873947,0,2,2,1,2,2,1,10
710861706,0,2,3,1,1,1,1,9
1048257681,3,3,2,3,2,1,3,17
1042517924,0,0,0,0,0,0,0,0
1073178391,0,2,1,1,1,1,1,7
930146459,0,0,0,0,0,0,0,0
994256746,1,3,3,1,2,2,3,15
683298453,0,2,0,0,0,1,0,3
896632089,2,1,2,1,2,2,2,12
1080336107,3,2,3,1,2,2,2,15
825539821,3,3,3,3,3,2,3,20
113372204,3,3,3,3,2,2,2,18
964218327,3,3,3,3,3,2,3,20
996775575,2,2,0,3,2,1,0,10
1083070126,0,2,0,1,1,1,1,6
1082783378,0,0,0,0,0,0,0,0
1082031087,2,2,1,3,1,2,1,12
1076671494,0,0,0,0,0,0,0,0
1080926958,0,0,0,0,0,0,0,0
1081300302,0,0,0,0,0,0,0,0
1081384073,3,2,0,3,1,2,2,13
1080936138,3,2,0,3,1,1,1,11
395695526,0,2,2,0,1,1,0,6
1074384617,1,2,2,3,2,1,0,11
1053693853,0,0,0,0,0,0,0,0
1042505236,0,0,0,0,0,0,0,0
1069193977,0,2,0,1,1,1,1,6
1072392125,3,3,2,2,2,2,3,17
987646245,3,3,2,2,2,2,1,15
730157976,1,2,2,1,2,2,1,11
894824726,3,3,3,3,3,1,3,19
1051074244,3,3,3,3,3,2,3,20
783984843,0,2,1,0,1,1,0,5
52288136,0,0,0,0,0,0,0,0
992930807,0,0,0,0,0,0,0,0
1077008811,0,2,0,1,2,1,3,9
1062504824,0,1,0,1,1,2,1,6
1053265777,0,0,0,0,0,0,0,0
1051618751,1,2,2,1,3,2,1,12
721290191,0,2,2,1,1,2,3,11
992140124,2,1,0,1,3,2,0,9
975776278,0,1,0,0,1,1,0,3
942614352,0,1,0,0,1,2,0,4
711989186,0,2,1,1,1,2,2,9
728076673,0,2,1,1,1,2,0,7
723776888,1,2,2,1,1,2,1,10
1057826973,0,1,3,1,1,1,3,10
910147789,2,2,3,3,2,2,3,17
927101527,3,3,3,3,3,2,3,20
1039060385,3,2,3,3,2,2,3,18
234630455,3,3,3,3,2,2,3,19
768034428,0,0,0,0,0,0,0,0
911440238,3,3,2,2,2,2,1,15
451122148,0,2,0,3,1,2,3,11
1040252457,0,2,1,2,1,2,1,9
1056665596,0,2,1,1,1,1,1,7
1046974507,0,2,0,1,1,2,1,7
1048436146,0,2,0,1,1,2,1,7
1046769025,0,2,0,0,0,1,0,3
1043451685,0,2,1,1,1,1,1,7
360045678,3,3,3,3,2,2,3,19
1041274778,3,2,3,1,2,2,3,16
1041055287,0,2,1,3,1,2,0,9
721050945,3,2,2,1,2,2,3,15
739794523,3,3,2,1,2,2,3,16
418817768,3,2,3,1,1,2,3,15
895160521,3,3,3,3,3,2,3,20
941262046,3,2,3,3,2,2,3,18
972720099,3,3,3,1,2,2,3,17
945513166,3,3,2,3,1,2,2,16
892054731,3,2,3,1,1,2,3,15
966385543,3,3,3,1,2,2,1,15
745904874,3,2,0,0,1,2,0,8
1012201263,3,3,3,1,2,2,3,17
1009703201,3,3,2,3,2,2,3,18
927587045,0,2,2,1,1,1,3,10
844232671,0,1,0,1,1,1,0,4
1070445733,0,2,2,1,1,1,1,8
1072705382,0,2,2,1,1,1,1,8
888531676,3,3,3,3,2,1,3,18
1071100234,0,1,1,0,1,1,0,4
841166235,3,3,2,2,2,1,1,14
105287688,0,0,0,0,0,0,0,0
939164648,0,2,2,1,1,1,1,8
1063516176,0,2,0,1,1,2,1,7
980004427,3,3,2,1,2,1,3,15
943723773,0,2,0,1,1,2,2,8
930715668,0,0,0,0,0,0,0,0
931232326,0,0,0,0,0,0,0,0
1072122381,1,2,2,1,1,2,2,11
1057850398,1,2,0,1,1,2,1,8
1057222776,2,2,2,1,1,2,2,12
851405714,0,0,0,0,0,0,0,0
630552021,0,0,0,0,0,0,0,0
1005633137,0,3,2,1,1,2,1,10
124816242,0,0,0,0,0,0,0,0
1075998693,0,3,0,2,1,1,1,8
850330173,0,1,0,1,1,2,0,5
846972638,0,1,0,1,1,2,0,5
948969806,0,2,0,0,0,1,0,3
953280714,0,0,0,0,0,0,0,0
953835569,0,0,0,0,0,0,0,0
949145075,0,2,0,1,1,1,1,6
1013714843,0,1,2,1,1,1,1,7
201292945,0,0,0,0,0,0,0,0
429980184,0,2,0,0,0,1,0,3
483998693,0,2,0,0,0,1,0,3
436977279,0,2,0,0,0,1,0,3
1000859007,3,2,2,2,3,2,1,15
870135746,0,2,0,1,0,2,0,5
919929447,0,2,1,1,1,1,1,7
887436554,0,1,0,0,0,1,0,2
979414421,0,2,2,1,1,2,1,9
988734105,2,2,2,2,3,1,1,13
711036611,1,2,1,3,1,1,0,9
109654816,0,0,0,0,0,0,0,0
1014163941,3,2,3,1,1,2,2,14
1038708641,0,0,0,0,0,0,0,0
1037198286,0,2,2,1,1,2,0,8
882536145,0,2,0,0,1,1,0,4
1020097242,0,2,1,1,1,2,2,9
1037804216,0,2,2,1,1,2,1,9
1080769952,0,1,0,1,0,1,0,3
1045982365,3,2,1,2,2,2,1,13
1066505245,0,2,0,3,1,1,0,7
1073656436,0,2,0,1,1,1,1,6
791565617,0,2,2,3,1,1,1,10
856480478,0,2,0,0,0,1,0,3
48562906,0,0,0,0,0,0,0,0
787752824,0,2,0,1,1,2,1,7
1014835015,0,1,0,0,0,1,0,2
149782153,0,0,0,0,0,0,0,0
813112242,0,2,1,1,1,1,1,7
755975578,3,3,3,3,3,1,3,19
961009435,3,3,3,3,2,2,3,19
885360699,3,3,3,3,3,2,3,20
897617259,3,3,3,3,3,2,3,20
918293508,3,3,3,3,3,2,3,20
648736787,2,2,0,3,2,1,1,11
268257007,2,3,3,3,2,1,3,17
964213187,3,3,3,3,2,2,3,19
300453173,3,3,3,3,3,2,3,20
84753514,0,0,0,0,0,0,0,0
384250832,0,2,2,1,1,1,1,8
1080785094,3,2,3,3,2,2,1,16
356366331,3,3,3,3,3,2,3,20
1078799398,0,2,0,0,2,1,0,5
101505438,0,0,0,0,0,0,0,0
310875008,3,3,3,3,3,2,3,20
151912042,3,2,3,1,2,2,3,16
323940691,0,2,3,3,2,1,3,14
973758058,1,2,1,1,1,2,1,9
996807697,0,0,0,0,0,0,0,0
996539364,0,0,0,0,0,0,0,0
691434922,0,2,3,1,1,1,3,11
1076755975,0,0,0,0,0,0,0,0
1052258605,3,3,3,3,2,2,3,19
1058171364,0,2,2,3,2,2,3,14
992205414,0,2,3,1,1,2,3,12
668192206,0,2,3,1,1,1,3,11
778734536,0,1,1,0,0,1,0,3
763206333,0,2,0,0,1,1,0,4
1079857843,0,2,2,2,1,2,3,12
1077093119,2,2,2,2,1,2,1,12
1022485602,3,3,3,3,1,1,1,15
970513987,0,2,1,1,1,1,1,7
967628816,1,3,3,3,2,1,1,14
956157812,0,1,0,1,0,1,0,3
941359075,2,3,1,3,1,2,1,13
916835988,0,1,0,0,1,1,0,3
922587476,0,0,0,0,0,0,0,0
844975336,3,3,3,2,2,2,3,18
791366253,0,0,0,0,0,0,0,0
882766237,0,2,0,1,1,1,1,6
553579836,0,2,2,1,1,1,3,10
1061023609,0,0,0,0,0,0,0,0
590805965,2,2,3,3,2,1,3,16
662935664,3,3,2,2,1,1,3,15
912407209,0,2,0,1,1,2,1,7
630850538,3,3,2,2,1,1,3,15
934684698,1,2,2,3,2,2,3,15
1052280301,2,3,2,3,3,1,3,17
1064754506,0,2,1,1,1,1,1,7
964341171,0,2,0,1,2,1,1,7
944851032,0,2,2,1,1,2,1,9
1055523618,0,0,0,0,0,0,0,0
920798416,0,0,0,0,0,0,0,0
1037881301,0,2,2,1,2,1,1,9
926756467,0,2,2,1,1,1,3,10
1046987295,3,3,2,3,3,2,1,17
710658522,0,1,2,1,1,2,0,7
106071931,0,0,0,0,0,0,0,0
640865167,0,2,1,2,3,0,0,8
455479211,0,0,0,0,0,0,0,0
1049885287,0,0,0,0,0,0,0,0
1055181507,0,0,0,0,0,0,0,0
855258695,3,3,3,3,2,2,3,19
539610182,0,1,0,1,1,2,0,5
507234035,0,0,0,0,0,0,0,0
538982498,0,0,0,1,0,1,1,3
100973283,0,1,2,1,1,2,3,10
788256039,3,3,3,3,3,2,3,20
935897503,0,0,0,0,0,0,0,0
973954922,0,0,0,0,0,0,0,0
610753323,0,1,0,1,1,2,1,6
982607973,0,2,1,1,1,1,1,7
1059143781,0,1,2,1,1,2,3,10
1050090908,0,2,2,1,1,2,2,10
1033523045,0,2,0,0,0,1,0,3
1059582921,0,2,0,1,1,2,1,7
879172721,3,3,0,2,2,2,1,13
981434493,0,2,0,1,1,2,1,7
1038039171,2,2,0,1,1,2,1,9
450415118,0,2,0,1,1,1,1,6
993556285,3,2,3,2,1,2,1,14
1001653694,0,2,0,1,1,2,1,7
1001613017,3,2,3,1,1,2,3,15
906594005,3,3,3,3,2,2,3,19
1004915121,0,1,0,0,1,1,0,3
564156076,0,2,1,1,1,1,1,7
1038441306,3,3,2,2,2,1,3,16
995522703,0,2,1,1,1,1,1,7
866518264,0,0,0,0,0,0,0,0
1000676509,1,2,0,1,1,2,1,8
996529202,1,2,2,1,1,1,3,11
922034592,3,3,3,2,3,2,1,17
1056764306,0,1,0,1,1,2,0,5
1055274141,0,1,0,0,1,1,0,3
1049380277,0,1,0,0,0,1,0,2
1040564302,0,1,2,1,1,2,1,8
1080835998,0,0,0,0,0,0,0,0
1079854117,0,2,0,1,1,1,1,6
1079138031,0,1,0,1,1,2,0,5
1065768268,3,3,3,1,2,2,1,15
886173803,3,3,3,3,3,2,3,20
871483594,1,2,2,1,2,1,1,10
733524528,3,3,3,3,3,2,3,20
79373372,0,0,0,0,0,0,0,0
1072191654,1,3,2,1,2,2,3,14
1062801181,2,3,2,3,2,3,1,16
1059282515,3,3,2,3,2,3,1,17
952270399,0,2,3,1,1,1,1,9
1053858243,3,2,0,1,1,2,1,10
1038939191,1,3,2,1,2,2,1,12
1002430776,3,2,1,2,2,1,1,12
362416709,0,1,0,1,1,2,0,5
402476422,0,1,0,1,1,2,0,5
1052469421,0,0,0,0,0,0,0,0
1062725792,2,2,0,1,2,2,1,10
952357252,3,2,0,1,1,2,1,10
1075644689,0,1,2,1,2,1,1,8
1076807315,2,2,2,1,1,2,3,13
1070707756,0,2,3,1,1,2,2,11
1070979279,0,2,2,1,1,1,1,8
450977183,3,2,2,2,2,2,1,14
663014483,3,3,3,3,3,2,3,20
17432735,0,0,0,0,0,0,0,0
635894901,3,3,2,3,3,2,3,19
854582826,3,3,3,3,3,2,3,20
460160417,0,2,1,1,1,1,1,7
89178084,1,3,2,3,2,2,3,16
53321734,0,0,0,0,0,0,0,0
92896342,0,0,0,0,0,0,0,0
98842925,1,2,2,1,1,2,2,11
627503918,3,2,0,3,2,2,1,13
996090641,3,2,3,1,1,2,1,13
988539953,3,2,1,2,3,1,1,13
675413201,0,2,1,1,1,2,0,7
405622369,0,1,0,1,1,2,0,5
532794861,0,2,2,1,1,1,1,8
1012496688,0,2,3,1,1,2,1,10
940994357,2,2,3,1,1,2,2,13
782187655,0,2,1,1,1,1,1,7
945788636,0,1,0,0,1,0,0,2
946084801,0,2,1,0,1,1,0,5
126624182,0,0,0,0,0,0,0,0
789429809,3,3,2,3,2,2,3,18
172308346,0,2,2,1,1,1,3,10
666588298,3,3,2,1,2,1,3,15
854256039,0,2,2,1,1,1,3,10
961765414,0,1,0,2,0,1,0,4
121545735,0,0,0,0,0,0,0,0
1080976147,3,2,3,1,1,2,1,13
1050526388,0,2,1,2,3,0,0,8
1080501706,3,2,3,1,1,2,1,13
758138468,0,2,0,0,1,1,0,4
1014087827,1,2,0,1,1,2,1,8
926965694,0,2,1,1,1,2,2,9
888760609,0,2,2,2,1,1,3,11
1055491467,0,0,0,0,0,0,0,0
1077574038,0,1,1,0,1,1,0,4
1048375258,0,2,0,1,1,1,1,6
1045404203,0,0,0,0,0,0,0,0
1070862829,0,2,0,0,0,1,0,3
1064738034,0,1,0,0,1,1,0,3
719989475,0,1,0,1,1,2,2,7
675008152,0,3,2,1,2,1,3,12
868736916,3,2,3,1,2,2,1,14
886479825,3,2,3,3,2,2,1,16
914101367,3,2,3,2,2,2,3,17
839138883,0,2,1,1,1,1,1,7
1046699274,0,1,3,1,1,2,0,8
1000618238,0,2,2,1,1,1,1,8
240897279,0,0,0,0,0,0,0,0
453241431,3,3,3,3,3,2,3,20
728635866,3,3,3,3,3,2,3,20
898927895,0,0,0,0,0,0,0,0
737929088,0,2,3,2,1,1,3,12
550097428,3,3,3,3,3,2,3,20
557161584,0,1,2,2,1,1,3,10
1059449241,0,2,2,1,1,1,3,10
1037862839,2,2,3,1,3,1,3,15
1058599414,0,2,1,0,1,1,0,5
1055690488,0,2,1,0,1,1,0,5
1052562622,3,2,3,1,2,2,3,16
1051069215,0,2,2,1,1,1,3,10
699083833,0,0,0,0,0,0,0,0
21554369,0,0,0,0,0,0,0,0
106776098,2,3,2,1,2,2,3,15
588847034,0,1,0,0,0,1,0,2
845044186,0,0,0,0,0,0,0,0
925952979,0,2,1,0,1,1,0,5
928467373,0,2,0,1,1,2,1,7
927955398,0,2,1,1,1,2,1,8
959137291,0,2,1,1,1,1,1,7
879216966,0,2,1,1,1,1,1,7
928995033,0,2,1,1,1,1,1,7
945177917,1,2,2,1,3,2,3,14
717031772,0,2,2,3,1,1,3,12
782203559,3,3,3,3,3,1,3,19
950072707,3,3,3,3,2,2,3,19
786810178,3,3,3,3,3,1,3,19
691482976,0,2,2,1,1,1,3,10
870327505,0,2,2,2,1,1,0,8
689715584,0,2,3,1,1,1,1,9
1032115676,0,2,1,0,1,1,0,5
1006912775,3,2,3,2,2,2,1,15
1004961934,0,2,3,1,1,2,3,12
1080798916,0,2,0,1,1,2,1,7
942458248,0,2,2,1,1,1,3,10
948579842,0,2,2,1,1,1,1,8
1078145249,0,1,0,0,0,1,0,2
107692389,0,0,0,0,0,0,0,0
1056463558,0,0,0,0,0,0,0,0
1075157833,0,1,0,0,1,2,0,4
1047419296,0,2,2,1,1,1,1,8
1061164646,0,1,0,1,1,2,2,7
1004955764,0,1,2,1,1,1,3,9
1057753384,3,3,3,3,2,2,3,19
1056658582,2,3,3,1,2,2,3,16
971560821,3,3,0,1,3,2,0,12
96790859,0,0,0,0,0,0,0,0
929734647,0,2,2,1,1,2,3,11
987712681,0,2,1,1,1,1,3,9
955748648,0,2,1,1,1,1,1,7
564517102,2,3,2,1,3,2,1,14
176171644,2,2,0,1,2,2,0,9
198929042,0,1,0,1,2,2,1,7
1030739382,0,2,1,0,1,1,0,5
960585519,1,2,0,1,1,2,1,8
947249668,3,2,3,1,2,2,3,16
961868823,1,2,2,1,2,2,3,13
850777983,0,2,0,1,1,1,1,6
16073391,0,0,0,0,0,0,0,0
779182956,3,3,3,3,3,2,3,20
720858873,0,3,2,0,1,1,0,7
781485266,3,3,3,1,2,2,3,17
799024181,3,3,2,1,1,2,3,15
867864924,3,2,3,1,1,2,3,15
803874768,3,2,3,1,1,2,3,15
782887104,3,3,2,1,1,2,2,14
1055440355,3,3,3,3,3,2,3,20
1075597904,0,2,0,1,1,1,1,6
1079746796,0,3,2,3,2,2,3,15
1077343878,0,0,0,0,0,0,0,0
1042807561,0,2,0,0,0,1,0,3
804028943,0,1,2,1,1,1,1,7
978018922,0,1,0,1,3,1,0,6
918988469,2,2,1,3,2,2,0,12
995441099,3,2,2,1,2,2,3,15
1055897217,3,2,3,2,2,2,1,15
718350558,0,2,2,1,1,1,3,10
1038061584,3,3,3,3,2,2,1,17
596820251,3,3,3,1,2,2,3,17
985795932,0,2,0,1,1,2,1,7
945447681,0,2,1,1,1,1,1,7
871218828,3,2,3,3,2,2,3,18
1081878408,0,2,2,1,1,1,1,8
1080951418,0,1,0,0,1,2,0,4
878461318,2,3,2,2,2,2,3,16
24733203,0,0,0,0,0,0,0,0
1077392658,2,2,3,1,1,1,1,11
1076516983,0,0,0,0,0,0,0,0
494006564,3,2,3,1,2,2,3,16
1009897911,0,0,0,0,0,0,0,0
681187823,1,2,2,1,1,1,1,9
681196583,1,2,2,1,1,1,1,9
681191426,1,2,2,1,2,1,1,10
956156924,0,0,0,0,0,0,0,0
597185946,3,3,2,3,3,1,3,18
905228419,3,3,2,3,2,2,3,18
569145051,3,3,3,3,3,2,3,20
979575346,3,3,2,3,2,2,3,18
941007841,3,2,3,3,3,2,3,19
878065368,0,0,0,0,0,0,0,0
930045928,3,2,2,1,2,2,3,15
759663811,3,3,3,3,3,2,3,20
996107514,2,2,3,3,3,2,3,18
712200723,3,3,3,3,3,2,3,20
941613562,0,0,0,0,0,0,0,0
921544941,0,0,0,0,0,0,0,0
501727508,3,2,3,1,2,2,1,14
870336031,1,2,2,2,2,1,3,13
1002937024,2,2,2,1,1,2,2,12
1038096978,0,0,0,0,0,0,0,0
1047552402,3,2,3,1,3,2,3,17
1066359577,0,0,0,0,0,0,0,0
1056944473,3,3,3,3,2,2,3,19
1049663238,0,1,0,1,1,2,0,5
1022826831,2,2,2,3,2,2,3,16
985628157,3,3,3,3,2,2,3,19
1035970054,0,2,2,1,1,1,1,8
1043076203,3,3,3,3,3,2,3,20
10377425,0,0,0,0,0,0,0,0
1031621296,0,2,2,1,1,1,3,10
1030286293,0,2,2,0,1,1,0,6
800395573,3,3,3,3,3,1,3,19
944782305,0,2,1,2,3,1,1,10
658566856,3,3,2,3,2,1,3,17
285675327,3,3,3,3,3,2,3,20
723531825,0,2,1,2,1,1,1,8
11725605,0,0,0,0,0,0,0,0
1013532175,3,3,3,3,2,2,3,19
202395548,3,3,3,3,2,2,3,19
944310722,3,3,3,2,2,2,3,18
998981739,3,3,3,3,2,2,3,19
1013594627,3,3,3,3,2,2,3,19
668009653,0,2,3,1,1,1,3,11
706538698,0,0,0,0,0,0,0,0
911481785,0,1,0,1,1,1,1,5
885885321,0,2,2,2,1,1,3,11
835026816,0,2,3,2,1,1,3,12
914951419,0,2,3,2,1,1,3,12
1048841243,0,2,2,1,1,1,3,10
1073111477,3,2,3,1,2,2,0,13
1059911014,3,3,2,3,2,1,1,15
874931015,3,2,2,2,2,2,3,16
1062523237,0,2,2,1,2,1,3,11
872945882,0,1,1,1,1,1,1,6
1059347306,0,2,3,1,1,1,3,11
1034794252,0,2,1,2,2,1,1,9
11806372,0,0,0,0,0,0,0,0
660948794,3,2,3,3,3,2,3,19
622266254,3,3,3,3,3,2,3,20
862868757,1,3,2,3,2,1,3,15
862014723,3,3,3,3,3,2,3,20
1036409334,0,0,0,0,0,0,0,0
536669649,0,0,0,0,0,0,0,0
1029238478,0,0,0,0,0,0,0,0
567350659,0,2,0,1,1,2,1,7
899823833,0,2,1,1,1,2,2,9
70893402,0,0,0,0,0,0,0,0
969058399,3,3,2,1,2,2,1,14
1001815522,0,1,2,1,1,2,1,8
1010839484,0,2,0,1,1,2,0,6
1009948445,0,1,2,1,0,2,1,7
650111663,0,2,1,1,1,2,1,8
1008299917,1,2,2,2,2,2,1,12
991055798,0,2,2,1,1,2,3,11
87816445,0,0,0,0,0,0,0,0
436754979,1,2,3,1,1,2,3,13
701260902,3,3,3,3,2,2,1,17
888474567,3,2,2,3,2,2,1,15
1012059222,0,0,0,0,0,0,0,0
1013744825,0,0,0,0,0,0,0,0
100274445,0,0,0,0,0,0,0,0
351730967,3,3,3,3,3,2,1,18
442628929,2,2,2,1,1,2,3,13
767817309,3,3,3,3,3,2,3,20
134851546,3,2,3,1,3,2,1,15
147899233,3,3,3,1,3,2,3,18
166470774,3,3,3,1,2,2,3,17
1005062779,0,0,0,0,0,0,0,0
669189709,3,3,3,3,3,2,3,20
997094852,0,2,0,0,1,1,0,4
896711542,0,1,1,1,1,2,2,8
902481583,0,0,0,0,0,0,0,0
963118013,0,2,0,2,2,1,1,8
960582662,0,2,3,2,2,1,1,11
921901557,0,1,0,0,1,2,0,4
940408526,0,2,2,2,2,1,1,10
935136433,0,2,1,2,2,1,1,9
534387471,3,3,3,1,2,2,1,15
524389714,3,3,3,1,2,2,1,15
167237474,0,0,0,0,0,0,0,0
875619313,3,3,3,1,3,2,3,18
411716278,3,3,3,1,2,2,1,15
829958932,3,3,3,3,2,2,2,18
701037406,0,3,2,1,2,2,3,13
203133383,0,0,0,0,0,0,0,0
753197027,0,0,0,0,0,0,0,0
466286379,0,2,0,3,2,1,1,9
1049077055,1,3,2,3,2,1,3,15
804098053,0,0,0,0,0,0,0,0
628920326,3,3,3,3,2,2,3,19
1041994312,0,2,0,1,1,2,1,7
1041380131,3,3,0,2,1,1,3,13
1037157945,0,2,3,2,3,1,1,12
1036538649,0,2,1,1,2,1,1,8
1040696599,0,1,1,2,1,0,0,5
1083347381,0,3,0,0,1,1,0,5
1082552306,1,2,2,1,2,2,1,11
1082353856,0,0,0,0,0,0,0,0
1078505516,3,2,3,1,1,2,1,13
1081287947,0,0,0,0,0,0,0,0
1081218293,0,0,0,0,0,0,0,0
1027468974,3,2,3,1,2,2,3,16
769387444,0,2,1,1,1,1,1,7
1080689214,1,2,3,1,1,2,1,11
726779088,0,3,2,3,2,1,3,14
1049384355,0,0,0,0,0,0,0,0
1053941372,0,2,3,1,1,2,1,10
1038297477,0,0,0,0,0,0,0,0
1023762294,3,2,3,1,1,2,1,13
1018456023,2,2,2,2,2,2,1,13
1018471905,0,2,1,2,1,2,1,9
1009517562,3,2,3,1,1,2,1,13
1011533338,3,2,3,1,2,2,3,16
216554614,0,0,0,0,0,0,0,0
724643898,3,2,0,3,2,1,0,11
938526048,1,2,0,2,3,2,0,10
980483765,1,1,0,0,0,2,0,4
909366403,0,0,0,0,0,0,0,0
937560797,0,2,2,1,1,1,3,10
1002348188,0,0,0,0,0,0,0,0
988219506,0,0,0,0,0,0,0,0
1000655317,0,2,0,1,1,2,0,6
996635221,3,3,0,1,1,2,1,11
1000940613,1,3,1,3,1,2,1,12
877435449,0,2,2,1,1,1,3,10
421329677,0,2,0,3,1,1,0,7
222536271,0,2,0,1,1,1,0,5
880566119,1,2,2,2,2,2,3,14
985014178,1,2,2,1,2,1,1,10
1000274116,1,2,3,1,2,2,3,14
48340218,0,0,0,0,0,0,0,0
132127788,0,0,0,0,0,0,0,0
882212402,2,2,2,2,2,1,0,11
1058534248,0,2,0,1,1,1,0,5
1057329047,2,2,0,1,1,1,0,7
789077553,3,2,3,3,2,2,3,18
765676919,3,3,3,3,3,2,3,20
123604542,0,0,0,0,0,0,0,0
880395417,0,1,3,1,1,2,3,11
803674237,1,2,2,3,2,2,2,14
768027761,0,0,0,0,0,0,0,0
820280128,0,0,0,0,0,0,0,0
762485693,3,2,1,3,2,2,1,14
893971335,3,2,2,1,2,2,1,13
829206426,0,0,0,0,0,0,0,0
820471573,0,0,0,0,0,0,0,0
761870096,3,3,2,3,2,2,2,17
802774828,0,0,0,0,0,0,0,0
760941878,0,0,0,0,0,0,0,0
1064507632,0,1,1,0,1,1,0,4
1056417129,0,0,0,0,0,0,0,0
1050494609,2,2,2,2,1,1,0,10
823339303,0,1,1,0,0,1,0,3
876552232,0,2,1,1,1,1,1,7
1079297694,0,2,0,1,1,1,1,6
899023077,0,2,0,0,0,1,0,3
716411827,0,0,0,0,0,0,0,0
403259867,0,1,2,1,1,2,1,8
1033665013,0,2,3,2,1,1,3,12
1030916316,1,3,2,1,2,1,1,11
298614455,0,2,2,3,1,1,3,12
718938219,2,2,3,1,2,2,3,15
1068046368,2,1,2,1,2,2,3,13
969548714,0,0,0,0,0,0,0,0
1070822533,0,2,0,1,1,1,1,6
972441648,0,0,0,0,0,0,0,0
905004424,0,1,0,0,0,1,0,2
1046647797,3,2,3,1,1,2,1,13
805664329,0,2,2,1,1,1,3,10
1077317149,0,2,2,1,1,2,1,9
1068074418,0,2,2,1,1,1,3,10
1074793453,0,2,2,1,1,1,3,10
1071256907,0,1,0,1,1,1,1,5
1054260223,0,0,0,0,0,0,0,0
1064842736,0,1,1,1,1,2,2,8
787762761,0,2,0,1,1,1,0,5
787743798,0,2,0,0,1,1,0,4
787723063,0,2,0,0,1,1,0,4
788500753,0,1,0,1,1,1,0,4
787692973,0,1,0,1,1,1,0,4
786611288,0,1,0,1,1,1,0,4
784747196,0,1,1,1,1,1,1,6
672306892,0,2,1,1,1,1,1,7
20600489,0,0,0,0,0,0,0,0
661573699,0,1,0,1,2,2,0,6
112008562,0,0,0,0,0,0,0,0
570010349,3,3,3,3,3,2,3,20
991084105,3,3,0,1,1,2,1,11
903928555,0,1,0,1,1,1,0,4
782714702,0,1,0,0,0,1,0,2
942009552,3,3,2,1,1,2,2,14
975170587,0,0,0,0,0,0,0,0
926827029,0,1,0,1,2,1,1,6
766602795,0,2,2,1,1,1,1,8
730431778,0,2,1,1,1,1,1,7
476488105,0,2,2,1,1,1,3,10
1024141424,0,0,0,0,0,0,0,0
800196157,3,2,2,3,1,2,3,16
989428603,3,3,3,3,2,2,3,19
941424735,0,2,1,1,1,1,1,7
958282238,0,2,2,1,1,2,2,10
947014893,3,2,3,1,1,2,1,13
928193188,0,2,0,3,1,1,0,7
874080639,0,1,0,0,0,1,0,2
1054384107,0,2,2,1,1,1,1,8
1047745294,3,3,2,3,3,1,3,18
1008699139,2,2,2,1,2,1,1,11
1022522858,3,2,3,2,2,2,3,17
961179465,0,0,0,0,0,0,0,0
1014587843,0,2,2,1,1,1,1,8
973596988,3,2,2,2,3,2,1,15
410934248,3,3,3,3,2,2,3,19
500439813,1,2,1,3,1,1,1,10
1029510603,0,2,0,1,1,2,1,7
996849717,0,1,3,1,1,2,3,11
971820469,0,1,0,1,1,1,1,5
971740868,0,1,0,0,1,1,0,3
980160488,0,2,1,1,1,1,1,7
715382176,2,2,0,3,3,1,1,12
1010193658,3,3,2,3,2,2,3,18
867818946,0,1,0,0,1,1,0,3
1212524,0,0,0,0,0,0,0,0
862994962,0,0,0,0,0,0,0,0
813892289,3,2,3,3,2,2,3,18
326028601,0,1,0,1,1,1,1,5
607919103,0,2,0,1,1,1,1,6
767682985,3,3,0,3,2,2,1,14
862211991,3,3,2,3,3,2,1,17
858959555,0,2,0,0,0,1,0,3
1071351867,0,0,0,0,0,0,0,0
1063024962,0,2,0,1,1,1,1,6
1055067065,0,0,0,0,0,0,0,0
950349703,3,3,3,3,3,2,3,20
1076695148,0,2,0,3,2,1,0,8
1062564905,3,2,1,3,2,2,0,13
1072279124,0,1,0,1,1,2,1,6
1068540287,0,2,1,1,1,1,1,7
1062110298,0,2,0,1,1,1,1,6
916833869,0,2,0,0,0,1,0,3
1054625999,0,1,1,1,1,1,1,6
427299553,2,2,1,1,2,1,1,10
961186835,3,2,0,1,1,2,1,10
960603362,3,3,3,1,2,1,1,14
1023644492,0,2,0,1,1,2,1,7
1014489798,0,2,0,0,1,1,0,4
1006091421,0,0,0,0,0,0,0,0
996508763,0,1,0,1,0,1,1,4
964410879,0,1,0,1,1,1,0,4
958609533,3,3,3,3,3,2,3,20
2718643,3,3,3,2,2,2,3,18
15906446,3,3,2,1,2,2,1,14
603651794,0,1,3,1,1,1,3,10
947736721,0,0,0,1,1,0,0,2
1053305385,0,2,1,1,1,1,1,7
1024814932,0,0,0,0,0,0,0,0
967000297,0,2,1,1,1,1,1,7
1052885929,0,1,0,0,1,1,0,3
886289002,3,3,3,3,3,1,3,19
964769277,0,2,2,1,1,1,1,8
745906503,1,2,0,3,1,2,1,10
1026979211,0,2,0,0,0,1,0,3
1039043888,2,2,0,1,1,2,1,9
1024401707,0,0,0,0,0,0,0,0
1082063168,0,2,1,1,1,1,1,7
1076837795,0,0,0,0,0,0,0,0
992021846,0,1,0,1,1,2,0,5
998099457,3,3,0,2,3,2,3,16
942967369,3,3,3,3,3,2,3,20
1040547941,3,3,2,3,2,1,3,17
1037732112,3,2,2,1,2,2,3,15
1050122698,0,2,0,0,0,1,0,3
1032177961,0,0,0,0,0,0,0,0
1012894177,3,2,3,1,1,2,3,15
993890957,0,0,0,0,0,0,0,0
975207687,0,2,1,0,1,1,0,5
960924416,3,3,3,3,3,1,1,17
964286886,2,2,0,1,1,2,0,8
1017341336,0,1,0,0,2,1,0,4
960897742,0,1,2,1,2,1,1,8
380533247,0,2,2,1,1,2,1,9
981576817,0,2,0,1,1,1,0,5
914192363,0,1,0,1,1,2,0,5
997594531,3,3,0,3,2,2,1,14
930262354,3,3,3,3,2,2,3,19
422402595,3,3,3,2,2,2,3,18
402831315,3,3,3,3,2,2,3,19
416225942,3,3,3,2,2,2,3,18
405882964,3,2,2,3,2,2,1,15
994686467,3,2,3,2,2,2,1,15
995504563,3,3,3,3,2,2,1,17
995764263,3,2,3,3,2,2,3,18
989113755,3,3,3,3,2,2,1,17
413871939,3,3,3,3,2,2,3,19
972242709,3,2,3,3,2,2,3,18
1054278542,0,2,2,1,1,1,3,10
1013731912,1,2,2,3,2,1,3,14
930135386,0,2,1,1,1,1,1,7
1040234153,2,2,2,1,2,1,3,13
1022208235,2,3,2,3,2,1,3,16
1034419948,1,2,3,3,2,1,3,15
1022428786,0,2,3,1,1,1,3,11
1018639839,0,2,3,1,1,1,3,11
842871551,3,3,2,3,1,1,3,16
965701159,0,2,1,1,1,1,1,7
897018039,0,1,2,1,1,1,1,7
813475169,3,3,3,3,3,2,3,20
570434448,3,3,3,3,2,2,3,19
934622099,0,2,2,1,1,1,3,10
728043413,3,3,3,3,3,2,3,20
1077238721,0,1,0,1,1,2,0,5
845843548,0,2,2,1,1,1,1,8
998082635,3,2,2,2,3,2,3,17
1075928599,0,0,0,0,0,0,0,0
670415843,0,2,2,2,3,1,1,11
1075300626,0,2,0,0,1,1,0,4
1072780974,0,0,0,0,0,0,0,0
1073934512,0,0,0,0,0,0,0,0
983800688,0,2,2,1,1,1,3,10
1024447282,0,0,0,0,0,0,0,0
1022988414,0,2,1,1,1,2,2,9
1018596376,0,0,0,0,0,0,0,0
1021036725,0,0,0,0,0,0,0,0
1003130601,0,2,0,0,0,1,0,3
1000487705,0,2,2,2,1,1,3,11
1006019158,0,2,0,0,0,1,0,3
498769192,3,3,3,1,2,2,3,17
1025364527,0,2,0,1,1,2,1,7
1017970498,0,2,1,1,1,1,1,7
1001586799,3,2,1,1,2,2,2,13
993874202,0,0,0,0,0,0,0,0
947395958,2,3,2,2,2,1,3,15
721986434,0,0,0,0,0,0,0,0
26054022,0,0,0,0,0,0,0,0
1075681441,0,2,1,2,1,1,1,8
946529199,0,1,0,1,1,2,2,7
486918311,0,2,2,1,1,1,3,10
475886954,0,1,0,0,0,1,0,2
170383197,0,1,0,1,1,1,0,4
951814385,1,3,2,1,1,2,3,13
996218727,0,0,0,0,0,0,0,0
850280143,0,1,0,0,1,1,0,3
991732276,0,0,0,0,0,0,0,0
1078699789,0,0,0,0,0,0,0,0
288774605,0,1,0,1,1,2,0,5
429571214,0,3,1,1,2,1,1,9
664810137,0,2,1,1,1,1,1,7
899858447,0,2,2,1,2,1,3,11
644991865,3,3,2,3,2,2,1,16
413711316,0,1,0,1,1,2,0,5
874423652,3,3,3,3,2,2,3,19
390868969,0,2,2,3,2,1,3,13
880781016,0,0,0,0,0,0,0,0
1028286842,0,2,2,1,0,1,3,9
846570417,0,0,0,0,0,0,0,0
1078814099,0,2,0,1,1,2,1,7
901134802,3,3,2,2,1,2,3,16
413881914,0,2,3,1,1,2,1,10
883336954,0,1,3,1,1,2,0,8
994363596,0,2,1,1,1,2,0,7
1028009674,3,3,0,2,1,1,1,11
982444321,3,3,2,1,2,2,3,16
958112251,1,2,2,1,2,2,3,13
938493928,1,2,3,1,2,2,1,12
866763247,0,1,0,1,1,2,0,5
988238633,0,1,0,0,1,2,0,4
922128517,0,2,0,1,1,1,1,6
611418589,0,0,0,0,0,1,0,1
863572436,0,2,0,1,1,1,1,6
875988473,0,2,1,1,1,1,1,7
984563252,3,2,3,3,2,2,3,18
1012272498,0,2,1,1,1,1,1,7
1023243594,0,2,0,0,1,1,0,4
1000671991,0,0,0,0,0,0,0,0
1009665639,0,2,1,1,1,1,1,7
976782805,0,0,0,0,0,0,0,0
100493985,0,0,0,0,0,0,0,0
565808818,1,2,3,3,3,2,2,16
1049560699,2,2,2,2,2,1,3,14
1020211252,0,2,1,1,1,1,1,7
926604035,0,0,0,0,0,0,0,0
416688872,0,1,0,1,2,2,2,8
781395605,1,2,2,3,1,2,3,14
926696777,0,2,3,2,1,1,3,12
1051036072,0,2,0,1,1,1,1,6
1074728772,0,2,0,1,1,2,1,7
1060954283,0,0,0,0,0,0,0,0
1054071404,0,0,0,0,1,0,0,1
1043356146,0,0,0,0,0,0,0,0
1042206241,0,2,0,1,2,2,1,8
1049927181,0,0,0,0,0,0,0,0
946980752,0,2,0,1,1,2,2,8
1048612716,0,0,0,0,0,0,0,0
690079835,0,2,3,1,1,1,0,8
1029511798,0,0,0,0,0,0,0,0
1041068859,0,0,0,0,0,0,0,0
767866741,0,0,0,0,0,0,0,0
1024221623,0,0,0,0,0,0,0,0
1028169144,0,3,2,2,3,2,1,13
915560632,0,0,0,0,0,0,0,0
1030900118,0,2,2,1,1,2,1,9
890103376,3,3,1,1,1,2,1,12
356675442,3,3,3,3,2,2,3,19
956345264,3,3,3,3,2,2,3,19
18213966,0,0,0,0,0,0,0,0
109259962,0,0,0,0,0,0,0,0
431210704,3,3,3,3,3,2,3,20
569231982,3,3,3,3,3,2,3,20
315984223,3,3,3,3,3,2,3,20
55938074,0,0,0,0,0,0,0,0
863223564,3,3,3,3,3,2,3,20
1026100385,3,3,3,3,3,2,3,20
1052529721,0,0,0,0,0,0,0,0
963562188,3,3,3,3,3,2,3,20
1017124937,3,3,3,3,3,2,3,20
1044898854,0,2,0,0,0,1,0,3
1037975363,0,1,1,1,1,1,1,6
1040215751,3,2,3,3,1,2,1,15
1026547838,0,2,0,0,0,1,0,3
1047547254,0,2,2,1,1,1,3,10
1047084085,3,3,2,1,2,1,3,15
1043416478,0,2,2,2,2,1,3,12
1039356072,0,2,0,0,0,1,0,3
988549082,0,2,2,1,2,2,3,12
988407789,0,2,0,0,0,1,0,3
900448506,0,2,1,1,1,1,1,7
979140943,0,3,3,1,2,2,3,14
352628152,3,2,3,3,2,1,3,17
367689351,0,1,2,1,1,1,1,7
440303192,0,2,2,1,2,1,3,11
983112133,0,2,2,1,2,1,3,11
12229493,0,0,0,0,0,0,0,0
627577269,0,2,1,1,1,1,1,7
619176435,0,2,3,1,1,1,3,11
377876573,0,1,0,0,1,1,0,3
474361428,0,2,2,1,1,1,3,10
870305708,0,2,3,1,1,1,3,11
462941913,0,2,3,1,1,1,3,11
563606317,3,2,0,1,1,1,1,9
693395763,3,2,0,1,1,2,1,10
946398253,0,2,2,1,1,1,3,10
883481969,3,3,3,3,2,2,3,19
1076745279,0,0,0,0,0,0,0,0
1017291136,0,1,2,1,1,2,3,10
1036776311,0,2,1,1,1,1,1,7
1081014116,0,0,0,0,0,0,0,0
1051879858,0,0,0,0,0,0,0,0
1009696122,0,0,0,0,0,0,0,0
830599684,3,3,3,3,3,2,3,20
1043285204,0,0,0,0,0,0,0,0
1034178665,0,1,0,0,1,1,0,3
461648706,3,3,3,3,2,2,2,18
1027604062,0,0,0,0,0,0,0,0
945462203,0,2,2,1,1,2,3,11
1035757156,3,2,3,1,2,2,3,16
996055176,0,2,2,1,1,1,3,10
503111068,0,0,0,0,0,0,0,0
1045128965,0,0,0,0,0,0,0,0
770225438,0,2,2,1,1,1,1,8
1080356516,0,1,0,1,1,1,1,5
1052806094,0,0,0,0,0,0,0,0
290334941,0,2,1,1,1,2,1,8
1061701072,1,2,2,1,2,2,3,13
1074139724,0,1,0,1,1,2,0,5
665219383,1,3,3,1,2,1,1,12
1033471333,0,3,2,0,2,1,0,8
1035919202,3,3,2,2,2,1,3,16
1041013826,0,0,0,0,0,0,0,0
1030169678,3,3,3,1,2,2,3,17
1040905186,0,0,0,0,0,0,0,0
1038157955,1,2,2,3,2,1,3,14
926976524,3,3,0,1,1,2,2,12
757380066,0,3,3,3,3,1,1,14
1060483076,3,2,0,3,2,2,1,13
866114955,0,1,1,0,0,1,0,3
1011272259,3,2,3,1,2,2,1,14
880429873,3,2,3,3,2,2,3,18
997601093,3,2,2,1,2,2,2,14
1078398448,0,1,0,1,1,1,0,4
101720316,3,3,3,3,3,2,3,20
191293253,0,0,0,0,0,0,0,0
467840336,3,3,3,3,3,2,3,20
883330058,0,2,1,1,1,1,1,7
407426207,0,2,3,3,1,1,3,13
469720466,0,2,2,1,1,1,3,10
484901373,0,2,3,1,1,1,3,11
716603173,0,2,3,1,1,1,3,11
647706045,2,2,3,2,2,1,3,15
554825141,0,2,3,1,1,1,3,11
1019168441,0,0,0,0,0,0,0,0
124890189,0,0,0,0,0,0,0,0
388402954,3,3,2,3,3,2,1,17
387742251,0,2,1,1,1,1,1,7
501130096,0,0,0,0,0,0,0,0
443752661,2,2,0,2,2,1,0,9
734853423,0,1,0,1,1,2,0,5
992636724,0,1,0,1,1,1,1,5
955254698,0,2,2,1,1,2,3,11
975482813,3,3,3,1,2,2,2,16
959254222,0,0,0,0,0,0,0,0
1074142373,3,3,3,3,3,2,3,20
946113143,0,1,0,1,1,2,0,5
880400836,0,2,0,0,1,1,0,4
940763591,3,3,2,1,2,2,2,15
1029439818,0,2,1,1,0,1,1,6
996798894,3,3,3,3,2,2,3,19
872934363,0,1,1,2,0,1,1,6
952029143,0,0,0,0,0,0,0,0
1081608463,0,0,0,0,0,0,0,0
1080650109,0,0,0,0,0,0,0,0
1046749175,2,3,2,1,2,2,1,13
1049703064,2,2,2,1,2,2,1,12
595106938,0,3,3,1,2,2,3,14
326536537,3,3,3,3,2,2,3,19
13148284,0,0,0,0,0,0,0,0
630280611,3,3,3,3,3,2,3,20
637331106,3,3,2,3,2,2,3,18
545302688,1,2,1,1,1,2,1,9
378369889,3,3,3,3,2,2,3,19
389907045,3,3,3,3,2,2,3,19
1074222295,3,3,3,3,3,2,3,20
1076124877,0,0,0,0,0,0,0,0
1020187503,3,3,2,2,2,1,1,14
1018379122,3,2,2,2,2,1,3,15
743264444,0,2,1,1,1,1,1,7
1063712054,3,2,3,1,1,2,3,15
1070621142,0,2,0,1,0,1,1,5
912338695,3,3,3,3,2,2,3,19
1063513773,0,1,0,0,0,1,0,2
924111216,0,2,3,1,1,1,3,11
1059371874,0,1,1,1,1,1,1,6
420848417,0,2,2,1,1,1,1,8
1009937426,3,2,3,1,2,2,3,16
567118467,3,2,3,1,2,2,1,14
695667462,3,3,3,3,2,2,3,19
1002314069,0,2,3,1,1,1,1,9
1014009141,0,2,3,1,1,1,3,11
589514877,0,1,2,1,1,1,1,7
725440655,0,2,3,1,1,1,3,11
1014078607,0,2,0,0,0,1,0,3
721603873,0,0,0,0,0,0,0,0
979282788,0,1,0,1,1,2,0,5
1013545285,0,2,3,3,1,2,3,14
546387134,0,2,0,0,0,1,0,3
819130154,0,2,0,1,1,1,1,6
1009727599,0,2,0,1,1,1,1,6
88035085,0,0,0,0,0,0,0,0
1062660277,0,2,0,1,1,1,1,6
608827132,3,3,3,3,2,2,3,19
406385657,3,3,3,3,3,2,3,20
491441906,0,2,0,1,1,2,1,7
761445256,0,2,1,1,1,2,1,8
947783939,2,2,0,1,1,2,1,9
947780716,2,2,3,1,1,2,1,12
26362827,0,0,0,0,0,0,0,0
992725272,3,3,3,3,3,2,3,20
651334241,3,3,1,3,2,2,1,15
988313681,3,3,3,3,2,2,3,19
984588338,3,3,3,3,3,2,1,18
947779656,2,2,2,1,2,2,3,14
179200448,0,0,0,0,0,0,0,0
833484124,1,2,1,1,2,1,1,9
938281434,1,2,2,1,1,2,1,10
947788408,2,2,3,1,2,2,1,13
1076622937,0,2,2,3,2,1,3,13
767740869,0,0,0,0,0,0,0,0
1066544603,0,2,2,1,1,1,3,10
1023744348,1,2,1,1,1,1,1,8
166371857,0,0,0,0,0,0,0,0
670279012,0,2,0,1,1,1,0,5
666065581,0,1,1,1,1,1,1,6
861567652,0,2,2,1,1,1,3,10
1070840597,3,2,3,1,1,2,1,13
1050730283,0,0,0,0,0,0,0,0
1064210905,0,0,0,0,0,0,0,0
324680157,0,2,3,3,2,1,3,14
1005945097,0,2,2,1,1,2,1,9
1043528237,0,2,0,1,1,1,1,6
1080506102,0,2,0,0,1,1,0,4
1064744479,0,2,1,1,1,1,1,7
1038550149,3,2,3,1,1,2,1,13
1057407684,1,2,1,2,3,1,1,11
1059789233,0,2,0,0,0,1,0,3
376816558,0,1,0,1,1,1,1,5
672685294,0,1,3,1,1,2,0,8
1030761827,0,1,0,1,1,2,0,5
915757026,0,2,0,1,1,1,1,6
1047256122,0,0,0,0,0,0,0,0
1047363584,3,2,3,1,1,2,1,13
902782333,1,3,2,3,2,1,1,13
987859975,0,2,1,3,1,1,1,9
1031778928,0,0,0,0,0,0,0,0
671154886,0,3,2,1,1,1,3,11
769378901,0,3,2,1,1,1,3,11
1047337112,2,2,2,1,2,2,2,13
945784226,0,2,1,3,1,2,1,10
122544856,0,0,0,0,0,0,0,0
116966421,0,0,0,0,0,0,0,0
81618452,0,0,0,0,0,0,0,0
27011031,0,0,0,0,0,0,0,0
556520618,3,3,3,3,2,1,3,18
588584792,0,1,0,0,1,1,0,3
1050623157,0,3,0,3,2,2,1,11
1014466695,2,2,2,3,2,2,3,16
870679499,0,2,3,1,1,1,3,11
739926653,0,2,2,3,2,2,1,12
850855616,3,2,2,2,2,2,3,16
632473749,0,2,1,1,1,1,1,7
201957628,1,3,2,3,2,2,3,16
459470556,3,3,3,3,2,2,3,19
806262863,3,2,2,3,2,2,3,17
1051213334,3,3,0,1,1,2,1,11
1037933377,3,3,1,3,2,2,1,15
964847947,0,2,0,1,1,1,0,5
989618416,2,2,0,1,1,2,0,8
992445882,3,2,3,2,2,2,1,15
981843897,0,1,0,0,1,1,0,3
971570017,1,2,2,1,1,2,1,10
796387138,3,2,0,1,1,2,1,10
960722435,1,2,1,1,1,2,1,9
1077307454,3,2,3,3,2,2,3,18
1077640979,0,2,0,0,0,1,0,3
1063551789,0,2,1,1,2,2,1,9
868917724,3,3,2,1,1,2,3,15
881406273,0,1,0,0,0,1,0,2
1043483696,0,1,0,0,0,1,0,2
476653105,0,2,3,1,1,1,3,11
1021760891,0,1,0,1,2,1,1,6
921573334,0,2,0,1,2,1,1,7
813665679,2,2,2,3,3,2,1,15
1062248276,0,2,0,1,1,2,0,6
1044871379,0,2,2,3,2,1,1,11
991905586,0,0,0,0,0,0,0,0
1021762022,0,0,0,0,0,0,0,0
1082965841,0,0,0,0,0,0,0,0
1082544291,0,0,0,0,0,0,0,0
1082471176,1,2,1,3,2,1,1,11
216282861,0,0,0,0,0,0,0,0
1014030714,0,1,0,0,0,1,0,2
102560985,0,0,0,0,0,0,0,0
1035387501,1,2,0,3,1,1,0,8
1029903176,0,2,0,3,1,2,1,9
103180192,0,0,0,0,0,0,0,0
1029412944,0,2,1,3,1,1,1,9
1025986877,0,2,0,1,1,1,1,6
857761398,0,3,2,1,2,1,1,10
792076019,1,2,1,3,2,1,1,11
830568078,2,2,2,3,2,2,3,16
1075361358,0,1,0,0,1,1,0,3
968385598,0,0,0,0,0,0,0,0
1055067905,0,2,3,1,1,2,3,12
1047242365,0,1,0,0,1,1,0,3
997319157,3,3,3,3,3,2,3,20
1022946519,3,2,0,1,1,2,1,10
1028475776,0,2,0,0,0,1,0,3
886377592,3,2,3,3,2,2,3,18
1050275926,3,2,3,1,2,2,2,15
1064498878,0,2,1,1,1,1,1,7
1075329147,1,2,2,1,2,2,1,11
1076584753,0,2,2,1,1,1,1,8
880184472,0,2,2,1,1,2,2,10
572356312,0,0,0,0,0,0,0,0
438056143,0,0,0,0,0,0,0,0
564136384,0,0,0,0,0,0,0,0
1012346738,0,0,0,0,0,0,0,0
1014255224,0,2,0,0,0,1,0,3
1014113523,0,0,0,0,0,0,0,0
1014108555,0,0,0,0,0,0,0,0
986775579,0,0,0,0,0,0,0,0
854538821,0,2,0,1,1,1,1,6
1074692236,0,0,0,0,0,0,0,0
974246935,0,2,2,1,1,2,3,11
11410598,0,0,0,0,0,0,0,0
10007164,0,0,0,0,0,0,0,0
707592482,0,2,2,1,1,2,3,11
323264553,0,2,2,1,1,1,3,10
827256901,0,2,3,3,2,2,3,15
953982322,0,0,0,0,0,0,0,0
939520309,0,2,1,1,1,2,2,9
690854365,0,2,1,1,1,1,1,7
683059314,0,2,2,1,1,1,1,8
1052771177,0,0,0,0,0,0,0,0
1036418361,3,3,2,3,2,2,3,18
525704327,3,3,3,3,3,2,3,20
915587918,3,3,3,3,3,2,3,20
508340998,3,3,3,3,3,2,3,20
62604892,0,0,0,0,0,0,0,0
188485605,3,3,3,3,3,2,3,20
876093877,3,3,3,3,3,2,3,20
756053353,0,2,0,0,0,1,0,3
415478748,0,1,0,0,1,1,0,3
918944486,0,0,0,0,0,0,0,0
429809344,0,0,0,0,0,0,0,0
873949975,3,3,3,3,3,2,3,20
987124126,1,2,2,1,2,2,1,11
966088627,3,2,2,1,2,2,2,14
950391222,3,3,2,3,3,2,0,16
906312477,3,3,3,3,2,2,3,19
876737801,0,1,0,1,1,2,1,6
919677633,0,2,2,1,1,1,1,8
934734982,0,2,3,1,1,1,1,9
640331625,3,3,2,2,3,2,1,16
1054792127,3,2,2,3,2,2,3,17
996679109,1,2,2,1,1,2,3,12
818026819,0,3,2,3,1,1,3,13
73644874,0,0,0,0,0,0,0,0
678512904,3,3,3,3,3,3,3,21
1010576339,0,2,1,1,1,2,2,9
100074733,0,0,0,0,0,0,0,0
824305886,0,2,0,2,1,1,0,6
817574007,0,2,0,2,1,1,0,6
812886707,0,2,0,2,1,2,0,7
565723905,2,3,2,3,2,1,3,16
999274264,3,2,3,3,2,2,3,18
852144067,0,2,0,1,1,1,1,6
994849777,0,2,1,3,1,1,1,9
71656786,0,0,0,0,0,0,0,0
1018626241,2,3,2,3,2,2,3,17
996760458,2,3,1,2,2,2,2,14
724358508,0,2,0,1,1,2,1,7
1000564899,2,2,1,1,1,2,2,11
881677426,0,2,0,0,1,1,0,4
979358707,0,1,0,0,0,1,0,2
1083035656,0,1,1,1,1,1,1,6
1083013669,2,2,2,1,1,2,1,11
1077344601,0,2,0,0,0,1,0,3
1080331601,0,2,0,1,1,2,0,6
107733144,0,0,0,0,0,0,0,0
1077334665,1,2,0,1,1,1,1,7
1077535335,0,1,1,1,1,1,1,6
1077713926,0,2,1,1,1,3,0,8
900416945,0,0,0,0,0,0,0,0
1072073599,0,3,0,1,2,2,0,8
1076595866,0,1,0,0,0,1,0,2
1072874575,3,2,3,1,2,2,3,16
964211123,2,3,0,2,3,1,0,11
1077966942,0,0,0,0,0,0,0,0
1079078077,0,2,0,1,1,1,1,6
106038203,0,0,0,0,0,0,0,0
1040869779,2,2,2,3,2,2,1,14
722165319,0,2,2,1,2,1,3,11
1048834805,0,2,1,1,1,1,1,7
547369953,0,0,0,0,0,0,0,0
228402583,3,2,3,3,3,2,3,19
722107814,3,3,3,3,3,2,3,20
1051452595,3,3,3,3,3,1,3,19
891053699,0,1,0,0,0,1,0,2
727215285,3,3,3,3,3,2,3,20
712196027,0,2,3,1,1,1,3,11
730449846,0,2,3,1,1,1,3,11
729672391,0,2,1,1,1,1,1,7
1061952089,0,2,3,1,1,1,1,9
853828075,3,3,3,3,3,1,3,19
807496945,3,3,3,3,3,1,3,19
880797785,1,3,2,3,2,2,3,16
1016126389,3,3,3,3,3,2,3,20
103930746,0,0,0,0,0,0,0,0
1005528862,3,3,3,2,2,2,3,18
846763322,0,0,0,0,0,0,0,0
874407092,3,3,3,3,3,2,3,20
1077023164,3,2,3,3,1,2,3,17
1077854924,0,2,0,3,1,2,1,9
1076557316,0,0,0,0,0,0,0,0
1032824083,0,2,2,1,2,1,3,11
1069454127,0,3,2,3,1,2,2,13
1067336243,0,2,2,2,1,1,1,9
1000521971,0,1,2,1,1,1,1,7
1037460664,0,0,0,0,0,0,0,0
114343398,0,0,0,0,0,0,0,0
864039028,0,2,1,0,0,1,0,4
876561906,3,3,0,3,2,2,1,14
642725694,0,1,2,1,1,1,1,7
1067697693,0,2,0,1,1,2,2,8
1051164937,0,2,0,0,1,1,0,4
1035554784,0,2,0,1,2,1,1,7
871804136,0,0,0,0,0,0,0,0
1074356833,0,0,0,0,0,0,0,0
105903333,0,0,0,0,0,0,0,0
89487905,0,0,0,0,0,0,0,0
1052475851,0,1,2,1,1,1,3,9
1052410332,0,0,0,0,0,0,0,0
718070118,0,0,0,0,0,0,0,0
1049644263,0,2,1,0,1,1,0,5
1050673614,0,1,0,0,1,1,0,3
26916121,0,0,0,0,0,0,0,0
928956291,0,2,2,1,1,1,1,8
716500538,0,2,2,1,1,1,3,10
850504777,2,2,3,1,2,1,3,14
1041106961,1,2,3,3,2,2,1,14
1034137916,0,2,0,1,1,2,2,8
1039263245,3,2,0,1,1,2,1,10
1009714911,0,2,2,1,1,1,3,10
1006990586,0,2,0,1,1,2,1,7
1008915218,0,2,1,0,1,1,0,5
937837202,0,2,0,1,1,2,0,6
1051566586,3,3,2,2,1,1,3,15
1047594206,0,2,0,1,1,1,1,6
1042423343,0,2,1,3,2,1,3,12
1053629593,0,0,0,0,0,0,0,0
370544925,2,3,2,3,2,2,3,17
884302182,2,2,0,2,1,2,0,9
81028724,0,0,0,0,0,0,0,0
623189274,0,1,0,1,1,1,1,5
574895897,3,3,3,2,3,2,3,19
149147042,3,3,3,1,2,2,3,17
808318423,3,3,3,1,3,2,3,18
1081360922,3,2,1,2,2,1,1,12
1078744793,3,2,3,2,2,1,3,16
883803101,3,2,3,2,2,1,3,16
1078751356,3,3,3,3,3,2,3,20
868579315,3,2,1,2,2,1,1,12
1054794964,0,1,0,1,1,2,0,5
1047040771,0,1,0,1,1,2,0,5
1038307831,0,1,0,1,1,2,0,5
1034651024,0,1,0,1,1,2,0,5
277114703,3,3,3,3,2,2,3,19
884290781,3,2,3,3,2,2,1,16
961479292,0,1,1,0,1,1,0,4
484775019,0,1,2,1,1,1,0,6
401902232,0,2,0,0,0,1,0,3
886886515,2,2,3,1,1,2,3,14
353258391,3,3,3,3,3,2,3,20
645893817,0,1,0,1,1,2,2,7
159678248,0,0,0,0,0,0,0,0
412512113,1,2,2,1,2,2,3,13
1080864347,0,2,1,1,1,1,1,7
1077325761,2,2,0,1,1,2,2,10
1082904665,0,2,0,0,0,1,0,3
1082151841,0,0,0,0,0,0,0,0
905491278,3,3,2,2,1,1,3,15
1043269322,0,0,0,0,0,0,0,0
1041476645,0,1,1,1,1,1,1,6
992436953,3,3,3,1,2,2,1,15
992350863,0,2,1,2,2,1,0,8
953708113,3,3,3,3,2,2,3,19
972706161,0,0,0,0,0,0,0,0
772953813,3,2,3,1,2,2,3,16
1068277413,0,0,0,0,0,0,0,0
1067511667,0,2,0,1,1,2,1,7
193966229,3,3,3,2,2,2,3,18
951350469,0,2,2,1,1,2,1,9
947263152,3,3,3,3,2,2,3,19
53547846,0,0,0,0,0,0,0,0
1018184884,3,3,2,3,2,2,3,18
1017213627,0,0,0,0,0,0,0,0
1032206721,0,0,0,0,0,0,0,0
115521428,0,0,0,0,0,0,0,0
485566144,3,3,2,3,2,2,3,18
445824887,3,2,3,3,2,2,3,18
637726381,0,2,1,1,2,1,1,8
1066708981,3,2,3,0,1,2,0,11
408290833,0,2,2,3,3,1,3,14
783434174,0,0,0,0,0,0,0,0
942530825,0,0,0,0,0,0,0,0
965827727,0,0,0,0,0,0,0,0
775908494,0,0,0,0,0,0,0,0
439013527,0,0,0,0,0,0,0,0
775291966,0,0,0,0,0,0,0,0
1031492246,0,0,0,0,0,0,0,0
167621736,1,3,3,2,1,2,1,13
815415797,0,2,1,1,1,2,2,9
870693793,3,2,3,3,2,2,3,18
934067012,0,2,2,1,1,1,0,7
897841367,0,2,2,1,1,2,2,10
1076105451,0,0,0,0,0,0,0,0
602761076,0,1,0,0,1,1,0,3
953391288,0,1,0,0,2,2,0,5
1047266852,3,2,2,2,2,2,3,16
1048149771,0,2,2,1,1,1,1,8
1046966563,0,2,1,1,1,1,1,7
418245628,3,3,3,3,3,2,3,20
1021229807,3,3,1,3,2,2,3,17
487735604,3,3,3,3,3,2,3,20
1029142325,3,3,3,3,3,2,3,20
1042938196,0,2,1,1,1,2,0,7
966328211,0,1,0,1,1,1,1,5
880230356,0,2,2,1,1,1,1,8
1057793393,0,0,0,0,0,0,0,0
649555236,0,2,0,1,1,2,0,6
917591305,0,0,0,0,0,0,0,0
971702241,0,0,0,0,0,0,0,0
924874031,0,0,0,0,0,0,0,0
475934651,0,0,0,0,0,0,0,0
1038188637,3,2,1,2,2,1,1,12
817780303,0,2,0,0,0,1,0,3
1032944512,0,0,0,0,0,0,0,0
1013490276,0,2,1,0,1,1,0,5
1017853861,0,2,0,1,1,2,1,7
965777635,0,0,0,0,0,0,0,0
763427725,2,3,3,3,2,2,1,16
996470777,0,2,0,1,1,2,1,7
996771201,3,3,1,1,1,2,1,12
997810719,0,0,0,0,0,0,0,0
989762143,2,2,2,1,1,2,2,12
956551538,0,0,0,0,0,0,0,0
992357288,3,3,1,1,1,2,1,12
990246239,3,3,1,1,1,2,1,12
1018053661,0,2,1,1,0,1,1,6
1058919497,0,2,1,2,1,1,1,8
1056767352,0,2,1,1,1,1,1,7
1045217626,0,0,0,0,0,0,0,0
970278471,0,2,2,1,1,1,1,8
1058741722,0,2,1,3,1,1,1,9
1057742343,3,3,1,2,3,1,1,14
913373737,3,3,3,3,3,2,3,20
1009340741,0,1,0,0,1,2,0,4
981319432,3,3,2,2,2,2,3,17
335881057,3,2,0,2,2,2,1,12
534537529,0,3,3,1,2,1,3,13
967774492,0,2,3,3,1,2,3,14
1033789589,0,2,3,1,1,1,3,11
1040539803,2,3,0,2,2,2,0,11
1064633893,0,2,1,1,1,2,2,9
829253413,0,2,3,1,1,1,3,11
1015142386,0,2,3,1,2,2,3,13
737771856,3,3,3,3,3,1,3,19
853865172,3,3,3,3,3,2,3,20
12784617,0,0,0,0,0,0,0,0
212154134,0,0,0,0,0,0,0,0
957274649,3,3,3,3,2,2,3,19
192573351,0,0,0,0,0,0,0,0
615111916,0,2,1,1,1,1,1,7
1018169483,0,2,1,1,1,1,1,7
12759167,0,0,0,0,0,0,0,0
906470659,0,2,1,1,1,1,1,7
403626239,3,3,3,1,2,2,3,17
1018277582,0,1,0,0,1,1,0,3
1080927374,0,1,1,0,1,1,0,4
1066547776,3,3,3,3,3,2,3,20
1080626702,0,2,1,1,1,1,1,7
953686477,2,2,2,3,2,2,3,16
10109607,0,0,0,0,0,0,0,0
323070272,0,2,2,1,1,1,3,10
918938806,3,3,3,3,2,1,3,18
920479849,3,3,3,3,2,2,3,19
1018243311,0,2,3,1,1,1,1,9
1017671166,0,2,3,1,1,1,3,11
422961366,0,1,2,1,1,1,1,7
1009807707,0,0,0,0,0,0,0,0
1038134548,0,1,0,1,1,1,1,5
988849187,3,3,3,3,2,2,3,19
1059360803,2,2,2,2,3,2,3,16
421042,0,0,0,0,0,0,0,0
269177776,0,2,1,1,1,1,1,7
462321543,3,2,2,1,1,2,3,14
947660861,3,3,3,1,2,1,1,14
883952329,3,3,3,1,2,1,1,14
317303436,0,2,1,2,1,1,1,8
955170865,0,1,3,1,1,1,3,10
990476576,1,2,0,1,1,2,1,8
1004810526,0,0,0,0,0,0,0,0
138230592,3,3,2,1,2,2,3,16
94072468,0,0,0,0,0,0,0,0
874684911,0,2,2,1,0,1,0,6
988519979,0,1,0,0,1,2,0,4
870018215,0,2,1,1,1,1,1,7
655302977,3,3,3,3,3,2,3,20
664438852,3,3,3,1,2,2,1,15
623831322,0,2,1,0,1,1,0,5
983726042,1,3,1,3,2,2,1,13
1052978285,3,2,2,2,3,1,1,14
1033198862,3,2,2,1,2,2,3,15
700448666,0,2,1,1,1,1,1,7
1029700928,0,2,0,1,1,1,1,6
356347467,3,3,2,2,3,1,3,17
715640607,0,1,0,1,1,2,0,5
751257414,0,1,0,0,0,1,0,2
1013100314,0,3,3,3,1,1,3,14
115491715,0,0,0,0,0,0,0,0
713572557,0,2,0,0,1,1,0,4
1077485824,0,1,0,1,1,1,1,5
1065999553,3,3,2,3,2,1,0,14
1060200673,0,2,1,0,1,1,0,5
1063101847,0,0,0,0,0,0,0,0
1060854576,0,2,1,1,1,1,1,7
1041252005,0,2,1,1,1,1,1,7
996767433,0,3,2,1,1,1,3,11
744810014,0,2,2,1,1,1,3,10
970655413,3,2,0,3,2,2,1,13
456369276,0,2,3,1,1,1,3,11
960749773,0,1,2,1,1,1,3,9
511192104,0,0,0,0,0,0,0,0
1068290761,0,2,2,1,1,2,3,11
1074078239,0,0,0,0,0,0,0,0
88013872,0,0,0,0,0,0,0,0
1052366871,0,1,0,0,0,1,0,2
911545397,0,0,0,1,2,0,0,3
640473371,1,2,2,3,2,2,1,13
1067513053,0,2,2,1,1,1,3,10
11514635,0,0,0,0,0,0,0,0
698066164,3,3,3,3,2,2,1,17
720168405,3,3,3,2,2,2,3,18
578605343,0,2,1,0,1,1,0,5
497150422,3,2,2,3,2,1,3,16
715864016,0,0,0,0,0,0,0,0
468624162,2,3,2,3,2,2,1,15
1080645656,0,2,0,1,1,2,0,6
1074518243,3,2,1,1,1,2,1,11
909579898,0,2,2,2,1,1,3,11
815610908,0,2,2,2,1,1,3,11
917969421,0,2,2,2,1,1,3,11
1052398039,3,2,3,1,1,2,1,13
364459934,0,2,2,1,1,1,3,10
1061864911,0,0,0,0,0,0,0,0
102735531,0,0,0,0,0,0,0,0
409883663,3,3,3,3,2,2,3,19
984339441,3,3,2,2,2,1,1,14
513795604,3,3,3,3,2,2,3,19
870811103,0,2,2,2,2,2,3,13
427782331,2,3,0,1,2,2,2,12
268456031,3,3,3,3,3,2,3,20
1034515284,2,3,3,3,2,2,1,16
964940187,0,2,0,0,1,0,0,3
1046966139,0,2,2,1,1,2,2,10
813483169,0,2,3,3,2,2,1,13
1066022963,0,2,0,0,0,1,0,3
1053687487,3,2,3,1,2,2,2,15
1050794724,0,2,1,1,1,1,1,7
898240274,0,2,3,3,1,1,1,11
1052359269,3,3,3,3,3,2,3,20
717178182,0,2,0,2,1,1,1,7
694731162,0,2,0,1,2,1,1,7
334349002,0,2,2,1,1,1,3,10
1054623067,0,3,2,1,1,1,3,11
73255672,0,0,0,0,0,0,0,0
1052879301,0,0,0,0,0,0,0,0
1046519532,0,2,0,1,1,2,1,7
1038628679,0,1,0,0,1,1,0,3
1037783782,0,0,0,0,0,0,0,0
795431477,3,2,3,1,3,2,3,17
642138548,0,2,2,1,2,1,3,11
483164498,0,1,2,1,1,1,1,7
569893514,0,2,2,1,1,1,3,10
584687868,0,2,2,1,1,1,3,10
990066152,2,2,2,1,3,1,3,14
1047645828,0,2,2,1,1,1,1,8
1002593662,1,2,3,1,2,2,1,12
1000952989,0,2,1,1,1,1,1,7
998244354,0,1,3,1,1,2,0,8
996856318,1,3,3,1,2,2,3,15
996775893,0,0,0,0,0,0,0,0
989000749,0,1,2,1,1,1,3,9
988999008,0,1,1,0,1,1,0,4
986024117,0,2,1,1,1,1,0,6
986023674,0,1,1,1,1,1,1,6
643433542,0,1,0,1,1,2,1,6
1033411101,0,2,1,1,1,1,1,7
981378276,0,1,0,2,1,1,0,5
976308877,3,2,3,2,2,2,1,15
1000754077,0,2,2,1,1,2,1,9
888784558,0,2,1,1,1,1,1,7
782123749,0,0,0,0,0,0,0,0
561894758,3,3,1,3,1,1,1,13
961204168,0,2,0,1,1,1,1,6
1066671308,3,1,3,1,1,2,1,12
419677644,3,3,3,2,3,2,3,19
166406583,3,3,3,2,3,2,3,19
1053361821,0,1,0,1,1,2,1,6
963682587,2,2,0,1,1,2,1,9
1013429221,0,0,0,0,0,0,0,0
987154432,0,2,1,0,1,1,0,5
716460131,3,2,2,3,2,2,3,17
829638408,3,2,3,3,2,2,1,16
1016845881,0,2,0,1,0,1,1,5
469835549,0,2,0,3,1,1,1,8
998694838,0,2,2,3,1,2,1,11
797945077,0,2,2,1,2,1,3,11
841404993,0,0,0,0,0,0,0,0
801706338,3,3,3,3,2,1,3,18
734117646,0,1,3,2,1,1,3,11
537596167,0,2,2,1,1,1,3,10
657637415,0,2,3,3,1,1,3,13
1008149275,0,1,0,0,0,1,0,2
1009684315,0,2,2,1,2,1,1,9
536502378,0,0,0,0,0,0,0,0
859465479,2,2,3,1,2,2,1,13
1025406346,0,3,0,2,2,2,1,10
988870447,0,0,0,0,0,0,0,0
874400379,0,0,0,0,0,0,0,0
1011958157,2,2,0,0,1,1,0,6
936437998,0,2,2,1,1,2,3,11
996940745,0,2,2,2,1,1,3,11
988639532,3,3,3,3,3,2,3,20
969325754,0,2,0,0,0,1,0,3
1069657285,0,2,1,1,1,2,0,7
904993891,3,3,2,3,3,2,3,19
57260824,0,0,0,0,0,0,0,0
953520766,3,3,3,3,2,2,3,19
1066205024,0,2,1,1,1,1,1,7
866729964,0,2,2,1,1,1,1,8
1054975453,1,2,1,3,2,1,1,11
1050407993,3,3,3,3,2,1,3,18
807525338,0,2,0,1,1,2,1,7
105981917,1,2,2,1,2,1,3,12
1052301062,3,3,3,3,2,2,3,19
630170905,0,2,2,1,1,1,3,10
960550272,1,3,2,1,1,2,1,11
1045553966,2,2,3,1,2,2,2,14
991839401,1,2,3,3,2,2,1,14
730238934,0,0,0,0,0,0,0,0
1034567395,0,1,2,1,1,2,3,10
1078785932,2,2,2,3,2,2,3,16
1054314258,0,2,2,1,1,1,3,10
1075617682,2,2,3,1,1,2,3,14
1066465674,2,2,2,2,1,2,3,14
1053677647,0,2,2,1,1,1,3,10
872345334,0,1,0,0,2,1,0,4
523899374,3,3,3,3,2,1,3,18
1075095543,0,1,0,1,1,2,0,5
108047559,0,0,0,0,0,0,0,0
1076854383,0,0,0,0,0,0,0,0
1082321126,0,0,0,0,0,0,0,0
1050310793,0,2,2,1,1,1,1,8
1079628935,1,2,3,3,2,1,3,15
937711737,0,0,0,0,0,0,0,0
930506944,0,1,2,1,1,2,3,10
839041205,0,2,1,0,1,1,0,5
867966568,0,2,2,1,1,1,3,10
1064529803,0,2,0,1,1,1,0,5
1063611819,0,2,0,1,1,2,1,7
870450372,0,2,2,1,1,1,3,10
106133505,0,0,0,0,0,0,0,0
1010289445,1,2,3,1,1,2,1,11
1044644478,0,1,0,1,1,2,1,6
1002996317,0,2,0,2,2,1,0,7
954295887,2,2,1,1,2,2,1,11
1020357438,0,2,2,1,1,2,2,10
404800009,0,2,1,1,1,1,1,7
645300715,0,2,0,0,1,1,0,4
641170322,0,2,2,1,1,1,1,8
645833003,0,0,0,0,0,0,0,0
645858484,0,2,2,1,1,1,1,8
645220576,1,2,2,1,1,1,1,9
440591438,0,2,2,1,1,1,3,10
646707723,0,2,3,1,1,1,3,11
169066016,0,0,0,0,0,0,0,0
935682465,0,1,0,1,1,2,2,7
669305949,0,0,0,0,0,0,0,0
1055110838,0,0,0,0,0,0,0,0
1036737413,0,1,0,1,1,2,0,5
421730497,2,2,3,1,2,3,1,14
40354276,0,0,0,0,0,0,0,0
934548601,2,2,2,1,2,1,1,11
702346268,3,3,2,3,3,1,1,16
1071143263,0,2,0,1,2,2,0,7
1056563214,0,2,0,1,1,1,1,6
1034632188,0,0,0,0,0,0,0,0
1030787431,0,0,0,0,0,0,0,0
1031215603,0,0,0,0,0,0,0,0
781180526,3,3,3,3,3,2,3,20
764428521,2,3,2,2,2,2,3,16
415913764,1,3,3,3,2,2,2,16
752055722,0,0,0,0,0,0,0,0
600036416,1,2,2,1,2,2,3,13
689855701,3,2,3,1,2,2,3,16
742752298,2,2,3,3,2,2,3,17
752026839,3,1,3,1,2,2,0,12
624053623,0,2,1,2,1,1,1,8
751945884,1,1,0,1,1,2,0,6
752023718,0,0,0,0,0,0,0,0
752022178,0,0,0,0,0,0,0,0
969858709,0,1,0,1,1,2,0,5
106191906,0,0,0,0,0,0,0,0
546849905,0,3,3,2,1,1,3,13
997678416,0,0,0,0,0,0,0,0
765342292,0,2,2,1,1,2,3,11
497642404,2,2,0,2,3,1,1,11
1050890002,3,2,0,2,3,1,1,12
955904505,0,0,0,0,0,0,0,0
265553097,0,3,3,1,1,2,3,13
317911413,3,3,3,3,2,2,3,19
390341966,0,3,3,2,1,2,3,14
381677011,0,3,3,2,2,2,3,15
862148263,0,2,2,1,1,1,3,10
1052154858,3,3,3,3,2,2,3,19
746340154,0,2,2,1,1,1,1,8
674999655,0,2,1,0,1,1,0,5
754507744,0,2,2,1,1,2,1,9
71806436,0,0,0,0,0,0,0,0
138097042,0,0,0,0,0,0,0,0
873521355,0,2,0,0,0,1,0,3
1031524693,0,2,1,3,1,2,1,10
1029160139,3,3,3,3,2,2,2,18
625781503,3,3,3,3,3,2,3,20
953031598,0,2,2,1,1,1,1,8
754651128,0,2,1,0,1,1,0,5
884809324,0,2,1,1,1,2,1,8
928991632,0,2,1,1,1,1,1,7
1066395627,0,2,0,1,1,2,0,6
923072891,0,2,3,1,1,1,0,8
837348823,0,2,1,1,1,1,1,7
92231191,0,0,0,0,0,0,0,0
679679073,0,1,0,1,1,2,0,5
322037104,0,2,0,1,1,2,1,7
151600497,0,0,0,0,0,0,0,0
1031593987,0,1,0,1,1,2,2,7
1026116275,0,2,1,1,1,1,1,7
1056572736,0,2,1,1,1,2,1,8
1056679127,0,1,0,1,1,2,0,5
1034413247,0,1,0,1,1,2,0,5
1056508884,0,1,0,1,1,2,0,5
576258787,0,1,1,0,1,1,0,4
993117069,0,1,0,1,1,2,0,5
988291727,0,1,0,1,1,2,0,5
1045554505,3,2,3,1,1,2,1,13
561954607,0,1,0,1,1,1,0,4
605978428,0,0,0,0,0,0,0,0
871540138,0,1,0,1,1,2,0,5
1027078028,0,0,0,0,0,0,0,0
1080344085,0,2,1,0,1,1,0,5
1076164978,0,0,0,0,0,0,0,0
1079734711,3,2,1,2,2,1,0,11
12102867,0,0,0,0,0,0,0,0
200612186,0,0,0,0,0,0,0,0
93773643,0,0,0,0,0,0,0,0
888527202,2,3,2,2,2,1,3,15
906045479,0,1,2,1,1,1,3,9
1045872167,0,3,3,2,2,1,3,14
1002218551,0,0,0,0,0,0,0,0
1060601246,0,2,2,1,1,2,2,10
964247534,0,2,1,2,1,1,1,8
719800501,0,0,0,0,0,0,0,0
999558273,0,1,0,0,0,1,0,2
812989028,0,1,0,0,0,1,0,2
587872821,0,2,1,1,1,1,1,7
969140043,0,3,2,1,1,1,3,11
1058710282,0,2,1,3,1,1,1,9
1047935707,0,0,0,0,0,0,0,0
1047135105,1,2,2,1,2,2,3,13
1034580657,0,2,1,0,1,1,0,5
978723473,3,3,3,3,2,2,3,19
1073004068,0,0,0,0,0,0,0,0
1053874637,0,2,1,1,1,1,1,7
1072368369,1,2,2,3,1,1,3,13
909247952,0,1,1,1,0,1,1,5
901101951,3,3,3,3,3,2,3,20
837498261,3,3,3,3,3,2,2,19
99848913,0,0,0,0,0,0,0,0
1051737025,3,2,3,1,2,2,1,14
947610746,3,3,1,1,1,2,1,12
1034305171,0,0,0,0,0,0,0,0
997566798,3,2,2,3,2,2,2,16
95241247,0,0,0,0,0,0,0,0
716286788,0,2,0,3,2,1,1,9
681876477,0,1,0,0,1,1,0,3
797624296,0,0,0,0,0,0,0,0
736169087,2,2,2,3,1,1,3,14
921129661,0,0,0,0,0,0,0,0
278827421,0,0,0,0,0,0,0,0
864832296,3,3,3,3,2,2,3,19
14319469,0,0,0,0,0,0,0,0
604027331,2,2,0,1,3,2,1,11
101370536,0,0,0,0,0,0,0,0
1056817421,0,2,3,1,1,1,1,9
474334825,0,2,2,1,1,1,1,8
1005198006,0,2,2,1,1,1,1,8
965009817,0,1,2,1,1,1,1,7
870783106,0,1,1,0,1,1,0,4
479723069,0,2,1,0,1,1,0,5
992489176,0,2,2,1,2,1,1,9
1073518871,3,3,0,1,1,2,1,11
850823285,3,3,3,3,3,2,3,20
341122333,0,0,0,0,0,0,0,0
504866393,0,0,0,0,0,0,0,0
863216968,3,3,2,2,1,1,3,15
1046814665,2,2,3,1,2,2,1,13
1046383134,3,3,2,2,3,2,1,16
472495412,0,2,0,3,1,2,0,8
859599778,3,3,3,3,3,2,3,20
1025050519,0,2,1,3,1,1,1,9
101918436,0,0,0,0,0,0,0,0
1042320306,0,2,1,1,1,1,1,7
1076124817,0,0,0,0,0,0,0,0
778074917,0,0,0,0,0,0,0,0
1074247066,0,0,0,0,0,0,0,0
1047953683,3,3,2,3,2,1,3,17
941186527,3,3,3,3,3,2,3,20
1046867527,1,2,2,1,3,1,3,13
1067910277,3,3,1,3,2,1,1,14
864173563,0,0,0,0,0,0,0,0
1076089039,0,2,0,1,2,1,1,7
1064554163,0,1,3,1,1,1,3,10
1030311213,1,2,2,1,1,1,3,11
556618422,3,2,0,2,3,2,1,13
965337393,3,3,2,3,2,2,3,18
1066326217,0,0,0,0,0,0,0,0
962958561,0,2,2,1,1,1,1,8
974368148,0,0,0,0,0,0,0,0
996731485,0,1,0,0,1,1,0,3
995364257,3,2,2,3,1,1,3,15
1001531801,0,0,0,0,0,0,0,0
1041633494,0,2,0,1,1,1,1,6
654965821,3,3,3,3,3,2,3,20
872875642,2,2,0,3,1,2,1,11
964606253,0,2,0,2,1,1,1,7
955194834,3,3,3,3,3,2,3,20
681997,0,0,0,0,0,0,0,0
267052881,0,0,0,0,0,0,0,0
218525411,2,2,2,1,1,2,3,13
417439438,0,2,0,3,1,2,1,9
491359026,3,2,2,1,2,2,3,15
809641107,3,3,3,3,2,2,3,19
1041010175,3,3,2,3,3,1,1,16
923099323,3,3,3,3,3,2,3,20
567570508,2,3,3,3,3,2,3,19
539658631,0,1,2,1,2,1,1,8
116664524,0,0,0,0,0,0,0,0
308702884,3,3,2,3,2,2,0,15
1037659106,0,1,0,0,0,1,0,2
70565362,0,0,0,0,0,0,0,0
1057539748,1,2,2,1,1,2,3,12
203660374,0,1,2,1,1,2,3,10
443770518,2,3,0,3,2,1,1,12
756051477,0,3,2,1,1,1,3,11
982206878,0,1,1,0,0,2,0,4
651447298,2,3,3,2,2,2,2,16
991463435,0,2,0,1,1,2,1,7
694202078,0,1,0,0,2,1,0,4
1051249527,1,3,3,2,2,1,3,15
1050223917,0,0,0,0,0,0,0,0
1043520213,0,2,0,0,2,1,0,5
1041021268,0,1,1,0,1,1,0,4
1041198055,0,0,0,0,0,0,0,0
520530916,3,2,3,3,3,2,3,19
652930089,0,2,3,3,1,1,3,13
651653275,0,2,2,3,1,1,1,10
645796192,0,2,1,3,1,1,1,9
644408297,0,2,1,3,1,1,1,9
658028382,3,3,3,3,2,2,3,19
562326053,3,3,3,1,2,2,2,16
749010531,3,3,3,3,2,2,3,19
93346326,0,0,0,0,0,0,0,0
86174124,0,0,0,0,0,0,0,0
222811035,0,0,0,0,0,0,0,0
16033247,0,0,0,0,0,0,0,0
624921727,0,0,0,0,0,0,0,0
1055451542,0,1,3,1,2,1,1,9
400584643,0,0,0,0,0,0,0,0
970521369,0,2,0,0,1,1,0,4
73630112,0,0,0,0,0,0,0,0
975802303,0,2,0,3,1,1,1,8
707683959,0,1,0,0,0,1,0,2
1056644515,3,3,2,3,2,1,1,15
966111367,3,2,1,2,2,1,1,12
1077455176,0,2,2,1,1,2,2,10
113534736,0,0,0,0,0,0,0,0
947832652,3,3,3,3,3,2,3,20
1029663241,0,2,0,1,1,2,2,8
1003595259,0,1,0,1,1,2,1,6
959116412,0,2,1,1,1,2,0,7
1030258364,1,3,2,1,1,2,1,11
952172227,2,1,2,1,2,2,0,10
986365108,0,2,1,0,1,1,0,5
942910763,3,3,3,3,2,2,3,19
972091331,0,2,2,1,1,1,1,8
952992996,0,3,2,1,2,1,1,10
969499076,3,3,3,3,3,2,3,20
1080177073,0,0,0,0,0,0,0,0
980004062,0,2,0,1,1,2,1,7
1030302613,0,0,0,0,0,0,0,0
1014557449,0,1,0,0,0,1,0,2
1010322111,0,0,0,0,0,0,0,0
1061527199,0,0,0,0,0,0,0,0
806194166,0,3,2,2,2,1,3,13
1012982796,0,1,2,1,1,2,1,8
779934207,0,2,2,2,1,1,3,11
1001156046,0,1,0,1,1,2,0,5
994194694,0,1,0,1,1,1,0,4
989655948,0,2,0,0,0,1,0,3
1066725594,0,2,2,1,2,1,3,11
1018177379,2,3,3,3,2,1,3,17
1058348106,1,2,3,3,2,1,3,15
854332803,0,2,0,1,1,1,1,6
1056610043,1,2,3,3,2,1,3,15
152323093,0,0,0,0,0,0,0,0
597448594,1,2,0,1,2,2,1,9
953011283,1,3,2,3,2,1,3,15
1057048675,0,1,0,1,3,1,0,6
1066083041,0,2,0,1,1,1,1,6
1062342993,0,1,0,1,1,1,0,4
1059240495,3,2,3,2,1,2,0,13
443863099,3,3,2,1,1,2,1,13
545938766,1,2,3,1,1,2,3,13
465691614,0,0,0,0,0,0,0,0
758502093,1,2,3,1,2,1,3,13
168306524,0,0,0,0,0,0,0,0
749950693,3,3,3,3,3,2,3,20
1060001174,0,0,0,0,0,0,0,0
1040629013,2,2,2,1,1,2,3,13
1040379698,2,2,1,1,2,1,1,10
1028435388,3,3,1,2,2,1,0,12
733897986,3,3,3,3,3,2,3,20
1034412067,0,0,0,0,0,0,0,0
1030581445,3,2,2,2,3,2,1,15
980150686,3,3,1,2,3,2,0,14
454871166,1,3,2,3,2,2,2,15
1027005293,0,1,0,0,0,1,0,2
1025559628,0,2,1,1,1,1,1,7
1045512232,0,2,1,0,1,1,0,5
996889966,3,2,2,3,2,2,1,15
875742643,0,1,0,0,1,1,0,3
879858409,0,2,1,1,1,1,1,7
1038364513,0,0,0,0,0,0,0,0
1074306118,0,2,2,1,2,2,1,10
1040141327,2,2,2,2,2,2,2,14
1027709976,1,2,2,1,1,2,3,12
887475335,0,0,0,0,0,0,0,0
208623275,0,0,0,0,0,0,0,0
901727444,0,1,2,1,2,2,2,10
728842374,0,0,0,0,0,0,0,0
782941183,1,2,2,3,1,2,1,12
782940618,2,2,2,2,2,1,3,14
782940064,1,2,2,2,1,1,1,10
782939512,1,2,2,2,2,2,2,13
768867656,1,2,2,3,1,2,1,12
758928504,2,2,2,2,2,2,3,15
328923401,0,1,0,0,1,1,0,3
920774437,0,1,0,1,1,2,0,5
955590718,0,2,0,1,1,2,0,6
632304712,3,3,2,3,2,2,3,18
462281509,3,3,3,3,3,2,3,20
912316069,3,2,3,1,2,2,2,15
904189761,1,2,2,1,2,2,1,11
1051376626,3,3,3,3,2,2,3,19
1011120418,3,3,3,3,3,2,3,20
940864036,3,2,3,1,2,2,3,16
1041272758,0,0,0,0,0,0,0,0
997294401,3,3,3,3,2,2,3,19
307233164,0,2,0,2,1,1,0,6
1000021459,0,2,1,1,1,1,1,7
749690517,3,3,3,3,3,2,2,19
720405512,2,2,2,3,1,1,3,14
784922777,2,2,3,2,2,2,3,16
1020772605,0,2,1,1,1,1,1,7
1048836566,0,0,0,0,0,0,0,0
957470379,2,3,3,2,1,1,3,15
802040679,3,3,3,3,2,2,3,19
889901079,0,2,3,1,2,2,3,13
87864674,0,0,0,0,0,0,0,0
778723927,2,3,2,3,2,2,3,17
904205498,0,0,0,0,0,0,0,0
857129311,0,2,3,1,1,2,2,11
932635793,0,1,0,1,1,2,2,7
993465226,3,3,0,2,3,1,1,13
988160606,3,3,2,2,3,2,0,15
953514374,3,2,0,2,3,2,1,13
886855987,3,3,3,2,3,2,1,17
561973653,3,3,3,3,3,2,3,20
654860565,3,2,3,3,2,2,3,18
410921384,3,3,3,3,3,2,3,20
364335722,2,3,2,3,2,2,3,17
514063445,3,2,3,3,2,2,3,18
713820369,0,2,1,1,1,1,1,7
1070796161,0,2,1,1,1,1,1,7
1071120826,3,3,2,3,2,1,1,15
1062423589,0,2,1,1,1,1,1,7
1070300191,0,0,0,0,0,0,0,0
991964205,0,1,2,1,1,1,1,7
1011985812,0,1,0,1,1,2,0,5
991939356,0,2,2,1,1,1,0,7
997265943,0,0,0,0,0,0,0,0
989425195,0,0,0,0,0,0,0,0
940748389,0,0,0,0,0,0,0,0
1042874771,0,2,2,3,1,1,3,12
1025700931,0,2,1,1,1,1,1,7
941545115,3,3,2,2,1,1,3,15
903749523,1,2,3,2,2,2,3,15
480500678,3,3,2,3,1,1,3,16
783192678,0,2,2,1,1,1,3,10
554941506,0,2,2,1,1,1,3,10
742267812,0,2,1,1,1,1,1,7
1049890673,3,3,3,2,3,2,1,17
1043671578,3,1,2,1,0,1,0,8
386457203,0,2,3,2,1,1,3,12
302093643,0,1,0,0,0,1,0,2
1053173333,0,2,2,3,2,1,3,13
383020582,0,2,0,1,2,1,1,7
167192957,0,2,2,1,1,1,3,10
540142613,0,2,3,1,1,1,3,11
994618751,0,2,2,1,1,1,3,10
668287497,3,3,3,2,1,1,3,16
542281721,0,2,2,1,1,1,3,10
1050692309,0,1,0,1,1,2,0,5
1030637375,0,2,2,1,1,2,1,9
1054475035,0,2,1,1,1,1,1,7
736169974,0,2,3,3,2,2,3,15
1048118063,0,2,1,1,1,1,1,7
737512597,0,3,0,0,1,1,0,5
410367812,3,3,3,3,2,2,3,19
930422649,0,2,2,1,1,1,3,10
414444575,0,3,3,3,1,1,3,14
540547716,3,3,2,3,2,1,3,17
41677636,0,0,0,0,0,0,0,0
110440079,0,0,0,0,0,0,0,0
171001902,0,0,0,0,0,0,0,0
161545823,0,0,0,0,0,0,0,0
1004685669,3,3,3,3,2,2,3,19
739915856,2,2,2,1,1,2,3,13
1081330197,0,0,0,0,0,0,0,0
1046681131,0,2,0,0,0,1,0,3
1050677631,0,1,0,0,1,1,0,3
1061897275,0,2,0,0,1,1,0,4
1076328956,0,1,0,1,1,2,0,5
650843021,3,2,2,2,2,1,1,13
1080500684,0,0,0,0,0,0,0,0
818589058,1,2,3,1,1,2,3,13
800314416,0,2,1,1,1,1,1,7
1073247218,0,2,1,1,1,1,1,7
708871784,0,2,2,1,1,1,3,10
850525268,0,2,2,1,1,1,1,8
1050453163,0,2,2,1,1,1,3,10
1026934167,0,3,2,1,2,1,3,12
1037950044,0,2,2,1,1,1,1,8
1045146092,0,2,0,0,0,1,0,3
1056845828,1,3,2,3,2,2,2,15
560990835,2,2,3,3,3,2,3,18
606059276,0,0,0,0,0,0,0,0
991291033,0,0,0,0,0,0,0,0
747842791,0,2,2,1,1,1,3,10
871835643,0,3,2,1,3,2,3,14
877827293,0,2,0,1,1,1,1,6
1057250103,0,1,2,1,1,2,0,7
1010706547,0,1,0,1,1,2,0,5
327514283,3,3,3,3,3,2,3,20
604668464,1,2,0,1,2,1,1,8
138948699,0,0,0,0,0,0,0,0
1058675134,0,0,0,0,0,0,0,0
121652582,0,0,0,0,0,0,0,0
645045213,0,0,0,0,0,0,0,0
884689227,1,3,1,1,2,1,1,10
937843491,3,3,3,1,3,2,3,18
952159757,3,3,3,3,3,2,3,20
869264071,3,3,3,2,3,2,3,19
89959055,0,0,0,0,0,0,0,0
1076652718,0,2,2,1,1,1,1,8
881943468,0,2,2,1,1,1,1,8
1011512087,3,2,3,3,2,2,3,18
604429581,3,3,2,3,3,2,3,19
61954912,0,0,0,0,0,0,0,0
874777694,3,2,2,1,1,2,3,14
1027149891,3,3,3,3,3,2,3,20
1057918885,0,1,2,1,1,1,1,7
732927747,0,0,0,0,0,0,0,0
705457278,0,2,2,2,2,1,1,10
809817478,0,2,1,1,1,2,2,9
941153587,3,3,2,3,2,2,3,18
564817585,3,3,3,3,3,2,3,20
783879293,3,3,1,2,3,1,1,14
996391863,3,2,2,2,2,2,2,15
913151126,0,2,2,1,1,1,1,8
839971688,3,3,3,3,2,2,3,19
1071434535,0,0,0,0,0,0,0,0
1058505206,0,0,0,0,0,0,0,0
484168673,3,3,3,3,3,2,3,20
967299049,3,3,3,3,2,2,3,19
965424402,3,3,3,3,2,2,3,19
1071093711,0,0,0,0,0,0,0,0
1078727641,0,0,0,0,0,0,0,0
1022603832,0,2,0,1,1,1,1,6
643603813,3,3,3,3,3,1,3,19
1072278655,3,3,3,3,3,2,3,20
1052433209,3,3,3,3,3,1,3,19
942218153,0,2,2,3,1,1,1,10
905313692,0,2,1,1,1,2,2,9
831737277,0,2,0,0,0,1,0,3
655401664,0,2,2,1,1,1,3,10
433296825,3,3,3,3,2,2,3,19
426889907,3,3,3,3,3,2,3,20
481013579,3,3,3,3,2,2,3,19
363805128,3,2,2,1,2,2,3,15
96057064,0,0,0,0,0,0,0,0
405787395,3,3,3,3,2,2,3,19
480164942,3,3,3,2,3,2,3,19
1010097939,0,0,0,0,0,0,0,0
245783328,0,2,1,1,1,1,1,7
822037661,0,2,1,1,1,1,1,7
1077393969,0,3,3,1,1,2,3,13
1080414475,3,2,3,3,3,2,1,17
1038024154,1,2,2,1,2,2,1,11
951059895,3,2,3,3,1,2,1,15
960630302,3,3,3,3,2,2,1,17
604109939,3,3,2,3,2,2,3,18
975377725,3,3,3,3,3,2,3,20
974470125,3,3,3,3,2,2,3,19
946107529,3,3,2,1,2,2,3,16
990423706,3,3,2,2,1,1,1,13
974491056,3,2,3,1,2,2,3,16
999242231,3,2,3,1,2,2,3,16
658080271,0,2,1,1,1,1,1,7
918591873,3,3,2,1,2,2,3,16
461522282,0,1,0,2,1,2,0,6
1059766288,0,2,1,3,2,1,1,10
613105531,0,2,0,0,0,1,0,3
971666287,0,0,0,0,0,0,0,0
195408375,0,0,0,0,0,0,0,0
1002302913,0,0,0,0,0,0,0,0
992528646,0,0,0,0,0,0,0,0
997839514,0,1,1,1,1,2,0,6
609387424,3,3,3,3,3,2,3,20
1005804453,3,2,2,2,3,2,2,16
1005857325,0,2,1,1,1,1,1,7
797724793,3,3,3,3,3,2,3,20
1055894685,0,2,3,2,1,2,1,11
868620037,3,2,3,3,3,2,3,19
1043738335,1,2,2,1,2,1,3,12
1045943077,0,2,0,0,1,1,0,4
1062070907,0,2,2,1,1,1,1,8
1078601881,0,2,0,0,0,1,0,3
664395206,0,2,1,3,2,1,1,10
1078648371,0,1,0,1,1,2,0,5
991672789,0,2,2,1,1,2,3,11
1076078647,0,2,2,1,1,2,1,9
1067642601,0,2,2,1,1,1,1,8
1075541072,0,2,2,1,1,1,1,8
1014436452,0,0,0,0,0,0,0,0
791394285,0,0,0,0,0,0,0,0
1076535038,0,1,0,1,1,2,0,5
1063907927,0,0,0,0,0,0,0,0
739533307,0,2,3,1,1,2,3,12
334314224,0,2,0,1,1,1,1,6
742632892,0,0,0,0,0,0,0,0
1046293479,0,0,0,0,0,0,0,0
911922367,3,2,1,3,1,2,1,13
961840754,3,3,3,3,2,2,3,19
1004429915,3,3,3,3,3,2,3,20
143859541,0,0,0,0,0,0,0,0
813950121,0,2,0,1,1,2,2,8
25681978,0,0,0,0,0,0,0,0
416145937,2,2,2,1,1,2,3,13
817066213,0,0,0,0,0,0,0,0
829689475,3,3,3,3,2,2,3,19
1013668165,0,2,3,1,1,1,1,9
658989934,0,2,0,1,1,2,0,6
916922335,0,2,2,1,1,1,1,8
647768231,3,3,3,2,2,1,3,17
563141407,3,3,3,3,2,2,3,19
951692397,0,2,3,1,1,1,3,11
904973934,3,3,2,3,1,2,2,16
651390091,0,2,1,1,1,1,1,7
1041719888,0,2,0,3,1,1,1,8
1009283467,0,2,0,1,1,2,0,6
795468439,3,3,3,3,3,2,3,20
857827063,3,3,3,3,3,2,3,20
829761105,3,3,3,3,3,2,3,20
893414764,3,3,3,3,3,2,3,20
954400517,3,3,3,2,2,2,3,18
736049751,0,2,2,1,1,1,1,8
678418311,0,2,3,3,2,1,3,14
669379725,0,2,3,1,1,1,3,11
797511791,3,3,3,3,3,2,3,20
705716605,0,2,2,1,1,2,3,11
468058581,0,2,0,2,1,2,0,7
737033501,3,1,2,2,1,2,0,11
305599288,0,2,2,1,2,1,3,11
1074723582,0,1,2,1,1,2,2,9
912820117,0,0,0,0,0,0,0,0
88755395,0,0,0,0,0,0,0,0
1043544287,0,1,0,1,1,2,0,5
961056433,3,3,3,3,2,3,3,20
818204407,3,3,3,3,3,2,3,20
824273112,1,2,0,1,1,1,1,7
816963487,0,2,0,1,1,2,2,8
807518254,3,2,3,3,2,2,2,17
943968326,3,3,2,3,1,2,1,15
1024724212,0,2,0,0,0,1,0,3
1027646253,0,0,0,0,0,0,0,0
1006192229,2,2,2,3,2,2,2,15
570649381,0,2,2,1,1,1,0,7
941378348,1,3,3,1,2,2,0,12
201106604,0,0,0,0,0,0,0,0
809852415,2,1,0,0,0,2,0,5
939508793,0,2,0,0,0,1,0,3
723444535,3,3,3,3,3,2,3,20
901119709,3,3,3,3,3,2,3,20
914529343,3,3,3,3,3,2,3,20
580423344,1,3,2,3,1,1,3,14
783916572,0,2,1,1,2,1,1,8
967478789,3,3,3,3,3,2,3,20
882168922,3,3,3,3,3,2,3,20
1043267612,3,3,3,3,3,2,3,20
954562514,3,3,3,3,3,2,3,20
879625173,3,3,3,2,3,2,3,19
1011095967,3,2,3,3,2,2,3,18
1034103503,0,2,0,1,1,2,1,7
102883348,0,0,0,0,0,0,0,0
1076595288,0,3,1,2,2,1,1,10
1015595542,3,3,2,2,2,1,1,14
1066491069,0,2,1,1,1,1,1,7
1043554821,3,2,3,2,2,2,3,17
751003619,0,2,0,1,2,1,1,7
998594575,0,0,0,0,0,0,0,0
825308179,0,2,2,1,2,1,3,11
391787946,0,2,0,1,1,2,1,7
1061870961,3,2,2,3,2,2,3,17
718825962,0,2,1,1,1,1,1,7
1043625028,0,2,0,1,1,2,1,7
1065517496,3,3,3,3,3,2,3,20
979929817,1,2,2,3,2,2,1,13
564843484,3,3,0,3,2,2,1,14
934401599,3,3,3,2,3,2,3,19
786958248,3,3,3,2,3,2,3,19
978323488,3,3,3,2,2,2,0,15
914877431,0,2,2,1,1,1,1,8
1072097748,0,0,0,0,0,0,0,0
1075415476,0,1,0,1,1,2,0,5
1022701893,0,0,0,0,0,0,0,0
114926871,3,2,0,2,1,1,1,10
197736935,0,0,0,0,0,0,0,0
996553975,0,2,1,1,1,1,1,7
47862078,0,0,0,0,0,0,0,0
629421255,0,2,1,3,1,2,1,10
486321028,0,2,3,1,1,1,3,11
120673206,0,0,0,0,0,0,0,0
968699371,0,1,0,1,0,2,2,6
873714322,0,2,2,1,1,1,1,8
890921414,0,0,0,0,0,0,0,0
90751271,0,0,0,0,0,0,0,0
120815345,0,0,0,0,0,0,0,0
1051714534,0,1,0,1,1,2,0,5
1049481176,2,2,0,1,1,2,1,9
1049674792,0,2,1,1,1,2,1,8
1041937405,0,1,0,0,1,1,0,3
1030531112,0,1,0,0,1,2,0,4
984065242,3,2,0,1,1,2,2,11
894332289,0,3,1,1,2,1,1,9
977076048,0,3,2,1,2,1,1,10
937890189,0,2,1,1,1,1,1,7
911479727,0,2,0,1,1,2,1,7
668911204,3,2,3,3,3,2,1,17
826109594,0,2,2,1,3,1,3,12
968805854,0,1,0,0,1,0,0,2
956692119,2,2,1,2,3,2,1,13
965959688,0,0,0,0,0,0,0,0
983937129,2,2,3,2,2,1,1,13
940955695,0,3,1,1,1,1,1,8
964879255,1,2,0,1,1,2,1,8
923579382,0,1,0,0,1,1,0,3
975968665,0,2,1,1,1,1,1,7
923579073,0,2,0,0,1,1,0,4
1005490265,0,2,0,1,1,1,1,6
1077365925,0,0,0,0,0,0,0,0
1075341607,0,2,0,1,0,1,1,5
312722722,3,3,3,2,3,2,1,17
1058313208,0,0,0,0,0,0,0,0
1056842909,0,2,1,1,1,2,2,9
971611526,0,0,0,0,0,0,0,0
971396062,0,1,1,0,1,1,0,4
271010234,0,0,0,0,0,0,0,0
781651759,0,2,3,2,2,2,3,14
1028060651,1,2,3,1,2,2,3,14
1036361836,0,1,0,0,0,1,0,2
1057465917,3,3,1,3,1,2,1,14
1053061511,0,1,0,1,1,2,0,5
758547007,0,2,0,0,1,1,0,4
873234591,0,2,0,0,0,1,0,3
1031525545,0,0,0,0,0,0,0,0
901483206,0,2,2,1,1,1,1,8
472371311,2,2,3,1,2,1,3,14
1073624709,1,3,2,3,1,2,3,15
895466314,0,1,3,2,1,1,1,9
1071341907,0,2,0,0,0,1,0,3
1071071062,0,0,0,0,0,0,0,0
572219468,0,1,2,2,1,1,3,10
101276506,0,0,0,0,0,0,0,0
1053239078,0,2,1,1,1,1,1,7
1045332455,0,2,2,1,1,1,1,8
760436892,2,2,1,3,2,1,1,12
862159429,3,3,3,3,3,2,3,20
883361967,3,3,3,3,3,2,3,20
1060193967,3,2,0,1,2,2,1,11
106210259,0,0,0,0,0,0,0,0
889340631,0,2,0,1,1,1,1,6
1048959128,3,3,3,3,3,2,3,20
1059487514,3,3,2,1,1,2,3,15
993777637,0,0,0,0,0,0,0,0
1041544077,3,2,3,1,2,2,1,14
966579152,0,1,0,1,2,2,2,8
986198575,1,2,2,1,1,1,3,11
985968903,3,3,3,3,3,2,3,20
963626521,1,1,2,1,2,2,1,10
1040169933,0,1,0,1,1,2,0,5
1015658946,0,2,1,1,1,1,1,7
913616171,0,2,0,0,0,1,0,3
860346759,0,2,0,1,1,2,1,7
1015873132,0,2,1,0,1,1,0,5
1066183491,0,1,0,0,1,2,0,4
163047474,0,0,0,0,0,0,0,0
993133538,0,0,0,0,0,0,0,0
985029093,0,2,2,1,1,1,0,7
1065612237,0,0,0,0,0,0,0,0
944233007,0,2,1,2,3,1,1,10
1053354885,0,1,2,1,1,1,3,9
1056631702,0,0,0,0,0,0,0,0
1075092248,3,2,3,1,1,2,1,13
935371797,0,0,0,0,0,0,0,0
942284343,0,3,2,1,2,2,2,12
901873813,2,1,0,1,1,2,2,9
1081158938,0,1,0,0,0,2,0,3
1067993919,0,0,0,0,0,0,0,0
721841897,3,3,3,3,3,1,3,19
735755126,0,2,0,0,0,1,0,3
939570077,2,2,0,2,3,2,0,11
1044634019,0,3,2,1,2,2,2,12
724654578,3,2,0,3,2,1,0,11
883771251,1,2,1,3,2,2,2,13
856111547,3,3,3,3,2,2,3,19
814213382,0,2,2,3,1,1,3,12
1029925466,0,0,0,0,0,0,0,0
531740955,0,2,2,1,1,1,1,8
980132054,3,3,3,3,2,2,3,19
1026021093,0,2,0,1,1,2,1,7
746620631,0,2,0,1,1,1,1,6
958937732,0,2,1,1,1,1,1,7
105295288,0,0,0,0,0,0,0,0
237833512,0,0,0,0,0,0,0,0
172568408,3,3,3,3,3,2,3,20
396758533,3,3,3,3,2,2,3,19
1049483813,0,0,0,0,0,0,0,0
1050204911,0,0,0,0,0,0,0,0
1043397755,0,0,0,0,0,0,0,0
967942649,0,1,0,0,0,1,0,2
965105751,0,1,0,1,1,2,0,5
962869111,0,0,0,0,0,0,0,0
969209294,0,1,0,1,0,1,1,4
1048367035,0,2,0,0,0,1,0,3
877659035,0,1,0,0,1,1,0,3
935740077,0,1,0,0,1,1,0,3
897941212,0,1,1,0,1,1,0,4
892152644,0,2,2,2,1,1,3,11
977500023,0,2,2,1,1,1,3,10
891327056,0,2,2,1,1,1,3,10
365984905,0,2,2,1,1,1,3,10
203247483,0,0,0,0,0,0,0,0
341459351,0,2,2,1,1,1,1,8
817455885,3,3,3,3,3,2,3,20
621303631,0,2,2,1,1,1,3,10
10063815,0,0,0,0,0,0,0,0
622961596,3,3,3,3,2,1,3,18
442532062,0,2,2,2,1,1,3,11
451715532,0,2,0,1,1,1,1,6
543998255,0,2,2,1,1,1,3,10
836792085,0,3,2,2,1,1,3,12
60447716,0,0,0,0,0,0,0,0
93634861,0,0,0,0,0,0,0,0
172634716,0,0,0,0,0,0,0,0
996761581,0,1,0,1,1,2,0,5
984001653,0,1,0,0,1,1,0,3
966277861,0,2,0,1,1,2,1,7
943264632,3,3,1,1,1,2,1,12
929454576,0,2,2,1,1,2,1,9
880615229,0,0,0,0,0,0,0,0
1010931879,3,3,3,3,3,2,3,20
1052638371,3,3,3,3,3,2,3,20
1028998589,0,0,0,0,0,0,0,0
522935741,2,3,2,1,2,2,3,15
956708781,1,2,2,1,2,1,3,12
106136903,0,0,0,0,0,0,0,0
1060199182,0,2,1,1,1,1,1,7
1059152753,0,2,1,1,1,1,1,7
1054647865,3,2,3,1,1,2,3,15
1056187803,3,2,3,1,1,2,3,15
966949047,0,2,0,0,0,1,0,3
816863096,0,1,0,0,1,1,0,3
817615422,1,2,2,1,2,2,3,13
1061194124,0,2,1,1,2,1,1,8
1080365168,0,2,0,1,2,1,1,7
1045159904,0,2,2,1,1,1,1,8
1074061209,0,2,1,1,2,1,1,8
1075372218,0,1,0,1,1,2,1,6
1029166812,0,2,1,1,2,1,1,8
1074974288,0,1,0,1,1,2,2,7
1063762258,0,2,0,1,1,2,1,7
1064521021,0,1,2,1,1,1,3,9
1069067336,0,1,0,1,2,1,1,6
624324641,0,2,0,0,2,1,0,5
953010036,0,1,1,1,1,1,1,6
16318302,0,0,0,0,0,0,0,0
961159736,0,2,1,1,1,1,1,7
1030960186,0,2,2,1,1,1,3,10
881980503,3,3,3,3,3,2,3,20
106494308,0,0,0,0,0,0,0,0
941493042,3,3,3,3,3,2,3,20
468030506,3,3,3,3,3,2,3,20
147246836,0,0,0,0,0,0,0,0
455850537,3,3,3,3,3,2,3,20
146061377,0,0,0,0,0,0,0,0
138927837,0,0,0,0,0,0,0,0
58964646,0,0,0,0,0,0,0,0
156349668,0,0,0,0,0,0,0,0
298580363,0,2,3,1,1,1,3,11
788552268,0,2,1,1,1,1,1,7
149694399,0,0,0,0,0,0,0,0
95098736,0,0,0,0,0,0,0,0
1042343271,0,0,0,0,0,0,0,0
1073865907,0,0,0,0,0,0,0,0
1064672259,0,0,0,0,0,0,0,0
1061281052,0,2,0,1,1,1,1,6
743014856,3,3,3,3,3,2,3,20
1043961262,0,2,2,1,2,2,3,12
799197612,1,3,2,3,3,2,3,17
1050994805,0,1,0,0,1,1,0,3
1045321836,3,3,3,3,3,2,3,20
722767218,0,2,0,1,1,1,1,6
723115161,3,2,3,3,3,1,1,16
676778105,3,3,2,3,3,2,1,17
528674328,3,3,3,2,2,2,1,16
621227381,0,3,2,3,2,2,2,14
501426327,3,3,1,1,2,1,0,11
492065369,3,3,2,1,1,1,1,12
341589959,3,3,3,3,3,2,3,20
746214125,3,3,3,3,2,2,3,19
754278274,3,3,2,3,3,2,3,19
827121007,0,2,1,1,1,1,1,7
609502577,0,3,2,3,1,1,3,13
784650876,0,2,3,1,1,1,3,11
1043852217,0,0,0,0,0,0,0,0
1023026736,0,2,2,1,1,1,3,10
987790217,0,2,3,1,1,1,1,9
975394312,0,2,2,1,1,1,3,10
970830215,1,2,3,1,1,2,2,12
974944537,0,2,2,1,1,2,3,11
974153314,0,2,2,1,1,1,3,10
967642283,1,2,3,1,1,2,2,12
964589367,0,2,3,1,1,1,3,11
962576041,0,2,3,1,1,2,3,12
949940685,0,2,2,1,1,1,1,8
961558437,0,2,3,1,1,2,3,12
101156212,0,1,0,0,1,1,0,3
1082431031,0,1,2,1,1,1,3,9
1081911997,0,2,0,1,1,1,0,5
890955771,0,2,2,1,1,1,1,8
414660267,3,3,3,3,2,2,1,17
1035907489,0,2,1,1,1,1,1,7
403586495,0,2,2,1,1,1,3,10
877010356,2,3,2,3,2,2,3,17
993871842,1,2,0,1,1,2,2,9
710069415,3,3,3,3,3,2,3,20
940309595,3,3,3,3,3,2,3,20
985899253,1,2,3,1,2,1,1,11
792985081,0,2,2,3,2,1,3,13
934300895,0,2,1,1,1,1,1,7
1018815148,2,2,3,3,2,2,3,17
743046133,3,3,3,3,1,1,3,17
1060948214,2,2,3,1,1,1,3,13
1067800332,0,2,2,1,1,1,3,10
988674806,0,2,0,1,1,1,1,6
822175627,3,3,3,3,3,2,3,20
912203465,3,2,3,3,2,2,3,18
883967446,3,3,3,3,2,2,1,17
799323143,3,2,2,3,2,2,1,15
1077546273,3,2,3,1,1,2,1,13
1052546916,2,2,0,3,2,1,1,11
923419444,0,0,0,0,0,0,0,0
519900936,0,0,0,0,0,0,0,0
1010816528,0,2,2,1,1,1,3,10
220501588,0,0,0,0,0,0,0,0
158110137,0,0,0,0,0,0,0,0
988315828,2,3,3,3,2,1,3,17
968887946,3,3,3,3,3,2,1,18
943752703,3,2,3,3,3,2,0,16
699068911,0,0,0,0,0,0,0,0
727657132,0,2,2,1,1,1,3,10
841697837,3,3,2,3,1,1,3,16
954565516,0,2,2,1,1,1,3,10
294620609,0,0,0,0,0,0,0,0
629689409,0,2,2,1,1,1,3,10
918776561,0,0,0,0,0,0,0,0
960038284,0,2,2,1,1,1,3,10
910206029,0,1,0,0,0,1,0,2
377943848,0,2,1,1,1,1,1,7
300124563,0,0,0,0,0,0,0,0
98117983,0,0,0,0,0,0,0,0
1077585688,0,0,0,0,0,0,0,0
1022837625,0,1,0,1,1,2,0,5
1046886669,0,2,0,1,1,2,1,7
1075399648,0,1,0,0,0,1,0,2
693675188,3,2,2,3,2,2,3,17
965680551,3,3,2,3,2,2,3,18
668875306,1,2,3,2,1,2,3,14
983868108,3,2,2,1,2,2,3,15
1056999725,0,2,0,1,1,1,1,6
952200629,0,2,0,0,2,1,0,5
802337224,3,3,3,3,2,1,3,18
857580254,3,3,2,3,1,1,3,16
930151683,0,2,2,1,1,1,3,10
702601492,0,2,2,1,1,1,3,10
557417398,0,2,2,1,1,1,3,10
551539705,0,2,3,3,1,2,3,14
27186109,0,0,0,0,0,0,0,0
968016103,0,2,1,0,1,1,0,5
930252046,1,2,2,1,2,2,1,11
884209348,0,2,2,1,1,1,3,10
944891583,0,3,2,1,2,1,0,9
1013785774,0,2,1,1,1,1,1,7
754708565,3,3,2,3,3,2,3,19
1011765517,0,0,0,0,0,0,0,0
924688701,0,2,2,1,1,1,1,8
1020653428,3,3,3,3,3,1,3,19
1028474246,3,2,1,2,3,1,1,13
846679591,0,2,2,1,2,1,1,9
1079436971,3,2,3,3,2,2,3,18
1052622164,0,2,1,1,1,2,1,8
1030785396,0,2,3,2,1,1,3,12
954222958,3,2,3,3,2,2,3,18
1053318776,0,2,0,1,1,2,0,6
1061831901,0,2,1,1,1,1,1,7
1059995457,0,2,0,3,2,1,1,9
1056663308,0,2,0,0,0,1,0,3
1055488155,0,2,2,2,2,1,1,10
918988939,0,2,1,1,1,1,1,7
1049325478,0,2,0,0,0,1,0,3
1059594568,0,2,0,0,0,1,0,3
965705581,1,2,0,1,1,2,1,8
1041180356,0,0,0,0,0,0,0,0
1012913056,0,1,0,1,1,1,1,5
983868276,0,1,1,1,1,1,1,6
1059516619,0,2,1,1,2,1,1,8
807735964,0,2,0,1,1,2,1,7
1082425939,0,1,0,0,0,1,0,2
1080237039,0,2,1,0,1,1,0,5
1077507021,2,3,0,3,2,1,1,12
1077327539,0,0,0,0,0,0,0,0
1077326084,0,2,1,0,1,1,0,5
486647024,3,3,1,3,1,1,1,13
963974313,2,2,3,3,1,1,3,15
1072980043,3,3,3,3,2,2,3,19
1059737864,0,3,1,2,1,1,1,9
1073723007,0,2,2,1,1,1,3,10
889045767,0,2,3,2,2,2,3,14
1048296053,0,3,2,3,1,1,3,13
944823847,0,1,2,1,1,1,1,7
1025612076,2,3,2,3,1,1,3,15
1023407269,0,0,0,0,0,0,0,0
964102064,0,2,3,3,1,1,3,13
1003836846,1,3,2,3,2,1,1,13
236888879,3,3,3,3,2,2,3,19
686923395,3,3,3,3,3,2,3,20
713219694,0,2,1,1,1,1,1,7
439253522,3,2,3,1,2,1,1,13
1051452041,0,2,1,1,1,1,1,7
100406751,0,0,0,0,0,0,0,0
754653592,0,2,1,0,1,1,0,5
1044798731,3,3,3,1,1,2,3,16
927591645,3,3,2,2,2,2,3,17
700893608,0,1,0,1,1,2,0,5
600353066,0,2,0,1,1,1,1,6
860954985,2,2,2,3,3,2,3,17
896150228,1,2,3,3,2,2,1,14
123701136,3,3,3,3,3,2,3,20
559562017,3,3,3,3,2,1,3,18
1050413035,0,0,0,0,0,0,0,0
1050406122,0,0,0,0,0,0,0,0
14882185,0,0,0,0,0,0,0,0
935716896,0,2,2,3,1,2,3,13
87151005,0,0,0,0,0,0,0,0
825150213,1,2,3,1,1,2,3,13
821416299,0,0,0,0,0,0,0,0
684475014,0,0,0,0,0,0,0,0
1046297832,0,0,0,0,0,0,0,0
1005047375,0,2,0,1,1,2,0,6
1003273107,3,2,3,0,1,2,0,11
953907882,0,0,0,0,0,0,0,0
885844913,0,0,0,0,0,0,0,0
871132557,0,0,0,0,0,0,0,0
716351652,1,2,2,1,1,1,3,11
894173322,0,2,2,1,1,1,1,8
947690824,0,2,2,1,1,1,1,8
1022510803,0,2,1,1,1,1,1,7
700867283,0,2,1,1,1,1,1,7
847406584,3,3,2,3,3,2,3,19
1053152457,3,3,3,3,3,2,3,20
947935005,0,2,2,2,1,1,3,11
960040801,3,3,3,3,2,2,3,19
950843856,0,2,1,1,1,1,1,7
944437754,0,1,1,1,1,1,1,6
971357978,0,2,0,0,0,1,0,3
1053623862,3,2,2,2,2,1,1,13
1063396713,0,0,0,0,0,0,0,0
1066320596,0,0,0,0,0,0,0,0
1062082726,0,1,0,0,1,1,0,3
313295916,3,3,3,3,3,2,3,20
913066979,3,3,3,3,3,2,3,20
63945868,0,0,0,0,0,0,0,0
501216734,0,2,3,1,1,1,3,11
1000627236,0,2,2,1,1,1,1,8
800974485,0,2,1,1,1,1,1,7
1080593446,2,2,2,1,2,2,3,14
945852371,0,2,2,1,1,1,1,8
970584724,0,2,2,1,1,1,3,10
1015661565,1,2,3,1,2,2,2,13
1077098626,0,2,2,1,1,2,3,11
1057293587,2,2,2,1,1,1,3,12
1072951407,1,2,2,1,1,2,3,12
1028076894,0,2,2,1,1,2,2,10
1068075624,0,1,0,1,1,2,0,5
292220827,0,1,0,0,1,1,0,3
839851202,0,2,2,1,2,1,1,9
623629028,3,2,2,3,2,2,3,17
798982142,3,3,3,3,2,2,3,19
1052008844,0,2,0,0,0,1,0,3
1048595597,0,0,0,0,0,0,0,0
1067085794,0,2,0,0,1,1,0,4
817669455,0,1,0,1,1,2,0,5
1040181321,0,0,0,0,0,0,0,0
992116259,0,0,0,0,0,0,0,0
891761641,3,2,2,2,3,1,1,14
529001295,3,3,3,3,2,2,3,19
468548808,3,3,3,3,2,2,3,19
514103537,3,2,2,1,2,2,3,15
630392647,3,3,3,3,2,2,3,19
632300345,3,2,2,2,2,2,1,14
625399117,3,2,2,3,2,2,3,17
10823124,0,0,0,0,0,0,0,0
484408966,3,2,2,2,2,2,3,16
962214503,0,2,0,2,1,1,0,6
1032914229,0,0,0,0,0,0,0,0
1031498907,0,0,0,0,0,0,0,0
741231811,3,3,2,3,3,2,3,19
945730308,0,1,0,0,0,1,0,2
1017946675,0,0,0,0,0,0,0,0
1013414602,0,1,0,1,1,2,0,5
396675275,2,2,2,3,2,2,3,16
1061407666,0,2,0,0,0,1,0,3
1063248961,0,0,0,0,0,0,0,0
1045454877,0,2,1,0,1,1,0,5
1030480334,0,2,1,1,1,1,1,7
960228319,0,2,0,0,1,1,0,4
1018113529,0,2,0,1,1,2,2,8
766104903,0,2,2,1,1,1,3,10
883699605,1,3,2,1,2,2,3,14
974605533,0,2,0,1,1,2,0,6
942698738,0,2,1,0,1,1,0,5
964282228,3,2,0,1,1,2,1,10
1083104024,0,0,0,0,0,0,0,0
1074058309,0,0,0,0,0,0,0,0
1074865877,0,2,0,1,1,1,1,6
984448284,0,2,0,0,0,1,0,3
260815201,0,0,0,0,0,0,0,0
783003278,0,1,0,1,2,2,0,6
640419592,0,2,1,1,1,2,0,7
963922388,0,2,1,1,1,1,1,7
1070822882,0,2,1,1,1,1,1,7
774776073,0,0,0,0,0,0,0,0
1077501903,1,2,0,3,3,1,3,13
963950084,0,2,2,1,1,1,1,8
1079900959,0,2,2,1,1,1,3,10
1081950864,0,1,1,0,1,1,0,4
1082221679,3,3,2,3,2,1,3,17
1077535071,0,0,0,0,0,0,0,0
369308128,3,3,3,2,2,2,3,18
770577204,3,2,2,3,2,2,3,17
107980989,3,3,3,3,2,2,3,19
1061697005,3,2,0,2,2,1,1,11
724188229,2,3,2,2,1,1,3,14
1056601543,3,2,2,2,2,2,1,14
541121386,3,2,3,3,2,2,1,16
1059971708,3,2,2,3,2,2,3,17
946388429,2,2,2,3,3,2,3,17
429944117,3,3,3,3,3,2,3,20
614571506,0,2,0,0,0,1,0,3
685681918,0,2,0,0,0,1,0,3
1073284377,3,3,3,3,3,1,3,19
1073973677,0,2,0,1,0,2,2,7
1074157962,0,2,2,1,2,1,1,9
639733873,3,3,3,3,3,1,3,19
967725277,3,3,3,3,2,1,3,18
944805239,0,2,1,1,1,1,1,7
978139402,3,3,2,1,1,2,3,15
818086417,1,3,2,3,2,1,3,15
858733287,3,2,0,1,1,2,0,9
952782125,1,2,3,1,1,2,1,11
1000688495,0,3,2,2,2,1,3,13
996781932,1,2,2,1,1,2,3,12
945434406,0,0,0,0,0,0,0,0
1002684544,3,3,2,3,2,1,3,17
396047126,0,2,2,1,1,1,3,10
856658168,1,2,3,1,2,1,3,13
168346541,0,0,0,0,0,0,0,0
842812152,0,1,0,1,1,1,1,5
466363957,0,2,2,1,1,1,3,10
134825995,0,0,0,0,0,0,0,0
266630993,0,2,2,3,2,1,3,13
1000541073,3,3,1,2,2,2,1,14
996678725,0,0,0,0,0,0,0,0
505195414,3,2,3,1,2,3,3,17
397579706,2,2,1,1,1,2,1,10
843320692,0,1,0,1,1,2,0,5
962413145,0,0,0,0,0,0,0,0
490576962,0,2,2,3,1,2,3,13
21261603,0,0,0,0,0,0,0,0
357058951,0,0,0,0,0,0,0,0
356434242,3,2,3,1,2,2,2,15
897629427,0,2,3,1,1,1,3,11
172353414,3,3,3,3,2,1,3,18
1070966603,2,2,0,1,1,2,1,9
896463611,3,3,3,3,2,2,1,17
906102654,3,3,3,3,3,2,3,20
382040402,0,2,3,1,1,1,1,9
676280044,3,2,2,3,3,1,3,17
954437257,0,2,0,0,0,1,0,3
16064469,3,3,3,2,2,2,3,18
917371762,3,3,3,3,2,2,3,19
782579907,3,3,2,3,2,2,3,18
1019817813,0,0,0,0,0,0,0,0
855239895,0,2,3,2,2,1,3,13
1008578089,0,2,3,1,1,1,1,9
1009664738,0,0,0,0,0,0,0,0
1004684756,0,2,1,1,1,1,1,7
992616229,0,0,0,0,0,0,0,0
995530339,0,2,0,1,0,1,1,5
1058589038,3,3,3,3,3,2,3,20
1038050602,0,0,0,0,0,0,0,0
996290484,0,2,0,1,1,2,0,6
975375405,0,2,3,1,1,1,1,9
194593192,0,2,2,1,1,1,3,10
1063843605,0,1,0,0,1,1,0,3
337801192,1,2,2,3,2,1,1,12
117992328,0,0,0,0,0,0,0,0
996122401,0,2,3,1,1,2,0,9
120922365,0,0,0,0,0,0,0,0
698670284,0,2,3,1,1,1,3,11
590922695,0,2,3,1,1,1,3,11
673303011,0,2,3,1,1,1,3,11
698222075,0,2,3,1,1,1,3,11
715562605,0,2,3,2,3,2,3,15
826768914,0,2,2,1,1,1,3,10
714566172,0,2,3,2,3,2,3,15
714332929,0,2,3,1,1,1,3,11
474905722,0,2,2,3,1,1,3,12
698334193,0,2,3,1,1,1,3,11
762405477,0,1,2,1,1,1,1,7
574688663,0,2,0,1,1,1,1,6
633632943,3,3,3,3,2,2,3,19
669948627,3,3,3,3,2,2,3,19
934218033,0,1,0,0,1,1,0,3
996234421,0,0,0,0,0,0,0,0
949196309,0,1,0,1,1,2,0,5
996420464,0,1,0,1,1,2,0,5
322928511,0,2,1,1,1,2,0,7
330932296,3,1,2,1,2,2,3,14
329795278,0,1,0,1,2,2,0,6
1029693676,2,2,0,1,1,2,1,9
758000959,3,3,3,3,3,2,3,20
968054175,0,0,0,0,0,0,0,0
742494733,0,1,3,1,1,1,1,8
1039690663,0,2,0,0,0,1,0,3
1060470673,0,2,1,3,2,1,1,10
1056370562,0,0,0,0,0,0,0,0
1052682587,0,2,1,1,1,1,1,7
1051936674,0,2,2,1,1,1,3,10
196944005,0,0,0,0,0,0,0,0
878196116,0,0,0,0,0,0,0,0
270544115,0,1,0,1,1,2,1,6
1076696625,0,1,2,1,1,1,1,7
1068821411,0,2,0,1,2,1,1,7
1057117315,0,2,1,0,1,1,0,5
1065139486,0,2,0,0,1,1,0,4
1056298987,1,2,2,1,1,2,3,12
1047514237,1,2,0,1,2,1,1,8
887536518,0,0,0,0,0,0,0,0
1053065368,0,2,0,0,0,1,0,3
1050428248,3,3,0,3,2,1,0,12
1045573973,0,0,0,0,0,0,0,0
489181688,3,3,3,3,2,2,1,17
434869846,0,2,0,1,1,1,1,6
1016392527,0,2,2,1,1,1,3,10
190268945,3,3,3,3,3,2,3,20
782117761,3,3,2,3,2,2,3,18
1057025456,0,2,2,1,1,1,1,8
1046882973,0,0,0,0,0,0,0,0
680856397,2,3,3,3,3,1,1,16
716599856,0,0,0,0,0,0,0,0
1074384146,3,3,2,3,3,2,1,17
1067685765,1,2,1,3,2,1,0,10
956631916,0,2,0,1,1,1,1,6
1039360822,0,2,0,1,1,1,1,6
1066119534,0,2,1,2,3,0,0,8
1026897402,0,0,0,0,0,1,0,1
846764472,1,2,0,3,2,1,1,10
799800385,0,2,2,1,1,1,3,10
974553062,0,2,0,0,0,1,0,3
1026884547,0,0,0,0,0,0,0,0
101542954,0,0,0,0,0,0,0,0
1022751259,0,2,1,1,2,2,1,9
860052406,1,2,2,1,1,1,3,11
776427942,0,2,1,1,1,1,1,7
379696441,3,3,2,3,3,2,3,19
746291814,3,3,3,3,2,1,3,18
125918341,0,0,0,0,0,0,0,0
1081611175,0,2,2,1,1,1,1,8
850459337,3,3,3,3,2,2,3,19
769376599,0,2,0,1,1,1,1,6
1081604184,0,2,2,1,1,1,1,8
863826067,0,0,0,0,0,0,0,0
310189856,0,2,0,1,1,1,1,6
714782728,0,2,1,1,1,1,1,7
1040626344,0,2,2,3,1,1,1,10
1033345354,0,2,1,3,1,2,2,11
959065301,0,2,1,3,1,1,1,9
308939149,0,1,2,1,1,2,1,8
1061935526,0,0,0,0,0,0,0,0
382801018,0,0,0,0,0,0,0,0
1057489094,0,1,0,0,0,1,0,2
1082517328,1,2,2,1,1,2,1,10
1080827027,0,0,0,0,0,0,0,0
1011216247,3,2,2,3,2,2,3,17
1002127426,3,3,2,3,2,2,1,16
1080681711,3,3,3,3,2,2,3,19
105699302,0,0,0,0,0,0,0,0
1029603654,1,2,1,0,1,2,0,7
1077437744,0,2,2,2,1,1,1,9
345788278,0,2,2,1,1,1,1,8
1057146717,3,3,3,3,3,1,3,19
654319646,0,1,0,1,1,1,1,5
853997301,0,2,1,0,0,1,0,4
1069643176,1,2,3,1,2,1,3,13
904756181,0,2,0,0,0,1,0,3
1057326396,0,1,0,0,1,1,0,3
729075631,0,2,0,0,1,1,0,4
911890817,0,2,0,1,1,2,2,8
950386187,1,2,2,3,2,2,1,13
324144297,0,2,0,1,1,1,1,6
1052759656,3,3,3,3,2,2,3,19
753074291,3,3,2,3,2,2,3,18
761685178,0,2,0,0,0,1,0,3
882378207,2,2,2,3,3,1,1,14
902600889,0,2,0,1,1,1,1,6
145772928,0,0,0,0,0,0,0,0
143650076,0,0,0,0,0,0,0,0
457426467,0,2,1,0,1,1,0,5
390771491,0,2,1,1,1,1,1,7
811844588,0,0,0,0,0,0,0,0
199532043,0,0,0,0,0,0,0,0
200144924,0,0,0,0,0,0,0,0
475529587,0,0,0,0,0,0,0,0
894346693,0,1,0,1,1,2,0,5
184149933,3,3,3,3,2,2,3,19
213105976,0,0,0,0,0,0,0,0
891013623,0,2,2,1,1,2,1,9
832434245,0,0,0,0,0,0,0,0
880207267,0,2,2,3,1,1,1,10
1060402323,3,3,3,3,2,2,3,19
1077783087,1,2,2,1,2,2,3,13
1018830329,0,2,0,0,1,1,0,4
86961122,3,3,2,3,2,2,3,18
1062144265,0,1,2,1,1,2,2,9
414454381,0,1,0,1,1,2,0,5
1079748992,0,1,0,1,1,2,0,5
1074203796,0,1,0,1,1,2,2,7
519209383,0,2,2,1,1,1,3,10
334924812,0,3,1,3,1,1,1,10
1060683052,0,1,0,1,1,1,1,5
554679284,0,2,3,1,1,1,3,11
1061164671,0,2,1,1,1,2,1,8
1071361137,2,2,2,1,2,2,2,13
1074011612,3,2,3,1,2,2,1,14
990517918,3,3,0,0,3,2,0,11
994029415,3,3,0,0,3,2,0,11
1005753721,3,3,0,0,3,2,0,11
1002574954,3,3,0,0,3,2,0,11
1002560535,3,3,0,2,2,2,0,12
996864782,3,3,0,2,2,2,0,12
996855003,3,3,0,2,2,2,0,12
1000988206,3,3,0,0,2,2,0,10
1005462274,3,3,0,2,2,2,0,12
1052320226,0,2,1,3,2,2,1,11
541417863,0,2,2,3,1,1,3,12
1067675061,0,1,0,0,1,2,0,4
1071726911,0,0,0,0,0,0,0,0
977016857,0,2,1,0,1,1,0,5
962701872,2,2,3,1,1,2,3,14
1066887863,3,2,3,1,1,2,3,15
679975935,0,2,3,3,2,1,1,12
1077144184,0,2,2,1,1,1,0,7
658918578,0,2,3,1,1,1,3,11
959008505,1,3,3,3,3,1,1,15
949130091,0,0,0,0,0,0,0,0
1076920686,0,2,0,3,1,1,1,8
1064777306,3,3,3,3,3,2,3,20
980963667,3,2,3,3,3,1,1,16
1026263748,3,2,2,3,2,2,3,17
1041200995,3,3,1,2,2,2,2,15
957896381,3,2,3,1,2,2,1,14
923710851,0,1,0,1,1,2,0,5
767271385,3,3,2,2,2,2,0,14
469725269,0,0,0,0,0,0,0,0
492251254,0,2,0,0,2,1,0,5
944991204,0,1,3,1,1,1,3,10
469766387,0,0,0,0,0,0,0,0
883532293,1,2,2,1,2,1,3,12
104571882,0,0,0,0,0,0,0,0
393240099,0,0,0,0,0,0,0,0
629545144,3,3,3,2,2,2,3,18
1021852952,0,1,0,0,1,1,0,3
676507493,3,3,2,2,2,2,3,17
554298594,3,3,2,3,3,2,3,19
997409209,3,3,3,3,3,2,3,20
986853759,3,3,3,3,3,2,3,20
826126746,3,3,3,3,3,2,3,20
888691856,3,3,3,2,3,2,1,17
1046751648,3,3,3,3,3,2,3,20
1070869215,3,2,2,3,2,2,3,17
1045759605,2,2,2,3,2,2,1,14
1045810257,1,2,1,3,2,1,1,11
970713476,0,3,2,3,1,2,3,14
882599105,0,1,0,1,1,2,1,6
724954727,0,1,0,0,1,1,0,3
666446747,0,1,0,0,1,1,0,3
1050481704,3,2,3,3,2,2,1,16
560069492,3,3,2,1,2,2,3,16
979688343,0,2,1,1,1,1,1,7
733436993,3,2,3,1,1,2,3,15
818476751,0,0,0,0,0,0,0,0
940190047,3,3,2,3,2,2,3,18
1023174328,2,2,2,1,2,2,3,14
399723831,0,0,0,0,0,0,0,0
734986056,0,2,2,2,1,2,3,12
118633603,0,0,0,0,0,0,0,0
690686244,1,2,2,3,1,1,3,13
827504088,3,3,3,3,3,2,3,20
287021542,3,3,3,3,3,2,3,20
769690425,3,3,3,3,2,2,3,19
284682486,3,3,3,3,3,2,3,20
102118648,0,0,0,0,0,0,0,0
1059872902,0,0,0,0,0,0,0,0
970201757,2,2,2,3,2,2,3,16
970202636,2,2,2,3,2,2,3,16
892798142,3,2,3,2,3,2,3,18
905584826,0,1,0,0,0,1,0,2
974074797,0,0,0,0,0,0,0,0
962691183,0,0,0,0,0,0,0,0
949058143,0,2,2,1,1,1,3,10
977237965,0,0,0,0,0,0,0,0
976165046,0,0,0,0,0,0,0,0
1059112368,0,1,1,1,1,1,1,6
1028835835,0,1,0,1,1,1,1,5
1021056845,0,2,2,3,2,1,3,13
1047433409,2,2,3,2,2,2,1,14
1050958525,1,2,2,1,1,2,3,12
1051082208,1,2,1,2,2,2,1,11
1003475075,0,1,0,1,1,2,0,5
968625772,0,1,0,1,1,2,2,7
1003210561,0,0,0,0,0,0,0,0
1003690547,0,1,0,1,1,2,0,5
1003180169,0,1,0,1,1,2,0,5
996088499,0,1,0,0,1,2,0,4
1054700722,0,0,0,0,0,0,0,0
829459985,3,2,3,2,3,2,3,18
869044298,3,3,3,3,3,2,3,20
181219777,0,0,0,0,0,0,0,0
170254299,0,2,0,2,1,1,0,6
924689576,0,2,0,1,1,1,1,6
979776391,0,2,2,1,1,1,1,8
1030908214,0,0,0,0,0,0,0,0
1018077604,0,1,0,0,0,1,0,2
267593379,0,2,1,0,1,1,0,5
894150464,0,3,1,0,1,1,0,6
997204426,0,2,2,1,1,1,3,10
926904406,0,2,1,1,1,1,1,7
1072383429,0,2,1,0,1,1,0,5
726330221,3,3,2,2,1,1,3,15
790329398,0,2,0,1,1,1,1,6
996346613,0,2,3,1,1,1,3,11
1040916308,0,1,2,1,1,2,0,7
782667287,0,0,0,0,0,0,0,0
1038832162,3,3,3,3,1,2,3,18
198134783,3,3,3,3,2,2,3,19
582227978,3,3,3,3,2,2,3,19
626069449,3,3,2,2,1,1,1,13
1062199588,0,2,2,2,2,1,3,12
606158645,0,3,1,3,1,1,1,10
742857591,3,3,2,3,1,1,3,16
823434039,0,0,0,0,0,0,0,0
873315118,0,0,0,0,0,0,0,0
440435851,0,0,0,0,0,0,0,0
1038668037,0,0,0,0,0,0,0,0
979692562,2,2,2,2,2,2,3,15
1004895576,0,2,0,0,0,1,0,3
1005112002,0,0,0,0,0,0,0,0
1004912732,0,3,2,1,1,1,3,11
997495001,0,0,0,0,0,0,0,0
1064810968,3,2,1,3,2,2,1,14
1057277287,0,0,0,0,0,0,0,0
696612343,1,2,2,3,2,1,3,14
1052513634,0,2,2,1,1,1,1,8
1048155823,0,2,0,1,1,1,1,6
1037709239,2,2,2,2,2,2,1,13
1052215691,0,0,0,0,0,0,0,0
999139311,0,0,0,0,0,0,0,0
693257525,0,2,0,1,1,2,3,9
975521289,0,1,0,0,0,1,0,2
778377224,0,0,0,0,0,0,0,0
819490823,0,0,0,0,0,0,0,0
572404132,3,2,3,1,1,2,1,13
982257558,0,1,0,0,1,1,0,3
681783027,0,2,2,1,1,1,3,10
404543276,0,2,1,1,1,1,1,7
337680227,0,2,2,1,1,1,1,8
1058932278,0,2,2,1,2,1,1,9
836218391,0,0,0,0,0,0,0,0
1052487412,3,2,3,1,2,2,3,16
1028083979,0,2,0,0,0,1,0,3
740009013,3,2,3,1,1,2,3,15
997840138,0,1,0,1,1,2,2,7
1075607482,3,3,3,3,3,2,3,20
1022653455,0,2,1,3,1,1,1,9
877713626,0,2,0,1,1,1,0,5
991519778,0,2,0,1,1,2,1,7
987573097,0,2,0,0,0,1,0,3
981540109,0,1,0,0,1,1,0,3
481976959,0,2,0,0,0,1,0,3
509813089,0,2,0,0,0,1,0,3
755309166,0,1,1,1,0,1,1,5
1069722429,0,1,0,1,1,2,0,5
1018571626,0,0,0,0,0,0,0,0
971754939,0,1,1,1,1,1,1,6
1000600907,0,0,0,0,0,0,0,0
996493701,0,0,0,0,0,0,0,0
786191768,0,0,0,0,0,0,0,0
1059173043,0,0,0,0,0,0,0,0
1045594912,0,0,0,0,0,0,0,0
1043314048,1,2,2,2,1,2,1,11
1042889965,3,2,3,1,1,2,1,13
980312543,0,1,2,1,1,0,0,5
1052393604,0,2,1,1,1,1,1,7
910371165,1,2,2,1,1,2,1,10
595955012,3,3,3,3,3,2,3,20
670336752,3,3,3,3,3,2,3,20
394122755,3,3,3,2,3,2,2,18
631946676,3,3,3,2,2,2,3,18
821535634,3,3,3,2,3,2,3,19
1041310447,3,3,2,1,2,2,3,16
1015376774,3,3,3,3,1,2,1,16
1036518952,3,3,3,3,3,2,3,20
726694951,3,3,3,3,3,2,3,20
446530955,3,3,3,3,2,2,3,19
242864388,0,0,0,0,0,0,0,0
982456047,0,2,0,0,2,1,0,5
96035336,0,0,0,0,0,0,0,0
815912916,0,1,1,1,1,1,0,5
1081254015,0,0,0,0,0,0,0,0
1082530641,0,0,0,0,0,0,0,0
1082511723,0,1,0,0,0,1,0,2
944473174,0,0,0,0,0,0,0,0
1049870777,0,0,0,0,0,0,0,0
1050074045,0,0,0,0,0,0,0,0
938027562,0,2,0,1,1,1,1,6
1004981653,0,1,1,1,1,2,0,6
25965647,0,0,0,0,0,0,0,0
1014890385,0,2,2,1,1,1,1,8
1055183301,0,2,1,1,1,1,1,7
61520878,0,0,0,0,0,0,0,0
436236321,0,2,1,1,3,1,1,9
1049238121,0,3,0,1,1,2,1,8
1048117089,0,1,1,1,1,1,1,6
1049271714,0,1,0,1,1,1,1,5
698989994,0,0,0,0,0,0,0,0
1068739573,1,2,0,1,1,2,1,8
1067964197,1,2,0,1,1,2,1,8
62123648,0,0,0,0,0,0,0,0
618880086,0,1,0,0,1,1,0,3
500788037,3,3,2,3,2,2,1,16
921524518,3,3,3,3,3,2,3,20
1052471356,0,2,2,3,2,2,3,14
1057711268,3,3,3,3,3,1,3,19
835790157,0,3,2,2,1,2,2,12
334802835,3,3,3,1,3,2,3,18
189659114,3,3,3,3,2,2,3,19
1027085634,3,3,3,1,2,2,3,17
831177576,1,3,2,3,2,1,3,15
988632153,3,3,2,3,1,2,1,15
783057627,0,2,3,3,1,1,3,13
1069385948,0,1,0,1,1,2,1,6
1081878966,0,0,0,0,0,0,0,0
320025044,0,0,0,0,0,0,0,0
752649218,0,1,0,1,1,2,2,7
1000826838,0,3,1,1,3,2,2,12
1004539037,0,2,3,1,1,2,3,12
977721125,1,2,1,1,2,2,1,10
114019829,0,2,0,1,1,1,1,6
11984691,0,0,0,0,0,0,0,0
385157456,2,3,1,3,2,2,0,13
449737128,0,2,2,1,1,1,1,8
447874869,0,2,1,1,1,1,1,7
893394211,3,2,3,1,1,2,1,13
937617352,1,3,2,1,2,3,3,15
892916017,3,3,3,3,2,2,3,19
156751433,0,0,0,0,0,0,0,0
941324773,1,3,0,1,3,2,2,12
930234056,0,0,0,0,0,0,0,0
1079239898,0,0,0,0,0,0,0,0
1068757026,0,2,2,3,2,2,3,14
1029465409,1,1,0,1,1,2,1,7
987668559,0,0,0,0,0,0,0,0
1000566914,0,0,0,0,0,0,0,0
1000508989,3,3,1,3,2,2,1,15
978270625,0,2,0,0,2,1,0,5
920703266,3,3,3,3,2,2,3,19
963287315,0,0,0,0,0,0,0,0
941290049,3,2,3,3,2,2,1,16
1066990656,0,2,1,0,1,1,0,5
1066494018,0,1,0,1,1,2,0,5
552572612,3,3,2,2,3,2,1,16
415705601,3,2,3,1,2,2,2,15
879476896,3,3,3,3,2,2,3,19
790349594,2,1,0,0,2,2,0,7
694344753,3,3,3,3,3,2,3,20
468694302,3,3,3,3,3,2,3,20
444001685,3,3,3,3,2,2,1,17
436739825,3,3,3,3,3,2,3,20
743012253,3,3,3,3,3,2,3,20
963770685,0,1,0,0,0,1,0,2
915877289,0,2,2,1,1,1,3,10
781926462,3,3,3,3,2,2,3,19
946391675,0,0,0,0,0,0,0,0
941071388,3,3,3,2,3,2,3,19
1082904068,0,0,0,0,0,0,0,0
564702046,2,3,3,3,2,1,3,17
879549556,0,0,0,0,0,0,0,0
1018460267,3,2,3,2,1,2,3,16
996136384,3,2,3,1,1,2,3,15
1014386739,0,2,2,1,1,2,2,10
1014379007,0,2,2,1,1,2,2,10
987399932,3,2,3,1,1,2,2,14
1009232593,3,2,3,1,1,2,2,14
1005268972,0,2,2,1,1,2,2,10
1007607346,3,2,3,1,1,2,2,14
1007482798,3,2,3,1,1,2,2,14
1006641057,3,2,3,1,1,2,2,14
978735456,3,2,3,1,1,2,2,14
992557767,3,2,3,1,1,2,2,14
991633908,3,2,3,1,1,2,2,14
841768327,3,2,3,1,1,2,2,14
1046480186,1,2,3,3,2,2,3,16
1013620846,0,2,0,1,1,1,0,5
1001838758,0,2,0,0,1,1,0,4
766879054,0,2,0,2,2,1,0,7
954355918,0,2,0,0,0,1,0,3
97013812,0,0,0,0,0,0,0,0
156888786,0,0,0,0,0,0,0,0
1083343466,3,2,1,2,3,0,0,11
1080414823,0,0,0,0,0,0,0,0
1077799448,0,2,2,3,1,1,1,10
1077270228,0,0,0,0,0,0,0,0
802934159,0,1,0,1,1,2,0,5
768112681,0,1,0,1,1,2,0,5
574824042,0,1,0,1,1,2,0,5
735689056,0,1,0,1,1,2,0,5
754507957,0,1,2,0,1,1,0,5
661669873,0,1,2,2,1,2,2,10
558471484,0,0,0,0,0,0,0,0
1018891982,0,2,0,1,1,1,1,6
1061172981,1,2,2,3,2,2,3,15
867077926,3,2,1,1,1,2,1,11
490730666,3,2,3,3,3,2,1,17
991013024,3,2,3,3,2,2,3,18
1002961515,2,2,0,1,1,2,1,9
915716442,0,2,0,1,1,1,1,6
237897663,0,0,0,0,0,0,0,0
100324836,0,0,0,0,0,0,0,0
821117383,1,2,1,1,2,2,2,11
901308596,0,1,0,0,1,1,0,3
930361904,2,2,3,1,2,2,3,15
940271559,0,1,0,0,0,1,0,2
632307285,3,3,3,3,3,2,1,18
1012739831,0,2,0,1,1,1,0,5
888308931,0,2,0,0,2,1,0,5
963018485,0,2,0,1,1,1,1,6
996500727,0,2,1,0,2,1,0,6
993195034,0,0,0,0,0,0,0,0
1000611496,0,2,0,1,2,1,1,7
996593653,2,2,0,1,1,1,1,8
1012401482,0,2,0,0,0,1,0,3
881383379,0,1,1,0,0,1,0,3
1005853815,0,0,0,0,0,0,0,0
1079740885,0,2,0,2,0,1,0,5
1078735996,0,0,0,0,0,0,0,0
1067747327,0,2,2,2,3,2,2,13
861301162,0,1,0,0,1,1,0,3
1075501451,0,2,0,1,1,2,1,7
1074868632,0,2,1,2,3,2,1,11
1054699144,0,1,0,1,1,2,2,7
1074026612,0,2,1,2,3,1,0,9
843660182,3,3,3,3,3,2,3,20
836607869,3,3,2,2,2,2,3,17
590882599,0,2,2,1,1,1,3,10
533028217,0,2,2,1,1,1,1,8
384628374,3,3,3,3,3,2,3,20
411663179,3,3,3,3,3,2,3,20
21924523,1,3,3,1,2,2,3,15
143488364,0,1,0,1,1,2,2,7
946376802,3,3,2,2,1,1,3,15
563618901,0,2,2,1,1,1,3,10
1046872226,0,3,3,2,1,1,3,13
1027045901,0,2,1,1,1,1,1,7
994979289,0,2,1,1,1,1,1,7
1058708174,3,2,3,3,2,2,3,18
1079621581,0,0,0,0,0,0,0,0
1070610481,1,1,2,1,1,2,0,8
238781805,3,3,3,3,2,2,3,19
1008139344,0,2,0,1,1,2,1,7
904625865,2,2,2,1,2,2,3,14
506259224,0,2,0,1,1,2,1,7
1044834703,0,0,0,0,0,0,0,0
870771107,3,2,2,3,2,2,3,17
1043492494,1,3,1,1,1,2,1,10
1001106244,0,0,0,0,0,0,0,0
886094678,3,3,3,3,3,2,3,20
773688814,3,3,3,3,3,1,3,19
996407879,0,2,1,1,1,1,1,7
974308874,2,2,0,1,1,2,1,9
1059822178,0,2,0,1,1,1,1,6
1051517535,0,0,0,0,0,0,0,0
1043576048,0,2,0,1,1,1,1,6
1045202935,0,1,0,0,1,1,0,3
1056212596,3,3,2,2,3,2,3,18
798495466,3,3,3,3,2,2,3,19
1040240261,3,2,3,3,2,2,3,18
650803537,3,3,3,3,3,2,3,20
785182129,0,0,0,0,0,0,0,0
400418027,3,2,2,3,2,2,3,17
1068003741,3,3,3,3,2,2,2,18
620668763,0,2,3,1,1,1,3,11
620658396,3,3,3,2,2,2,1,16
611216515,2,2,3,1,1,2,3,14
922270672,3,3,2,3,2,2,2,17
768098385,0,0,0,0,0,0,0,0
773259603,0,0,0,0,0,0,0,0
772026373,3,3,3,3,2,2,1,17
1070041358,0,2,2,1,1,1,1,8
1058323842,3,3,3,3,3,2,3,20
964786022,0,2,2,1,1,2,3,11
334259722,0,2,2,1,1,1,3,10
1015674326,0,3,2,1,1,2,1,10
1041354369,0,1,1,0,1,1,0,4
1028514378,3,3,2,2,2,1,1,14
1030267036,0,2,1,1,1,1,0,6
941012311,0,2,0,0,0,1,0,3
602137927,3,3,2,3,3,2,3,19
724430264,0,0,0,0,0,0,0,0
169372661,0,1,0,1,0,2,0,4
326628503,0,1,1,1,1,1,1,6
80038352,0,0,0,0,0,0,0,0
421650934,0,2,2,3,1,1,3,12
985668475,0,2,2,1,1,1,3,10
536109275,1,3,2,2,1,2,3,14
536109611,1,3,1,2,1,2,2,12
536110192,0,2,1,2,1,2,2,10
536200345,0,2,0,1,1,1,0,5
1040343979,0,2,0,1,1,1,1,6
1068272328,0,2,0,1,1,2,1,7
1034717869,0,1,0,1,1,2,2,7
1035368519,3,2,3,1,2,2,1,14
1059013714,0,2,1,2,2,0,0,7
1030251702,3,3,3,3,3,1,3,19
1056277251,0,2,0,1,1,1,1,6
105445013,0,0,0,0,0,0,0,0
143968357,0,0,0,0,0,0,0,0
871132676,0,0,0,0,0,0,0,0
1004712726,1,2,1,3,1,2,1,11
1047018124,0,2,3,1,1,2,3,12
960644619,3,3,3,3,3,2,3,20
489134424,0,2,0,0,0,1,0,3
977915769,3,3,2,1,2,2,1,14
48046944,0,0,0,0,0,0,0,0
270374347,0,0,0,0,0,0,0,0
448481475,0,2,2,1,1,1,3,10
61292876,0,0,0,0,0,0,0,0
409793901,0,2,2,3,2,1,1,11
66235224,0,0,0,0,0,0,0,0
469710615,0,2,2,1,1,1,3,10
701913244,0,1,0,1,1,1,1,5
1080598956,3,3,2,3,1,1,3,16
770697958,3,3,3,3,3,1,3,19
940973127,0,3,2,2,1,1,1,10
996144474,3,3,1,2,1,2,1,13
1078627137,0,0,0,0,0,0,0,0
1006644352,0,2,1,1,1,2,0,7
607480579,0,2,2,1,1,1,1,8
601142164,0,2,0,0,0,1,0,3
323319867,0,2,0,0,1,1,0,4
839772454,3,3,2,2,1,1,3,15
696595821,0,2,0,0,0,1,0,3
824112217,0,1,0,0,0,1,0,2
730504816,0,2,1,1,1,2,1,8
772792152,0,2,0,1,1,2,1,7
261136141,3,3,3,2,2,2,3,18
669425957,2,2,0,1,2,2,1,10
1047790034,0,1,0,1,1,2,2,7
1012315159,0,2,2,1,1,2,0,8
661412833,0,2,0,1,1,2,0,6
873072977,0,2,1,1,1,2,0,7
779508159,0,2,1,1,1,2,1,8
666261353,0,2,1,1,1,1,1,7
743923503,0,2,1,1,1,2,1,8
980716711,3,3,1,1,2,2,2,14
1027361886,3,2,3,2,3,2,1,16
783481332,0,1,0,1,2,1,1,6
914772893,0,1,0,1,1,2,0,5
1016950633,0,2,1,1,1,1,1,7
1043657952,3,2,1,2,3,1,0,12
1043361992,0,2,1,0,1,1,0,5
1043916243,0,1,0,1,1,2,2,7
996877417,0,0,0,0,0,0,0,0
967426896,0,3,2,2,2,1,3,13
959119182,0,2,0,0,1,1,0,4
844632913,3,3,3,3,3,2,3,20
947349749,3,2,3,3,2,2,3,18
926935828,3,3,3,2,3,2,3,19
440652576,0,1,1,0,1,1,0,4
780172255,3,3,2,1,1,2,3,15
880538299,3,2,2,3,3,1,1,15
926712972,0,2,2,1,1,1,3,10
91898387,0,0,0,0,0,0,0,0
1008611605,0,2,2,1,1,1,1,8
585065649,0,2,2,1,1,1,1,8
363328655,0,2,2,1,1,1,3,10
350522112,3,2,2,3,1,1,1,13
222653641,0,0,0,0,0,0,0,0
270075837,0,0,0,0,0,0,0,0
1010903971,0,2,1,1,1,1,1,7
964383144,0,2,2,1,1,1,3,10
917561795,2,2,2,3,2,1,3,15
821202351,0,2,0,0,0,1,0,3
1010380995,3,3,1,1,2,2,1,13
1067615258,0,1,0,0,2,1,0,4
1069148937,0,2,0,0,1,1,0,4
907482257,0,0,0,0,0,0,0,0
1059778014,3,2,1,1,1,2,1,11
999471476,0,0,0,0,0,0,0,0
1018097998,3,2,0,1,2,1,1,10
2713237,0,2,1,1,1,1,1,7
1018171614,0,1,0,1,1,2,0,5
1039579279,0,0,0,0,0,0,0,0
1038040585,0,2,0,3,1,1,1,8
1004783749,0,2,0,0,0,1,0,3
1009666774,0,1,0,0,1,1,0,3
1009623528,0,0,0,0,0,0,0,0
986422965,0,1,0,0,1,1,0,3
997441533,0,2,2,1,1,1,3,10
966184356,0,2,2,1,1,1,3,10
998842566,0,1,0,0,1,1,0,3
990286752,3,3,0,2,1,1,0,10
990254079,0,2,0,0,0,1,0,3
195878036,0,0,0,0,0,0,0,0
887622569,3,2,0,1,1,1,1,9
1064081585,3,2,2,1,2,2,1,13
1065522343,1,2,2,3,1,2,1,12
871873355,0,2,3,1,1,1,3,11
954871682,1,2,2,3,2,1,3,14
1022635887,0,2,0,1,0,1,1,5
1034632094,0,2,2,1,1,1,3,10
1051957103,0,0,0,0,0,0,0,0
720042851,1,2,2,1,2,1,3,12
991736307,0,2,2,1,1,1,3,10
710616168,0,2,0,1,1,1,1,6
1000598944,0,2,0,0,0,1,0,3
999777714,0,2,1,1,1,1,1,7
996789132,0,2,1,1,1,1,1,7
949226261,0,2,2,1,1,1,3,10
996773127,0,0,0,0,0,0,0,0
992229923,0,0,0,1,1,0,0,2
942964687,0,1,1,0,1,1,0,4
792465152,1,3,2,3,2,2,2,15
864557834,0,2,0,0,0,1,0,3
1076082609,0,1,0,0,0,1,0,2
1011859113,0,1,0,1,1,2,0,5
1071185915,2,3,1,3,3,1,1,14
971239857,2,3,2,3,1,2,1,14
1042321162,0,0,0,0,0,0,0,0
133603334,0,0,0,0,0,0,0,0
548902835,3,2,1,3,1,2,0,12
302581653,3,2,3,1,2,2,3,16
938174207,0,1,0,0,1,1,0,3
937861654,0,2,0,1,1,2,0,6
1028357034,0,2,0,0,0,1,0,3
53462502,0,0,0,0,0,0,0,0
25236916,0,0,0,0,0,0,0,0
135125578,0,0,0,0,0,0,0,0
238939795,0,0,0,0,0,0,0,0
485836229,0,2,1,1,1,1,1,7
107636415,0,0,0,0,0,0,0,0
706330688,0,2,2,1,1,1,3,10
283937426,2,2,2,1,2,2,3,14
566610279,0,2,0,1,1,1,1,6
788594521,0,2,2,1,1,1,1,8
320754143,0,2,1,0,2,2,0,7
70243206,0,0,0,0,0,0,0,0
721412995,0,2,1,1,1,1,1,7
1066491488,0,2,2,2,2,1,3,12
1049336912,0,2,0,1,1,2,1,7
1080818744,2,2,0,3,2,2,1,12
1080680107,0,0,0,0,0,0,0,0
424816655,0,0,0,0,0,0,0,0
1079197486,0,0,0,0,0,0,0,0
1062113264,0,2,1,0,1,1,0,5
1020607969,0,2,0,0,1,1,0,4
1070823829,3,2,0,1,2,2,1,11
805874967,3,3,2,3,3,2,3,19
1054345564,0,0,0,0,0,0,0,0
1073909204,0,2,0,1,1,1,1,6
1040555115,0,0,0,0,0,0,0,0
1068407418,0,0,0,0,0,0,0,0
1046619323,0,0,0,0,0,0,0,0
1022533125,0,0,0,0,0,0,0,0
949437672,0,2,3,1,1,2,1,10
1019417288,0,3,2,2,1,1,3,12
1020533809,0,3,2,1,1,1,0,8
775532424,0,1,2,1,1,1,1,7
989987713,0,2,0,0,0,1,0,3
342110358,3,3,3,2,3,2,3,19
742874439,0,1,2,1,1,1,1,7
889378905,3,3,3,3,2,2,3,19
947638859,0,2,2,3,1,1,1,10
971174433,0,2,1,3,1,1,1,9
991810053,0,2,1,3,1,2,2,11
1004933339,0,2,1,3,2,2,1,11
1034023415,0,0,0,0,0,0,0,0
541058248,1,2,3,1,1,2,3,13
117137386,0,0,0,0,0,0,0,0
1073650136,2,2,1,3,1,2,1,12
1072275667,0,1,0,1,1,2,0,5
1058283568,0,0,0,0,0,0,0,0
1052847074,0,0,0,0,0,0,0,0
1079419361,0,2,0,0,0,1,0,3
923162176,2,2,2,2,2,2,3,15
197029868,3,3,3,3,3,2,3,20
1049080744,0,0,0,0,0,0,0,0
1080182485,0,0,0,0,0,0,0,0
949805535,0,2,1,3,1,2,0,9
945007024,0,2,1,3,1,2,1,10
625594832,0,2,2,1,1,2,2,10
802628612,3,2,3,2,2,2,3,17
799696875,3,2,3,2,2,2,3,17
797854538,3,2,3,2,2,2,3,17
1040282246,2,2,2,3,3,1,1,14
1030890068,0,2,0,1,1,2,0,6
1022919016,0,1,0,0,1,1,0,3
979023175,3,2,3,1,1,2,1,13
1036709043,0,2,0,1,1,1,1,6
1018162784,0,2,0,1,1,1,0,5
1032966012,1,2,0,0,1,2,0,6
1043591386,0,3,2,1,1,1,1,9
602397099,0,2,0,0,1,1,0,4
226956322,0,0,0,0,0,0,0,0
994719666,3,2,3,3,2,2,3,18
1004821699,0,2,0,1,1,1,1,6
1083045924,0,0,0,0,0,0,0,0
1080886067,0,0,0,0,0,0,0,0
1078926542,0,0,0,0,0,0,0,0
1077774838,0,2,0,3,1,1,1,8
671271059,3,3,3,3,2,2,3,19
574011939,3,3,3,1,2,2,3,17
1030257072,3,2,3,3,1,1,3,16
1034427054,0,2,2,2,2,1,1,10
552154309,3,3,3,2,2,2,3,18
979446566,3,3,3,3,2,2,3,19
751824178,3,3,3,1,2,2,3,17
429581878,0,0,0,0,0,0,0,0
1050388864,0,2,0,1,1,2,1,7
1080814017,0,0,0,0,0,0,0,0
1080797399,0,1,0,0,1,1,0,3
964378331,0,1,1,1,1,1,1,6
1060429964,3,2,3,3,3,2,3,19
991786573,0,2,0,3,1,1,1,8
505655988,0,2,0,1,1,1,1,6
588242124,3,3,3,3,3,2,3,20
996803906,0,2,1,1,1,1,1,7
782757159,2,2,2,3,2,2,2,15
998428182,0,0,0,0,0,0,0,0
966288725,2,2,1,3,2,2,1,13
1068108899,0,2,0,1,1,2,1,7
1018236681,0,2,0,1,0,2,0,5
954092432,0,3,3,3,2,1,3,15
1049603775,0,0,0,0,0,0,0,0
696136717,0,0,0,0,0,0,0,0
1017555611,3,2,2,1,2,1,3,14
1018207154,0,2,1,3,1,2,3,12
1029498677,0,2,0,0,1,1,0,4
1019052164,0,2,0,1,1,2,1,7
1019566878,0,1,0,1,1,2,0,5
969217655,0,2,2,2,1,1,3,11
790835736,0,2,2,1,1,1,3,10
1011714624,2,2,3,3,2,1,3,16
785420121,0,2,2,1,1,1,3,10
990471803,0,2,2,1,1,1,1,8
882206889,0,2,2,1,1,1,3,10
822699713,3,2,2,3,2,1,3,16
950652588,0,1,0,0,1,1,0,3
983834021,0,2,2,1,2,1,3,11
987190611,0,3,2,2,1,1,3,12
839159826,3,3,2,2,2,1,3,16
622537293,0,2,2,1,1,1,3,10
620789248,3,3,3,3,2,1,3,18
435510281,0,2,3,1,1,2,3,12
412377496,0,2,1,1,1,1,1,7
994853733,0,1,0,0,1,1,0,3
509316618,2,2,3,1,2,2,3,15
1000897812,1,2,2,3,2,1,1,12
1013831173,0,1,0,1,1,1,1,5
1059866743,0,1,0,1,1,2,0,5
1057472288,0,2,0,1,1,2,1,7
1040920147,0,1,1,0,1,1,0,4
1045352575,0,2,0,1,2,1,1,7
209206468,0,0,0,0,0,0,0,0
1044840657,3,1,0,1,1,2,0,8
573429604,3,3,3,3,3,2,3,20
913477165,3,3,2,3,3,1,3,18
92130523,0,0,0,0,0,0,0,0
1008010587,0,1,0,0,0,1,0,2
850321404,3,3,3,3,3,2,3,20
637596422,0,2,0,0,0,1,0,3
175900569,0,0,0,0,0,0,0,0
1006103735,0,0,0,0,0,0,0,0
977226339,0,0,0,0,0,0,0,0
23840823,0,0,0,0,0,0,0,0
1004073011,0,0,0,0,0,0,0,0
1055771888,0,1,2,1,1,1,1,7
1062476718,3,2,3,2,3,1,0,14
1057540497,0,2,1,1,1,1,1,7
874149665,3,3,2,3,2,2,3,18
1022330466,0,2,0,1,1,2,2,8
998086896,1,2,1,1,1,2,1,9
1009639163,0,2,1,1,2,1,1,8
704669719,0,1,1,1,1,1,1,6
986685607,3,3,3,3,3,2,3,20
989343556,2,2,2,2,2,1,1,12
728467856,3,3,3,3,3,2,1,18
1078011013,0,2,1,1,1,1,1,7
1016494909,0,2,0,1,1,1,1,6
1074542685,0,2,2,1,1,1,1,8
1077395523,0,2,2,1,1,1,1,8
901021611,0,2,0,1,1,2,1,7
1028185875,0,2,2,1,1,2,1,9
900489478,0,2,2,1,1,2,3,11
927413203,0,2,2,1,1,2,3,11
901009429,0,2,2,1,1,2,1,9
900521054,1,2,2,1,1,2,1,10
945254236,0,2,2,1,1,2,3,11
904085576,0,2,2,1,1,2,1,9
901033795,0,1,0,1,0,2,0,4
979520839,2,2,0,1,1,2,0,8
996388276,3,2,2,3,2,2,3,17
1048524366,3,2,3,1,1,2,1,13
1049941474,3,2,2,3,3,1,1,15
1043712958,2,2,2,3,3,1,1,14
1075585917,0,1,0,1,1,2,2,7
1042553406,0,1,0,1,1,2,0,5
941428562,0,2,0,0,0,1,0,3
1072508839,0,2,3,1,1,2,3,12
1062041309,0,1,1,1,1,1,1,6
1056922774,0,0,0,0,0,0,0,0
1024187231,3,3,2,3,2,2,3,18
967793724,3,3,2,3,2,1,3,17
1018568897,0,2,2,2,1,1,1,9
1071097842,0,1,0,0,0,1,0,2
991189887,3,2,2,1,3,2,3,16
993077614,3,3,3,3,3,2,3,20
1073722328,3,2,2,2,2,1,3,15
781787844,0,1,0,0,0,1,0,2
1071618171,0,2,1,1,1,1,1,7
1071070633,0,2,1,0,1,1,0,5
1067572104,0,0,0,0,0,0,0,0
1067662633,0,0,0,0,0,0,0,0
106537468,0,0,0,0,0,0,0,0
947600517,3,3,3,3,3,2,3,20
475953356,2,2,3,3,2,2,3,17
980772219,3,3,3,3,2,2,3,19
159385739,0,0,0,0,0,0,0,0
425923337,3,3,3,3,3,2,3,20
920834668,3,3,3,3,3,2,3,20
911102702,0,2,3,1,2,1,3,12
892500605,0,2,0,1,1,2,1,7
356973048,3,2,3,3,3,1,3,18
140715883,0,0,0,0,0,0,0,0
814608177,0,2,2,1,1,1,1,8
460199284,0,0,0,0,0,0,0,0
733726253,0,2,1,0,1,1,0,5
1079303797,0,0,0,0,0,0,0,0
981440069,0,2,0,1,1,2,1,7
670017415,0,1,0,1,1,2,0,5
1014828484,0,0,0,0,0,0,0,0
1080497319,0,2,1,1,1,1,1,7
106673372,0,0,0,0,0,0,0,0
1030167917,0,2,0,1,2,1,1,7
890759344,0,0,0,0,0,0,0,0
1024827294,0,0,0,0,0,0,0,0
711892878,0,0,0,0,0,0,0,0
1038517326,0,2,0,0,0,1,0,3
1042814995,2,2,2,1,1,2,1,11
107990158,0,0,0,0,0,0,0,0
1061988954,0,2,1,1,1,1,1,7
963637643,0,1,3,1,1,2,3,11
954043485,0,0,0,1,1,0,0,2
714449677,0,2,1,1,1,2,1,8
906690415,0,2,1,1,1,1,1,7
584032485,0,3,3,3,2,1,3,15
361474299,0,2,1,3,1,1,1,9
1070613626,0,2,1,1,1,1,1,7
105061701,0,0,0,0,0,0,0,0
560618645,3,3,3,3,2,1,1,16
228802511,0,2,2,3,1,1,3,12
284198081,2,2,2,3,2,1,3,15
643122174,0,2,0,0,1,1,0,4
643386819,0,2,2,3,1,1,3,12
585163987,0,0,0,0,0,0,0,0
871028527,0,2,1,1,1,1,1,7
30204738,0,0,0,0,0,0,0,0
1041653396,0,3,3,3,3,1,3,16
871629395,0,2,2,1,1,1,1,8
913932178,0,2,2,1,1,1,1,8
943232353,0,2,2,3,1,1,3,12
690898086,0,2,2,3,1,1,1,10
360632588,0,2,2,3,2,1,3,13
484749646,1,2,2,1,3,1,1,11
1039686474,3,3,3,3,2,2,3,19
975490359,0,2,3,1,1,1,3,11
1082997904,0,1,0,0,0,1,0,2
1082530911,0,2,3,1,1,2,3,12
584589524,0,0,0,0,0,0,0,0
1079883481,1,2,3,1,1,2,3,13
1081926261,0,2,3,1,1,1,1,9
1079215871,0,0,0,1,1,1,0,3
1081955392,0,0,0,0,0,0,0,0
108121994,0,0,0,0,0,0,0,0
821893774,3,3,2,3,2,2,3,18
732113944,3,3,3,3,3,2,3,20
551762694,3,3,3,3,3,2,3,20
99142638,0,0,0,0,0,0,0,0
564490611,0,2,2,1,2,1,3,11
647728412,0,2,2,3,2,1,3,13
1032599011,0,0,0,0,0,0,0,0
865320643,0,2,2,1,2,1,1,9
908659258,0,1,0,1,0,1,1,4
402206879,3,3,3,3,3,2,1,18
495411232,3,3,2,3,2,1,3,17
55750952,0,0,0,0,0,0,0,0
1067998561,0,0,0,0,0,0,0,0
1026863087,0,0,0,0,0,0,0,0
17365445,0,0,0,0,0,0,0,0
140188485,1,2,2,3,2,2,1,13
854085086,0,2,2,1,1,1,3,10
708200322,3,2,2,1,3,2,0,13
1051614173,0,2,3,2,2,2,0,11
960622828,0,2,2,1,1,1,1,8
1054419869,0,0,0,0,0,0,0,0
584981563,2,2,3,1,2,2,3,15
996357063,0,1,1,1,1,1,1,6
265785448,0,2,0,1,1,1,1,6
355734916,0,1,0,0,1,1,0,3
1074943887,0,1,0,1,1,1,1,5
1074459727,0,1,0,1,1,1,1,5
1077345348,0,0,0,0,0,0,0,0
20251676,0,0,0,0,0,0,0,0
1032252136,0,1,0,0,0,1,0,2
1027498357,0,0,0,0,0,0,0,0
1027492871,0,0,0,0,0,0,0,0
1013467391,1,2,2,2,2,2,1,12
766432432,0,2,3,1,1,2,3,12
1050987281,1,2,2,2,1,2,3,13
1050472909,0,2,0,1,1,2,2,8
839050611,0,2,2,1,1,1,3,10
222667233,2,2,0,1,2,2,1,10
1007950382,0,2,0,1,1,2,1,7
1055252111,3,3,2,3,2,2,3,18
1048761761,0,1,0,0,1,2,0,4
1052294271,1,3,2,3,2,1,1,13
533913899,0,2,2,1,1,1,3,10
988582232,0,2,3,3,2,1,3,14
475121206,3,3,3,2,2,2,3,18
824039526,2,2,2,3,3,2,1,15
864640298,2,2,2,1,2,2,1,12
604681896,3,3,3,3,3,2,3,20
828861748,0,1,0,1,1,2,0,5
844331395,0,1,0,0,1,1,0,3
592387526,3,3,3,3,3,2,3,20
1068960118,0,2,3,1,1,1,3,11
1082343145,0,2,3,1,1,1,3,11
1036700013,0,0,0,0,0,0,0,0
1026980232,0,2,1,1,1,1,1,7
1066331222,0,0,0,0,0,0,0,0
1075571152,1,3,2,2,1,1,1,11
806359169,3,2,1,1,1,1,1,10
919072176,0,0,0,0,0,0,0,0
884054287,2,2,1,3,1,2,1,12
1074989966,0,2,1,0,1,1,0,5
642969181,0,0,0,0,0,0,0,0
713178252,3,3,3,3,2,2,3,19
1064888709,0,2,2,1,1,1,1,8
986597543,3,3,3,3,3,2,3,20
59437614,0,0,0,0,0,0,0,0
737010978,3,2,2,1,2,1,1,12
778202953,0,2,2,1,1,1,1,8
261989758,0,0,0,0,0,0,0,0
447400491,3,2,2,1,2,2,2,14
843323512,0,2,2,1,1,1,3,10
777658054,0,2,2,1,1,1,3,10
456581652,3,3,3,3,3,1,3,19
986747709,0,2,3,2,3,1,3,14
1018387454,0,2,2,2,1,1,3,11
1025190371,0,0,0,0,0,0,0,0
1020536782,0,2,0,1,1,1,1,6
1009544047,0,2,1,1,1,1,1,7
665086886,0,2,3,1,2,1,3,12
922281844,0,2,0,0,0,1,0,3
96605388,0,0,0,0,0,0,0,0
724533824,0,2,0,1,1,1,1,6
885118246,3,3,3,3,3,1,3,19
1040968573,0,2,1,1,1,1,1,7
1009859265,3,3,3,2,1,1,3,16
716885964,3,2,3,1,2,2,1,14
1081892239,0,0,0,0,0,0,0,0
1081155483,0,0,0,0,0,0,0,0
540903914,2,2,2,1,2,2,3,14
585657321,3,3,3,3,2,2,3,19
114171174,0,0,0,0,0,0,0,0
740239256,3,3,3,3,3,2,3,20
231181527,0,0,0,0,0,0,0,0
881499757,3,3,3,3,3,2,3,20
317618182,3,2,1,3,2,2,1,14
135786607,0,0,0,0,0,0,0,0
889251925,3,3,3,2,3,2,3,19
939823358,3,3,3,3,3,2,3,20
1034517874,3,2,2,0,3,2,0,12
1027313161,0,2,0,0,2,2,0,6
1019070719,0,2,0,0,2,2,0,6
612506632,3,3,2,3,2,2,3,18
1013973369,2,3,0,2,2,2,0,11
1001232872,2,3,0,3,2,2,2,14
1050522574,0,2,1,2,1,1,1,8
46948898,0,0,0,0,0,0,0,0
1047291042,0,2,1,0,1,1,0,5
1045447335,0,2,2,1,1,1,1,8
1044094706,3,2,2,1,2,2,1,13
640674985,2,2,1,1,1,1,1,9
1034215401,3,3,1,2,3,1,1,14
1028063585,0,2,0,0,1,1,0,4
203954138,0,3,2,1,1,2,3,12
948647694,3,3,3,3,2,2,3,19
880469525,1,3,2,1,2,1,3,13
1005530157,0,0,0,0,0,0,0,0
1080388757,0,1,1,0,1,1,0,4
1034422089,0,1,1,0,1,1,0,4
1082377642,0,0,0,0,0,0,0,0
971439737,0,0,0,0,0,0,0,0
806423631,0,2,3,2,3,1,3,14
1034573507,0,2,1,0,1,1,0,5
1034416708,0,2,1,0,1,1,0,5
619791652,0,2,1,1,1,2,2,9
667446306,0,2,1,1,1,2,2,9
1061928833,0,2,0,1,1,1,1,6
1071083302,2,2,2,2,2,1,3,14
366632945,0,2,0,3,1,2,1,9
1065168553,0,2,0,1,1,1,1,6
658960152,2,2,1,1,2,2,2,12
1056890881,1,2,0,0,2,1,0,6
1077319392,0,0,0,0,0,0,0,0
1076072913,0,2,0,1,1,2,1,7
177004738,0,0,0,0,0,0,0,0
108037631,0,0,0,0,0,0,0,0
1075097929,1,2,3,1,2,2,3,14
1008637037,3,2,3,2,1,2,1,14
1014156709,0,1,2,1,1,1,0,6
971759293,1,1,2,1,1,2,3,11
947677941,1,2,2,1,2,2,3,13
1034214233,0,0,0,0,0,0,0,0
954712749,0,2,0,1,1,1,1,6
210144279,3,2,3,1,2,2,3,16
1021478406,2,2,2,1,1,1,3,12
217751798,0,0,0,0,0,0,0,0
1054269223,1,2,2,1,1,2,3,12
272919244,0,2,2,2,2,1,3,12
752731968,3,3,3,3,3,2,3,20
199103292,0,0,0,0,0,0,0,0
698016712,0,2,2,3,1,1,3,12
1067811775,0,2,0,1,1,2,2,8
1077384947,0,0,0,0,0,0,0,0
1080247253,0,0,0,0,0,0,0,0
759999299,3,3,3,3,2,2,3,19
1076594542,0,1,0,1,1,2,1,6
1056708513,3,3,3,3,2,2,3,19
363613706,3,3,3,3,3,2,3,20
140093419,0,0,0,0,0,0,0,0
173888368,3,3,3,3,3,2,3,20
406213423,3,3,3,3,2,2,3,19
551717535,3,3,3,3,3,2,3,20
938483936,0,3,2,1,2,2,3,13
795905721,1,2,2,1,2,2,1,11
1004715501,0,2,1,1,1,2,2,9
1067327216,0,2,0,1,2,2,1,8
1051941423,1,2,2,3,2,1,3,14
1073660618,0,0,0,0,0,0,0,0
1078885418,0,2,1,2,3,0,0,8
1051491975,0,0,0,0,0,0,0,0
1074143508,0,2,0,1,0,1,0,4
1045400576,3,3,3,3,2,2,3,19
949003199,0,2,1,3,1,1,1,9
984649604,0,2,1,1,1,1,1,7
996602296,0,2,1,3,1,1,1,9
1033050883,0,2,0,2,1,1,1,7
801060639,3,3,3,3,3,2,3,20
648515979,3,3,2,3,2,2,3,18
393474264,3,3,3,3,3,2,3,20
290817374,1,2,2,1,3,2,3,14
574339766,3,3,3,1,2,2,3,17
799711509,3,3,3,3,2,2,3,19
1048649823,0,0,0,0,0,0,0,0
407926031,0,1,1,1,1,1,1,6
407904192,0,2,1,1,1,1,1,7
404433994,0,2,2,1,1,1,3,10
303772179,0,2,1,1,1,1,1,7
405689055,0,1,0,0,1,1,0,3
405079071,0,0,0,0,0,0,0,0
404102505,0,1,2,1,1,1,1,7
403466382,0,2,0,1,1,1,1,6
402844632,0,2,2,1,1,1,3,10
402883782,0,0,0,0,0,0,0,0
401465097,0,0,0,0,0,0,0,0
402375495,0,1,1,0,1,1,0,4
404662876,0,0,0,0,0,0,0,0
326491283,0,2,1,1,1,1,1,7
399713258,0,0,0,0,0,0,0,0
1033815526,0,2,1,2,3,1,0,9
1065012855,0,2,0,3,1,1,0,7
1049867213,0,3,2,2,2,1,3,13
430646955,3,3,3,3,3,2,3,20
205937309,3,3,3,3,2,2,3,19
618712811,3,3,3,2,2,2,3,18
1024993689,1,2,3,1,1,2,3,13
904375997,0,1,0,0,1,1,0,3
1059116878,0,1,0,1,1,2,0,5
1002789051,0,0,0,0,0,0,0,0
1024136553,0,0,0,0,0,0,0,0
990888372,0,2,0,2,2,2,1,9
996569378,0,0,0,0,0,0,0,0
992942346,0,0,0,0,0,0,0,0
907117902,0,0,0,0,0,0,0,0
951192505,0,0,0,0,0,0,0,0
993085419,0,2,1,1,1,1,1,7
923153358,0,0,0,0,0,0,0,0
1034284098,0,2,1,1,1,1,1,7
912704187,0,1,0,1,1,2,2,7
970126351,0,2,2,1,1,1,3,10
739813585,0,2,2,1,1,2,1,9
1071282687,0,0,0,0,0,0,0,0
1065397934,0,1,0,1,1,2,0,5
1053492079,0,2,2,1,1,2,1,9
755137487,2,1,2,1,2,2,3,13
1059022971,0,1,0,1,1,2,1,6
1058981624,0,0,0,0,0,0,0,0
992397277,0,2,0,0,1,1,0,4
1000422543,3,2,3,1,1,2,1,13
981292177,2,2,2,3,2,2,2,15
574241265,3,3,2,2,1,1,3,15
1058099535,0,2,2,1,1,1,3,10
913535725,2,2,0,2,1,2,1,10
1066859316,3,3,3,3,2,1,3,18
1030495882,3,3,3,3,3,3,3,21
861100889,0,1,1,2,1,1,1,7
653251608,0,0,0,0,0,0,0,0
446787648,2,3,1,3,2,1,1,13
635671525,0,2,3,1,2,1,3,12
958785567,0,0,0,0,0,0,0,0
994379479,0,0,0,0,0,0,0,0
915739517,0,0,0,0,0,0,0,0
876773363,0,2,3,1,1,2,3,12
946043162,0,1,0,1,1,2,0,5
861822121,0,2,3,3,2,1,3,14
422617167,0,2,0,1,1,1,1,6
486985327,0,2,1,0,1,1,0,5
995541682,3,3,2,3,3,2,1,17
596163859,3,3,3,3,3,2,3,20
921554668,1,2,2,3,2,2,2,14
521909736,3,3,3,3,2,2,3,19
1061924487,3,2,3,1,1,2,1,13
1051414242,0,1,0,1,1,2,1,6
1028594285,0,1,0,1,1,2,1,6
1026125077,0,2,0,1,1,2,1,7
1079832666,0,1,0,1,1,1,1,5
1077358182,0,2,1,2,2,1,1,9
1068621469,1,2,2,3,1,2,0,11
1070308878,0,0,0,0,0,0,0,0
1070888317,0,2,1,0,2,1,0,6
1074227423,0,2,0,0,1,1,0,4
1076443132,0,0,0,0,0,0,0,0
1071572229,3,3,2,1,2,2,3,16
1047970867,3,3,2,3,3,2,3,19
1054723132,0,1,1,1,1,1,1,6
1060541852,0,2,3,1,1,1,3,11
1054655711,0,2,2,1,1,1,1,8
939417162,3,3,3,3,3,2,3,20
996495779,0,1,0,1,1,1,0,4
99640277,0,0,0,0,0,0,0,0
1022457732,0,2,0,1,1,2,1,7
1081166941,0,1,0,1,1,2,0,5
1080544157,0,2,0,1,1,2,1,7
1077626231,3,2,3,3,2,2,3,18
1076876458,3,2,2,2,2,1,3,15
1072912813,1,2,0,1,2,2,1,9
1075488491,0,2,2,1,1,1,1,8
1070340151,1,3,2,1,2,2,3,14
1061256022,0,1,0,1,1,1,1,5
1044873303,0,0,0,0,0,0,0,0
316217791,0,0,0,0,0,0,0,0
759691063,0,2,0,1,1,1,1,6
673976701,3,3,2,2,2,2,2,16
562285581,1,2,2,1,1,2,1,10
469202529,2,3,2,3,2,1,3,16
579809961,0,2,1,0,1,1,0,5
532399197,0,2,1,1,1,1,1,7
996801561,3,3,2,1,1,2,3,15
982267543,0,1,0,1,1,2,1,6
977993365,3,3,1,1,1,2,0,11
975557315,3,3,1,1,1,2,1,12
968438901,3,2,1,1,1,2,1,11
1054760018,3,3,3,1,2,2,3,17
858117318,3,3,3,3,2,2,2,18
471471424,0,0,0,0,0,0,0,0
789604567,0,1,2,1,1,2,3,10
998921975,3,3,3,3,3,2,3,20
798272481,3,2,2,1,3,2,3,16
1054760699,3,3,3,3,2,2,3,19
144927215,0,0,0,0,0,0,0,0
1068161882,3,2,3,2,2,2,1,15
1008329378,3,2,3,2,2,2,1,15
1071272564,3,3,3,3,2,2,3,19
1056483203,0,0,0,0,0,0,0,0
1050240495,3,2,3,2,2,2,1,15
714801193,2,2,0,2,3,1,0,10
296486578,0,1,0,1,1,1,1,5
997161719,0,0,0,0,0,0,0,0
999838473,0,2,3,2,1,1,1,10
885402533,0,0,0,0,0,0,0,0
22407467,0,0,0,0,0,0,0,0
21932548,0,0,0,0,0,0,0,0
21931136,0,0,0,0,0,0,0,0
384983049,3,3,3,3,2,2,3,19
215643967,0,0,0,0,0,0,0,0
276932192,3,3,3,2,3,2,2,18
707652608,3,3,2,3,2,2,3,18
276679395,2,2,3,2,3,2,3,17
696708324,2,3,3,3,2,1,3,17
1067960461,3,3,3,3,2,2,3,19
30090882,0,0,0,0,0,0,0,0
1031054886,1,2,2,3,2,2,1,13
1064084563,0,2,0,1,1,1,1,6
767101555,0,2,0,1,1,1,1,6
1060648097,3,3,2,2,2,1,3,16
1038469461,3,2,3,1,1,2,1,13
1047836303,0,2,3,1,1,1,1,9
1047352192,0,2,0,0,0,1,0,3
1039066723,0,1,0,3,0,1,0,5
1038468334,0,2,0,1,1,2,0,6
1031260927,1,3,3,3,2,2,3,17
1030254138,0,1,3,1,1,1,3,10
1028906788,0,2,0,0,0,1,0,3
1028641007,3,2,3,3,1,2,1,15
1026557673,1,2,3,1,2,2,3,14
1023029335,0,2,2,1,1,1,3,10
1073005879,0,0,0,0,0,0,0,0
1061740611,0,0,0,0,0,0,0,0
981796344,3,3,2,2,2,2,3,17
947484148,0,2,1,1,1,1,1,7
872979882,0,2,1,1,1,1,1,7
967949454,0,2,3,1,2,2,3,13
980742249,0,0,0,0,0,0,0,0
650602528,3,3,3,3,2,2,1,17
969564545,0,1,3,1,2,2,0,9
339999,0,2,1,1,1,1,1,7
659802803,0,1,2,1,1,1,1,7
988251957,3,3,2,1,1,2,2,14
666405576,0,0,0,0,0,0,0,0
838962053,0,1,0,0,0,1,0,2
699243226,0,2,2,1,1,1,3,10
162489428,0,0,0,0,0,0,0,0
236344989,0,0,0,0,0,0,0,0
1067873431,0,2,1,0,1,1,0,5
364425504,3,2,3,3,2,2,3,18
58030966,0,0,0,0,0,0,0,0
666225342,0,2,2,1,1,1,3,10
901240058,3,3,3,3,3,2,3,20
806858318,3,2,3,1,1,2,2,14
1056473503,0,2,0,1,1,1,1,6
1045579669,0,2,1,1,1,1,1,7
1037563437,3,3,3,3,3,2,1,18
1041441285,0,2,2,3,1,1,0,9
1038086835,2,2,2,1,1,2,1,11
1040879442,0,1,0,1,1,1,1,5
945416208,0,1,0,1,1,2,1,6
788361197,3,3,2,2,2,1,3,16
832153456,3,2,0,1,1,2,2,11
896704267,0,1,1,1,1,2,2,8
775139167,3,3,1,3,1,1,1,13
421439504,3,3,3,3,3,2,3,20
943037013,3,3,3,3,3,2,3,20
1030164955,2,3,2,1,2,2,1,13
1017471519,1,2,2,1,2,2,3,13
1023114358,0,2,1,1,1,2,1,8
1077137945,0,2,2,1,1,1,3,10
1035963528,0,2,2,1,1,1,3,10
935944449,3,2,2,3,3,2,0,15
936561627,3,3,3,3,3,2,1,18
1080834748,0,1,0,0,1,1,0,3
1082945152,0,2,3,1,1,1,3,11
1079925367,0,1,1,1,1,1,1,6
203226324,0,0,0,0,0,0,0,0
1073995129,0,1,0,0,1,2,0,4
1071134832,0,2,2,1,1,1,3,10
1017294373,0,2,0,1,1,1,1,6
1059920288,0,2,1,1,1,1,1,7
1015856423,3,3,2,2,3,2,3,18
1029508531,0,2,3,1,2,2,1,11
1023038324,0,0,0,0,0,0,0,0
1022676343,3,3,3,3,2,2,3,19
934149832,0,2,1,3,1,1,1,9
617070735,0,0,0,0,0,0,0,0
615966929,0,0,0,0,0,0,0,0
457581326,1,3,2,1,1,2,1,11
1054697478,0,0,0,0,0,0,0,0
1070836236,0,2,0,0,0,1,0,3
1078166752,0,2,0,0,0,1,0,3
748968097,0,0,0,0,0,0,0,0
709500201,0,1,0,2,2,1,0,6
434985654,3,3,3,3,3,2,3,20
713892238,1,3,2,2,2,2,3,15
1052291227,0,1,0,1,1,2,0,5
1035275807,0,2,3,2,1,1,3,12
1035675923,0,2,3,1,1,2,3,12
1019889021,0,0,0,0,0,0,0,0
664904204,0,2,0,1,2,1,1,7
1034662446,0,1,1,0,1,1,0,4
1083121477,0,2,2,1,1,1,1,8
1081931697,0,2,2,1,1,1,1,8
1081201778,0,1,0,0,1,1,0,3
1080898307,0,2,2,1,1,1,1,8
824153446,0,2,0,1,1,1,1,6
1080638465,0,2,2,1,1,1,1,8
1079911904,0,2,2,1,1,1,1,8
946114291,0,2,0,0,0,1,0,3
89423301,0,0,0,0,0,0,0,0
937654661,0,2,2,3,2,1,1,11
548164123,3,3,3,3,3,2,3,20
674887276,3,3,2,3,3,2,3,19
617190538,3,3,3,3,3,2,3,20
583189548,3,3,3,3,2,2,3,19
954176874,3,3,2,3,2,2,3,18
1067912175,0,2,1,0,1,1,0,5
1003009618,3,2,3,1,2,2,1,14
1073174807,3,3,0,3,2,2,0,13
980147188,3,3,3,3,3,2,3,20
944653502,0,2,1,1,1,1,1,7
1074400594,0,2,1,2,3,2,1,11
968292084,2,2,0,1,2,2,0,9
1056781967,3,2,3,3,3,2,3,19
909468426,2,2,1,3,2,2,1,13
1050110534,0,2,2,2,1,2,1,10
1075153371,0,2,1,3,2,1,1,10
1022558602,3,3,0,2,1,2,1,12
1022555098,0,0,0,0,0,0,0,0
1017112378,0,2,0,0,1,1,0,4
1078162185,1,2,2,3,2,2,3,15
1074658057,0,2,2,1,1,1,3,10
822665063,3,3,3,3,2,1,3,18
940110736,0,0,0,0,0,0,0,0
956486617,0,0,0,0,0,0,0,0
992024222,0,1,0,0,0,1,0,2
730710884,1,2,1,3,2,1,1,11
991959501,0,2,3,1,1,1,3,11
954681198,0,2,2,1,1,1,1,8
887248252,0,1,0,1,0,1,1,4
1046219094,2,3,2,3,2,2,3,17
730542032,0,2,1,3,1,1,1,9
566843019,0,2,3,1,1,1,3,11
721528154,0,2,3,1,1,1,3,11
960960926,0,0,0,0,0,0,0,0
1079931684,0,0,0,0,0,0,0,0
1074343737,0,0,0,0,0,0,0,0
968179389,3,3,3,3,2,2,3,19
930485096,0,2,1,1,1,1,3,9
1040589535,2,3,2,1,2,2,1,13
1070916639,0,2,1,3,1,1,1,9
1068787975,0,0,0,0,0,0,0,0
996522646,2,2,2,1,3,2,3,15
995336566,2,2,3,1,2,2,3,15
994669359,3,2,3,1,1,2,3,15
970098294,0,2,1,1,1,1,1,7
1075047569,0,0,0,0,0,0,0,0
1074668628,3,2,3,1,1,2,1,13
1058631446,3,3,3,3,3,2,3,20
922908533,0,2,0,1,1,1,1,6
1060378136,0,2,0,1,1,1,1,6
900970624,0,2,1,0,2,1,0,6
410469311,0,2,2,1,1,1,3,10
943866345,3,3,2,3,2,1,3,17
341409904,0,2,1,1,1,1,1,7
715228936,0,2,0,1,1,1,1,6
1051963199,1,2,2,1,2,2,1,11
1062182524,0,1,0,0,0,1,0,2
716559579,0,2,1,1,1,1,1,7
1060398169,0,2,2,1,1,2,2,10
1016319344,0,2,0,0,0,1,0,3
536745599,3,2,2,1,2,2,3,15
937777675,1,3,2,1,1,2,3,13
101813775,0,0,0,0,0,0,0,0
904954141,3,3,3,3,3,2,1,18
495843755,0,2,2,1,1,1,3,10
997372222,2,2,2,1,1,2,2,12
1012992511,0,1,3,2,1,1,1,9
819892875,3,3,1,2,1,2,1,13
951925541,0,1,0,0,1,1,0,3
946440283,0,2,0,1,1,2,1,7
1050799965,0,1,0,1,1,2,0,5
1047921789,0,0,0,0,0,0,0,0
1020935524,0,0,0,0,0,0,0,0
1028157329,3,3,3,3,2,2,3,19
884793212,0,2,0,1,1,2,2,8
971505835,0,2,1,0,1,1,0,5
620974877,3,2,3,1,2,2,3,16
621840014,1,2,3,1,1,1,3,12
620344833,1,3,3,2,2,2,3,16
582183978,2,2,2,2,2,2,3,15
1030698707,3,2,3,2,3,2,1,16
918341317,0,2,0,0,0,1,0,3
992502233,3,3,3,3,2,1,3,18
889700211,3,2,2,3,2,1,3,16
997178392,0,0,0,0,0,1,0,1
975857456,0,2,1,0,1,1,0,5
958710043,2,2,1,1,1,2,1,10
965275924,0,0,0,0,0,0,0,0
1053394115,0,0,0,0,0,0,0,0
1027264302,0,0,0,0,0,0,0,0
945823205,0,1,0,1,1,2,1,6
808892873,0,2,1,1,1,1,1,7
952951203,0,2,0,0,0,1,0,3
1073904262,0,2,0,1,0,1,1,5
813754645,3,3,2,2,3,2,2,17
1008985652,3,2,3,3,2,2,1,16
1024196985,0,3,0,1,2,1,1,8
320206995,0,2,1,0,1,1,0,5
1006870955,0,0,0,0,0,0,0,0
1020970444,0,2,3,1,1,1,3,11
1019177804,2,2,0,3,2,1,1,11
600792137,0,2,1,1,1,1,1,7
980117883,0,2,2,1,1,1,3,10
980117512,0,2,2,1,1,1,3,10
969328273,2,3,3,1,2,2,3,16
941625045,3,3,2,2,3,2,3,18
368652007,3,2,2,1,2,2,3,15
373238984,3,3,2,2,3,2,3,18
957670324,3,1,2,1,2,2,0,11
975761224,0,1,0,1,1,2,0,5
1004390363,0,1,0,1,1,2,0,5
1042215963,0,2,2,1,2,1,1,9
951222857,0,0,0,0,0,0,0,0
1031403601,0,0,0,0,0,0,0,0
442577509,0,1,0,1,0,2,2,6
959746232,3,2,3,1,2,2,3,16
1064999711,2,1,2,1,1,2,3,12
308611204,0,1,1,0,1,3,0,6
682315946,1,3,0,1,2,2,1,10
847424365,1,2,3,1,2,2,2,13
1017803672,0,2,2,1,2,1,1,9
1072749606,3,3,3,3,2,2,3,19
1065431541,3,3,0,1,2,2,2,13
1035027482,1,2,3,1,1,1,1,10
17100245,0,0,0,0,0,0,0,0
1004991333,0,0,0,0,0,0,0,0
1022821805,0,0,0,0,0,0,0,0
1014511227,0,2,2,2,1,1,1,9
1010431311,1,2,3,2,2,2,3,15
864028412,0,2,1,0,1,1,0,5
1001405725,0,1,0,0,0,1,0,2
984368036,0,2,0,2,0,1,0,5
994927243,0,0,0,0,0,0,0,0
1077126516,0,0,0,0,0,0,0,0
897857291,0,2,2,1,1,2,3,11
1082306317,0,0,0,0,0,0,0,0
925292835,0,1,0,0,1,1,0,3
1077596716,0,1,1,0,1,1,0,4
893733158,3,3,3,3,2,2,3,19
965579021,3,3,2,3,3,2,2,18
962587687,1,2,2,1,2,1,3,12
919940003,0,2,3,2,1,1,3,12
1042972385,1,2,2,1,2,1,3,12
659587798,3,2,3,1,2,2,3,16
595104921,2,2,3,1,2,2,3,15
554599015,1,2,2,1,2,2,1,11
635643523,3,3,2,3,2,2,3,18
596588463,1,2,0,2,2,2,1,10
1018438022,2,2,3,1,3,2,1,14
442583789,1,3,2,1,1,2,1,11
846699241,3,3,2,1,1,2,1,13
1040912511,3,2,3,3,2,2,1,16
1027259153,1,2,3,1,2,1,1,11
1064916712,0,2,1,1,1,1,1,7
1062439627,0,0,0,0,0,0,0,0
1051714367,0,1,2,1,1,2,2,9
1020499393,0,0,0,0,0,0,0,0
1067477721,0,2,0,1,1,1,1,6
195485391,1,3,2,1,3,2,3,15
432176736,3,3,3,3,3,2,3,20
1018461192,0,2,1,2,2,2,1,10
1080324942,0,1,0,1,0,1,0,3
1072077788,0,1,0,0,1,1,0,3
954344204,0,2,2,1,2,2,1,10
1001549033,3,2,1,2,2,1,1,12
10000553,0,0,0,0,0,0,0,0
779697314,3,3,1,2,1,1,1,12
715260091,0,2,2,3,1,1,3,12
166482676,0,0,0,0,0,0,0,0
296878768,2,3,3,3,3,2,1,17
295751561,1,2,2,1,2,1,1,10
295772808,2,2,3,2,3,2,2,16
444965167,1,2,1,1,2,2,1,10
1073681892,1,2,0,0,1,2,0,6
295767827,0,3,2,1,2,2,2,12
296887232,3,3,3,3,3,2,1,18
295028889,2,2,1,3,2,2,1,13
1051693129,1,2,0,1,2,1,1,8
1047699976,3,3,3,3,3,2,3,20
1034660873,3,3,3,3,2,2,3,19
1012390007,0,1,0,0,0,1,0,2
396191774,3,2,2,1,2,2,3,15
791093151,3,3,2,2,2,2,1,15
985924653,0,2,0,1,2,1,1,7
712645552,0,2,1,1,1,1,1,7
716440102,0,0,0,0,0,0,0,0
602818392,2,2,2,1,2,1,3,13
882313175,0,2,1,1,1,1,1,7
825666787,3,3,2,1,2,1,3,15
1071259806,0,2,2,1,1,1,1,8
1055442986,0,3,2,1,1,1,1,9
1001969752,3,2,1,1,2,2,1,12
772213073,1,2,1,3,1,2,1,11
643991074,1,3,2,3,1,2,1,13
920918955,3,2,2,1,2,2,1,13
966125359,0,0,0,0,0,0,0,0
984285795,0,2,2,1,1,1,3,10
1075877417,0,1,0,1,1,2,0,5
1080450275,0,1,0,1,1,2,1,6
1075034903,0,0,0,0,0,0,0,0
791555174,2,2,2,2,2,2,1,13
1076675247,3,3,3,3,2,2,1,17
1075896054,3,3,3,3,2,2,3,19
1050388565,1,2,1,1,2,2,1,10
1024150739,3,2,3,1,1,2,1,13
879447112,3,3,3,3,3,2,3,20
1055749047,0,0,0,0,0,0,0,0
1050628459,0,2,0,0,1,2,0,5
1055090019,0,1,0,1,1,2,0,5
1053564553,0,2,0,0,1,2,0,5
1054721891,0,3,1,1,2,1,1,9
1052528738,0,2,3,1,1,2,1,10
887597854,3,3,1,3,1,1,1,13
1074824089,0,0,0,0,0,0,0,0
1074248843,0,2,3,1,1,2,3,12
1065426452,0,2,0,0,0,1,0,3
1062040997,0,2,1,1,2,1,1,8
1071003691,0,2,1,1,1,1,1,7
1072040396,3,2,2,1,2,2,3,15
923943889,3,3,3,3,2,2,3,19
757660935,3,2,3,3,2,2,3,18
969898058,2,2,2,1,2,2,1,12
802578072,3,3,2,3,2,2,1,16
736531174,3,2,3,3,2,2,3,18
737287415,3,3,3,3,2,2,3,19
25050422,0,0,0,0,0,0,0,0
730328237,3,2,3,3,3,2,3,19
121629468,0,0,0,0,0,0,0,0
1070453372,0,0,0,0,0,0,0,0
431317365,3,3,3,1,2,2,3,17
1056421036,0,2,2,1,1,1,3,10
362253555,3,3,2,3,2,1,3,17
1056755033,0,2,0,1,1,2,1,7
1056411024,0,1,2,1,1,2,1,8
1042923592,0,1,0,0,2,1,0,4
1032149419,0,0,0,0,0,0,0,0
1033502961,0,1,0,0,1,1,0,3
407585893,0,2,2,1,1,1,3,10
516590726,3,3,3,3,3,2,3,20
399402112,0,2,3,1,1,1,3,11
923298701,0,2,2,1,2,1,3,11
829669018,0,2,2,1,1,1,1,8
829715642,0,2,2,1,1,1,1,8
825817742,0,0,0,0,0,0,0,0
798472537,0,2,1,1,1,1,1,7
872929112,3,3,3,2,2,1,3,17
1078624329,2,2,1,1,1,2,2,11
988577158,1,2,2,2,2,2,0,11
652822328,1,2,0,1,1,2,0,7
1048510949,3,3,3,3,3,1,1,17
1042938824,3,3,2,3,2,2,1,16
1018541491,3,2,0,2,2,2,0,11
1034395775,3,3,1,3,2,2,1,15
1004713071,2,3,2,1,2,1,1,12
651347445,2,2,2,1,2,1,1,11
228615322,0,0,0,0,0,0,0,0
444863908,0,0,0,0,0,0,0,0
875790524,0,2,1,2,2,1,1,9
345593656,0,2,1,1,1,1,1,7
642089391,0,2,2,1,1,1,3,10
705289841,0,3,2,1,1,1,1,9
725625316,2,2,2,1,2,1,3,13
435399668,2,2,2,2,1,2,3,14
706958461,0,2,1,1,2,1,1,8
1009781958,3,2,3,3,2,2,3,18
778463345,0,2,2,1,1,2,1,9
977672316,0,0,0,0,0,0,0,0
878748339,0,2,1,1,1,2,1,8
390431363,0,1,0,1,1,2,0,5
992326664,0,1,0,1,1,1,0,4
1005059184,0,2,0,1,1,2,0,6
1049575878,0,1,0,1,1,1,0,4
1024054296,3,2,3,3,2,2,1,16
992547512,3,3,3,3,2,2,3,19
966494633,3,3,3,3,3,2,3,20
993763306,3,3,3,3,2,2,1,17
26850869,0,0,0,0,0,0,0,0
450627402,3,2,2,1,2,1,1,12
1018626685,0,2,1,1,1,1,1,7
1018581306,0,1,1,1,1,2,0,6
1071018008,0,2,0,0,0,1,0,3
1073827046,0,2,0,1,1,1,1,6
685324065,0,2,2,1,1,2,2,10
277494078,3,3,2,3,2,2,3,18
146087623,0,0,0,0,0,0,0,0
409202901,3,2,3,3,2,2,1,16
651379768,0,2,2,1,1,1,3,10
262833415,0,0,0,0,0,0,0,0
211635273,0,0,0,0,0,0,0,0
1008879616,0,2,0,1,1,1,3,8
1059219507,2,2,2,3,2,1,3,15
1074261662,0,1,0,0,1,1,0,3
1067679138,0,0,0,0,0,0,0,0
1068416157,0,0,0,0,0,0,0,0
1046576822,0,1,0,0,0,1,0,2
875425052,3,3,3,3,3,2,3,20
1079452454,0,2,1,0,1,1,0,5
812493482,0,2,2,1,1,2,3,11
571976174,3,2,2,3,2,2,3,17
954772104,2,2,1,1,2,2,2,12
160006766,0,0,0,0,0,0,0,0
183925478,1,3,3,3,2,1,3,16
1005305121,0,2,3,1,1,1,3,11
1073947661,0,2,1,1,1,1,1,7
1059269574,0,0,0,0,0,0,0,0
1067011219,0,0,0,0,0,0,0,0
643317488,0,1,0,1,1,2,0,5
458630758,0,0,0,0,0,0,0,0
583677706,0,1,0,0,1,1,0,3
306125945,0,1,0,0,0,1,0,2
595927746,0,2,2,1,1,1,3,10
608682101,0,2,1,1,1,1,1,7
204933359,0,0,0,0,0,0,0,0
1044409605,3,3,3,1,3,2,3,18
945070304,1,2,1,1,1,2,1,9
939317762,0,2,2,1,1,1,1,8
944623253,0,0,0,0,0,0,0,0
1066756876,0,2,2,1,1,2,3,11
897619003,3,3,3,1,2,2,3,17
1067801044,0,2,2,1,2,1,3,11
1045468701,0,2,1,1,1,1,1,7
958925261,0,2,2,3,1,1,3,12
984383422,0,2,2,3,1,1,3,12
96855302,0,0,0,0,0,0,0,0
977427885,3,3,2,2,2,2,3,17
1038094509,3,2,3,3,2,2,3,18
532788991,3,2,3,2,2,2,0,14
550943586,0,2,1,0,1,1,0,5
582712075,0,2,1,0,1,1,0,5
567402183,1,2,2,2,1,2,3,13
579397341,0,0,0,0,0,0,0,0
748896557,0,2,2,1,1,1,1,8
984591694,0,0,0,0,0,0,0,0
105325768,0,0,0,0,0,0,0,0
944838524,0,2,1,1,2,1,1,8
16574557,0,0,0,0,0,0,0,0
961719502,0,0,0,0,0,0,0,0
1080614717,0,0,0,0,0,0,0,0
1073810841,0,2,0,1,1,2,1,7
118824744,0,0,0,0,0,0,0,0
973787777,0,2,2,1,1,2,3,11
998548665,0,2,2,3,2,1,3,13
1036295582,0,1,2,1,1,1,1,7
1040312458,3,2,2,3,2,2,3,17
950496567,3,2,3,3,2,2,3,18
1037545354,3,3,3,3,2,2,3,19
604693871,3,2,0,1,2,2,1,11
264901571,3,3,3,1,2,2,3,17
631740143,0,3,0,1,2,2,1,9
733161192,3,3,3,3,3,2,3,20
129034122,0,0,0,0,0,0,0,0
95166343,3,3,3,2,3,2,3,19
366205598,3,3,2,3,2,2,3,18
264925745,0,0,0,0,0,0,0,0
471930254,3,3,3,1,2,2,3,17
875355152,0,1,2,1,1,2,1,8
438261125,0,1,0,0,0,1,0,2
892199371,3,2,3,2,3,2,3,18
930564709,0,2,3,1,1,2,3,12
903922062,3,3,3,3,3,2,3,20
1071021213,0,0,0,0,0,0,0,0
1081218722,0,1,0,1,1,2,0,5
1071255352,0,0,0,0,0,0,0,0
711993276,0,2,3,1,2,1,3,12
837569383,3,3,2,3,3,1,3,18
1056449996,3,3,3,3,2,2,3,19
946067223,0,2,1,1,1,1,1,7
1054366761,0,2,0,0,0,1,0,3
1054047855,3,2,2,3,2,2,3,17
1048000349,0,0,0,0,0,0,0,0
1080600241,0,0,0,0,0,0,0,0
473003002,0,2,2,1,1,1,1,8
706669723,0,2,2,1,2,1,1,9
547864843,3,3,2,3,3,2,3,19
973547493,1,2,2,1,2,1,1,10
47002836,0,0,0,0,0,0,0,0
963746578,3,3,3,3,3,2,3,20
943153291,0,2,0,2,1,1,0,6
1043310004,0,0,0,0,0,0,0,0
1017983697,0,1,0,0,1,2,0,4
1016580386,0,0,0,0,0,0,0,0
1012383321,0,2,3,1,2,2,3,13
23492058,0,0,0,0,0,0,0,0
1034136176,0,2,2,1,1,1,3,10
1056795945,0,2,2,2,1,2,3,12
1065985608,0,2,0,1,2,1,1,7
1044429102,0,2,2,2,1,1,3,11
867242526,2,2,2,1,2,2,3,14
1082265372,0,2,0,1,1,2,1,7
1078742327,0,0,0,0,0,0,0,0
1075578506,0,0,0,0,0,0,0,0
1039130703,0,2,1,1,1,2,2,9
1078807491,0,0,0,0,0,0,0,0
1081889294,0,1,2,2,0,1,0,6
1035919171,0,2,0,0,1,1,0,4
1071488096,3,3,3,3,3,1,3,19
1074065835,0,0,0,0,0,0,0,0
1048985644,1,2,2,1,2,1,3,12
1080857164,0,0,0,0,0,0,0,0
1063518074,0,2,2,3,2,1,3,13
1062976817,0,2,0,0,0,1,0,3
1069324502,1,2,2,1,1,2,1,10
1066041103,0,2,1,1,1,1,1,7
935780626,3,3,3,3,2,2,3,19
735404866,0,2,1,1,1,2,1,8
1068053834,0,1,0,0,1,1,0,3
1064012364,0,0,0,0,0,0,0,0
1048752245,3,3,3,3,3,2,3,20
869937941,0,2,1,1,1,1,1,7
586651551,3,3,3,1,3,2,3,18
749460711,3,3,3,3,2,2,1,17
584870978,0,3,1,2,2,1,1,10
381416965,0,2,1,1,2,1,1,8
237401937,0,1,0,0,0,1,0,2
485101763,3,3,2,2,2,2,3,17
782434689,0,1,0,0,1,1,0,3
790875411,3,3,3,3,3,2,3,20
587600498,3,2,3,1,2,2,3,16
545416795,3,3,3,3,2,2,3,19
172225181,0,0,0,0,0,0,0,0
1077525323,0,2,1,0,1,1,0,5
1044309555,3,3,3,3,2,2,3,19
989611461,1,2,0,0,3,2,0,8
1017997795,0,2,1,0,1,1,0,5
1016161503,0,2,1,3,1,1,1,9
1015396356,0,2,1,0,1,1,0,5
997767108,3,3,3,3,2,2,3,19
944217215,3,2,2,3,3,1,3,17
992101926,3,3,3,3,3,2,3,20
963671642,0,2,0,1,1,2,1,7
962428671,0,2,0,1,1,2,1,7
957260948,0,2,0,0,0,1,0,3
950563272,3,2,2,1,2,2,1,13
936126091,3,2,3,2,2,2,1,15
936429672,3,3,2,1,1,2,1,13
935303429,0,2,0,1,1,1,1,6
1077466001,0,2,2,1,1,2,1,9
104023079,0,0,0,0,0,0,0,0
1061712822,0,2,0,1,1,2,1,7
1052237874,0,2,0,1,1,2,1,7
1007355194,0,1,0,1,1,2,0,5
945523871,0,2,1,1,1,1,1,7
1029317833,0,0,0,0,0,0,0,0
1051412736,0,0,0,0,0,0,0,0
869057104,0,2,0,1,2,1,1,7
1018209855,0,2,0,1,1,1,1,6
975532471,0,2,1,1,1,1,1,7
970001463,0,0,0,0,0,0,0,0
1013697915,0,2,2,1,1,1,3,10
200465667,3,2,3,1,1,2,3,15
90537458,3,2,2,3,2,2,3,17
839376396,3,3,3,3,3,2,3,20
845646829,1,3,2,3,2,1,1,13
994730294,3,2,2,3,3,2,3,18
1077329583,0,1,0,1,1,2,1,6
1045515361,0,1,0,0,1,1,0,3
1077627618,0,1,1,1,1,1,1,6
1046778766,0,1,0,1,1,2,1,6
1069890732,0,1,0,1,1,2,0,5
1057326722,0,0,0,0,0,0,0,0
1049363404,0,0,0,0,0,0,0,0
1037792929,1,2,0,1,1,2,0,7
1049846375,1,2,2,1,2,2,3,13
1054451139,0,2,1,3,1,1,1,9
1052224563,3,3,3,3,3,1,3,19
460868307,1,3,2,3,3,1,3,16
912028527,3,3,3,3,3,1,3,19
922293064,3,3,2,3,2,2,1,16
922200188,3,3,2,3,2,2,1,16
1053224763,0,2,0,1,1,2,1,7
1000939711,1,3,3,3,2,1,3,16
1069768995,3,2,1,2,3,1,1,13
888848476,3,3,2,3,3,2,1,17
172387081,0,0,0,0,0,0,0,0
952488737,0,2,2,1,2,1,3,11
1024425451,0,2,2,1,2,1,3,11
1051824696,2,2,0,1,1,2,1,9
1049750323,3,3,2,2,3,1,3,17
995756307,0,1,2,0,1,1,0,5
995219044,0,1,2,1,1,2,2,9
558439621,3,3,3,2,2,2,1,16
835829903,1,2,0,1,1,2,1,8
770500957,0,1,2,1,0,2,2,8
779069975,0,2,2,1,1,2,3,11
1021603861,1,2,0,3,1,2,1,10
978087554,0,2,2,1,1,2,1,9
550320133,0,2,3,1,2,1,1,10
241651753,3,3,3,1,2,2,3,17
364460683,3,3,3,2,2,2,3,18
620125306,3,2,3,1,2,2,3,16
23354824,0,0,0,0,0,0,0,0
302111838,3,3,3,3,2,2,3,19
878355598,3,3,3,3,3,1,3,19
1050128406,3,2,1,2,3,1,1,13
1008205006,0,2,1,1,1,1,1,7
779135829,3,3,3,3,3,1,3,19
957412984,3,3,3,3,3,2,3,20
909366542,0,2,2,1,1,1,3,10
170092455,0,2,1,1,1,1,1,7
1023867254,0,2,1,1,1,1,1,7
1005336062,0,1,0,1,1,2,0,5
956017997,0,2,2,1,1,1,1,8
760488484,0,2,1,1,1,1,1,7
943311181,0,2,1,0,1,1,0,5
941761596,0,2,1,0,1,1,0,5
1079312343,0,1,0,1,1,2,0,5
1058986403,0,2,2,1,1,1,3,10
876002227,0,2,1,1,1,1,1,7
953945416,0,2,2,1,1,1,1,8
946096571,3,2,3,1,1,2,2,14
608627114,0,2,2,1,1,2,1,9
938065472,3,2,3,1,1,2,2,14
904258456,0,0,0,0,0,0,0,0
488012993,0,0,0,0,0,0,0,0
849272308,0,2,0,1,1,2,2,8
930452347,0,2,0,1,1,1,1,6
977051727,0,0,0,0,0,0,0,0
524905192,0,2,3,2,3,2,0,12
524886196,0,2,2,1,1,2,3,11
524619067,0,1,0,2,2,2,2,9
524091422,0,2,0,2,1,1,0,6
1003358791,0,2,1,1,1,1,1,7
971420106,3,3,3,3,2,2,3,19
1003709687,0,2,1,1,1,1,1,7
664982542,0,2,2,1,1,1,3,10
660823648,0,0,0,0,0,0,0,0
1058988304,0,2,0,1,1,1,0,5
1033147219,3,3,3,3,3,2,3,20
983097218,1,2,1,3,2,1,0,10
39783394,0,0,0,0,0,0,0,0
1040889988,0,1,1,1,1,1,1,6
811788913,3,3,3,3,3,2,3,20
1043932338,3,3,3,3,3,2,3,20
1040081736,3,3,3,3,3,2,3,20
994320751,3,3,3,2,3,2,3,19
988744956,3,3,2,3,3,2,3,19
993519895,2,2,2,1,2,2,0,11
995341308,3,2,3,3,2,2,3,18
594371432,3,2,2,2,2,2,3,16
985969455,3,3,2,3,2,2,3,18
323777574,3,3,3,3,2,2,3,19
19715412,0,0,0,0,0,0,0,0
519947049,3,3,3,3,3,2,3,20
511466864,3,3,3,3,3,2,3,20
259348481,3,3,3,3,2,2,3,19
72899504,0,0,0,0,0,0,0,0
437336918,3,3,3,3,2,2,3,19
32294876,0,0,0,0,0,0,0,0
114742859,3,3,3,3,3,2,3,20
508331951,1,2,0,0,1,2,0,6
732433692,3,3,3,3,3,1,3,19
786334384,3,2,3,1,1,2,1,13
707673536,3,2,3,3,2,2,2,17
997141619,0,2,1,1,1,1,1,7
947063746,1,2,0,1,2,2,0,8
922268713,0,0,0,0,0,0,0,0
422632612,2,3,1,3,3,1,1,14
1062919809,0,1,0,1,1,1,1,5
958066357,1,2,1,1,1,2,1,9
937579556,2,3,0,1,3,2,0,11
957547362,0,1,0,2,2,2,0,7
411432427,0,0,0,0,0,0,0,0
497795294,0,3,1,1,1,1,1,8
820234596,0,2,1,1,1,2,2,9
1038104876,0,2,2,1,1,1,1,8
983525449,0,3,2,3,2,1,3,14
964392727,3,2,3,3,3,2,3,19
986906375,0,2,1,1,1,1,1,7
980170004,0,2,0,0,0,1,0,3
976439324,0,2,1,0,1,1,0,5
156086745,0,0,0,0,0,0,0,0
299731457,0,3,0,1,1,2,2,9
1068046698,0,2,1,1,1,1,1,7
1063606484,0,0,0,0,0,0,0,0
1053955265,0,2,2,1,1,1,3,10
1053850608,3,3,2,3,2,2,3,18
956431326,3,3,3,3,2,2,3,19
386362892,0,1,0,1,1,1,1,5
896426618,0,2,2,1,1,1,1,8
919982475,0,2,2,1,1,2,3,11
1049228996,0,2,1,1,1,1,1,7
1043418659,0,0,0,0,0,0,0,0
1056394193,0,0,0,0,0,0,0,0
230309502,0,0,0,0,0,0,0,0
1049595557,3,3,3,3,3,2,3,20
1049146231,0,2,1,1,1,1,1,7
1040259624,0,3,3,1,1,2,3,13
1044093927,3,3,2,2,2,2,3,17
1043051328,3,3,3,3,3,2,3,20
149756429,0,0,0,0,0,0,0,0
568642038,3,3,3,3,2,2,3,19
1079721172,0,2,2,1,1,1,1,8
1026046228,0,2,0,0,1,1,0,4
963481816,0,2,1,1,1,2,0,7
605815272,3,3,3,3,2,2,3,19
636980301,3,3,3,3,3,2,3,20
735325294,2,2,0,1,1,2,0,8
897453151,0,2,1,1,1,1,1,7
846146323,0,1,0,0,1,1,0,3
1051502127,0,0,0,0,0,0,0,0
1049868577,0,3,2,1,2,2,3,13
1049835434,3,2,1,1,2,1,1,11
460727373,0,2,3,1,1,1,3,11
418395523,2,2,2,1,1,2,3,13
494222025,2,2,2,1,1,2,3,13
493978347,2,2,2,1,1,2,3,13
980494671,0,2,2,1,1,2,3,11
1073626941,3,2,3,1,2,2,3,16
979919524,0,2,0,0,2,1,0,5
984740079,2,2,3,1,1,1,3,13
967081221,0,2,0,0,0,1,0,3
1081375472,0,2,1,1,1,1,1,7
983759591,0,2,3,1,1,1,1,9
1080038672,0,0,0,0,0,0,0,0
1061505079,0,2,3,1,1,1,3,11
1051738026,0,2,3,1,1,1,3,11
1050383449,0,2,3,2,1,1,3,12
1062674753,3,3,3,3,2,1,3,18
1071153615,0,2,2,1,1,1,1,8
834016939,0,0,0,0,0,0,0,0
813753873,0,2,3,1,1,1,3,11
997210608,0,2,2,1,1,1,1,8
922789781,0,0,0,0,0,0,0,0
1076382117,0,1,0,0,0,1,0,2
1028575062,0,1,1,1,0,1,1,5
889988825,0,2,2,1,1,2,2,10
1051123095,0,3,3,2,1,1,1,11
397606925,0,2,2,1,1,1,3,10
1018556025,0,2,2,1,1,1,3,10
1030016289,0,2,2,1,1,2,2,10
1063147744,0,2,1,1,1,2,1,8
953455721,0,0,0,0,0,0,0,0
966929362,3,2,2,1,1,1,1,11
736121327,0,2,1,1,1,2,2,9
1029423517,0,1,0,2,1,2,0,6
865545497,0,0,0,0,0,0,0,0
1061963818,0,0,0,0,0,0,0,0
1021151859,0,2,0,1,1,1,1,6
1030919029,3,3,3,1,1,1,1,13
810044914,0,2,1,1,1,1,1,7
1037712843,0,0,0,0,0,0,0,0
1008963345,0,2,1,1,1,1,1,7
880513144,3,2,3,3,2,2,3,18
1004009875,2,2,3,1,1,2,3,14
905008032,0,0,0,0,0,0,0,0
1058958132,0,2,2,1,1,1,1,8
1080629949,0,0,0,0,0,0,0,0
1078234692,0,2,0,0,0,1,0,3
1080088662,0,0,0,0,0,0,0,0
1078836887,0,2,1,2,3,1,0,9
802274316,3,3,2,1,3,2,3,17
1024277235,3,3,3,3,2,1,3,18
414814725,0,1,0,0,0,1,0,2
1034329887,0,1,0,0,0,1,0,2
760720369,0,2,0,3,1,1,1,8
1027219257,2,3,2,3,3,2,3,18
100684792,0,0,0,0,0,0,0,0
1029474897,0,0,0,0,0,0,0,0
865239263,1,2,2,1,1,2,1,10
1026908521,3,3,2,3,2,2,3,18
1022276202,0,2,0,0,1,1,0,4
1025921119,0,2,1,3,2,1,1,10
918305571,3,3,3,3,2,2,3,19
1004458602,0,1,0,0,0,1,0,2
1063701418,0,1,1,2,0,1,0,5
960899856,0,0,0,0,0,0,0,0
1061884927,0,1,0,0,0,1,0,2
1020257023,0,0,0,0,0,0,0,0
612655873,0,2,3,1,2,1,3,12
894390562,0,2,2,1,1,2,3,11
727430335,3,3,3,3,3,1,3,19
1052555494,0,0,0,0,0,0,0,0
1053655013,0,2,1,1,1,1,1,7
942533134,0,2,2,1,1,1,3,10
961159478,0,2,2,1,1,1,1,8
963671971,2,2,2,2,3,2,2,15
1006073714,3,2,3,3,2,2,1,16
1073172745,0,0,0,0,0,0,0,0
1080680879,0,2,2,1,1,1,3,10
1060756546,0,2,0,1,1,2,1,7
1080443532,2,2,2,3,2,1,3,15
1080399113,0,1,0,0,0,1,0,2
1077313933,0,2,0,1,1,1,1,6
817685008,1,3,3,3,2,2,3,17
670943053,3,3,2,3,2,2,1,16
650602281,3,2,3,1,1,2,3,15
1062648226,0,0,0,0,0,0,0,0
947457885,0,1,0,1,1,2,1,6
981380231,3,3,2,2,1,2,3,16
522523133,3,3,3,3,3,2,3,20
383773482,3,3,3,3,2,2,3,19
287070624,1,2,1,1,2,2,2,11
898120914,0,1,2,1,2,3,3,12
1017644343,0,2,2,1,1,1,3,10
1015962348,0,2,1,1,1,1,1,7
103640359,0,0,0,0,0,0,0,0
967835562,3,3,3,3,3,2,3,20
1080489052,0,0,0,0,0,0,0,0
1078509405,0,2,0,1,1,2,1,7
1071251172,0,2,1,1,1,1,1,7
1073940321,0,2,2,1,1,1,1,8
1067053219,3,2,2,2,3,1,3,16
1073585826,0,1,1,1,1,2,1,7
648043131,3,3,3,3,3,1,3,19
1068370232,0,2,2,1,1,1,3,10
1055878728,0,2,1,1,1,1,1,7
1065013062,0,2,2,1,1,1,1,8
622672902,3,3,3,3,3,2,3,20
1071120238,0,3,2,1,1,1,3,11
1070724344,0,2,0,0,2,1,0,5
1050435321,0,3,3,1,1,1,1,10
1064582003,0,3,2,3,1,2,0,11
418087535,3,3,0,2,2,2,1,13
887994849,0,2,2,1,1,1,1,8
548009181,3,3,2,3,2,2,1,16
314593926,3,3,3,3,2,2,2,18
976093486,3,2,2,3,2,1,3,16
620131734,0,2,2,1,1,1,3,10
426912529,1,2,2,1,2,1,3,12
776617593,3,3,2,2,1,1,3,15
743684566,0,0,0,0,0,0,0,0
1034100938,0,2,2,1,1,1,3,10
1025346093,0,2,2,3,2,1,3,13
818681584,0,2,2,1,1,1,3,10
647653991,0,0,0,0,0,0,0,0
945674686,0,3,2,2,2,1,1,11
1058300948,0,1,0,1,1,2,0,5
327438731,3,3,3,3,3,2,3,20
847977992,3,3,3,3,3,2,3,20
960795141,3,3,3,3,2,2,3,19
964130911,3,3,3,3,3,2,3,20
638465452,3,3,3,3,3,2,1,18
875573811,3,2,3,2,2,2,1,15
725789084,3,3,3,3,3,2,3,20
884543325,3,3,2,2,1,1,3,15
575626621,3,3,3,3,3,2,3,20
1063840287,1,1,3,1,2,2,0,10
1081208166,0,0,0,0,0,0,0,0
1049214141,0,2,1,1,1,1,1,7
407397484,3,2,1,2,2,2,1,13
1049878848,3,3,3,3,3,2,1,18
789320218,3,3,2,3,3,2,3,19
1044907724,3,3,3,2,3,2,3,19
1035044382,0,2,2,1,2,1,3,11
1037125161,1,3,2,1,1,2,3,13
1082375867,3,3,2,3,2,2,3,18
1081252994,0,0,0,0,0,0,0,0
860813904,0,2,1,0,1,1,0,5
469533641,3,3,2,3,2,1,1,15
1037956721,0,2,2,1,1,1,3,10
630670444,0,3,2,3,1,1,3,13
854577483,0,3,1,0,1,1,0,6
651137597,0,2,0,1,1,1,1,6
1069198593,0,2,1,3,1,1,1,9
770765222,0,1,0,1,1,2,0,5
1074636823,0,0,0,0,0,0,0,0
1031887023,0,0,0,0,0,0,0,0
71918578,0,3,2,1,1,1,3,11
754644552,0,0,0,0,0,0,0,0
1071470364,0,0,0,0,0,0,0,0
1060332115,2,3,3,2,2,1,3,16
991130193,0,1,1,1,0,1,1,5
906347005,0,1,0,1,1,2,0,5
1067825914,0,2,3,1,1,2,3,12
739771757,0,2,3,1,1,1,3,11
1034351625,2,3,3,3,2,1,3,17
721224423,3,2,3,3,2,1,3,17
940631588,0,2,2,1,1,1,3,10
551291097,0,2,3,1,1,1,3,11
829604539,3,3,2,2,2,1,3,16
838818419,0,3,3,2,2,1,3,14
1027972953,0,0,0,0,0,0,0,0
888629149,0,2,1,3,2,1,1,10
558031598,3,3,3,3,2,2,3,19
1052566744,3,3,3,1,3,2,3,18
1047770959,3,3,3,3,3,2,3,20
360622604,2,3,3,3,2,1,3,17
593527261,0,2,1,1,1,1,1,7
625322527,0,2,2,1,1,1,1,8
622753799,0,2,2,1,2,1,1,9
1000919495,0,2,0,2,1,1,0,6
1000919991,0,2,0,2,1,1,0,6
105121446,0,0,0,0,0,0,0,0
1034287142,0,2,2,1,1,2,3,11
1041857335,3,3,3,3,3,2,3,20
1040048209,0,1,0,0,1,1,0,3
1036942812,2,1,0,1,0,2,2,8
761839955,0,2,0,0,1,1,0,4
1065828187,0,1,0,0,1,2,0,4
479023615,0,2,2,1,1,2,1,9
1076574771,3,3,3,3,3,2,3,20
487515032,3,3,3,2,2,2,3,18
488324082,3,3,0,3,1,2,2,14
538531287,3,3,3,3,3,2,3,20
596028256,3,3,3,2,3,2,1,17
986834188,0,2,2,1,1,1,3,10
1023392751,0,2,0,1,1,1,1,6
698041964,3,2,3,3,2,2,3,18
513645177,0,2,1,1,1,1,1,7
945647408,0,2,1,1,1,1,1,7
1023104315,3,3,3,3,2,2,3,19
1023620468,0,2,0,0,0,1,0,3
777671351,0,2,1,1,1,1,1,7
780772365,0,2,0,0,0,1,0,3
525020703,0,2,0,1,1,1,1,6
962689414,3,3,2,2,1,1,3,15
699372219,1,3,2,3,2,2,3,16
1009403709,3,3,1,1,1,2,1,12
1004779497,0,0,0,0,0,0,0,0
859004523,0,2,2,3,1,1,3,12
88075268,0,0,0,0,0,0,0,0
572306813,0,2,0,1,1,1,1,6
767787478,0,2,1,1,1,1,1,7
398758264,3,3,3,3,3,2,3,20
907125033,0,2,0,2,2,2,0,8
433036784,3,3,3,3,2,2,3,19
1042503125,3,3,3,3,2,2,3,19
1047064055,2,2,1,3,2,1,1,12
203384014,0,0,0,0,0,0,0,0
468225619,1,2,1,3,2,2,2,13
288971004,3,3,3,3,2,2,3,19
294576828,3,3,3,3,2,2,3,19
853998742,3,2,2,1,2,2,3,15
1009500044,3,2,3,3,2,2,3,18
1050500607,3,3,3,3,3,2,3,20
104753683,0,0,0,0,0,0,0,0
1031978709,3,3,3,3,3,2,2,19
1080978447,0,2,1,0,1,1,0,5
562524599,0,0,0,0,0,0,0,0
963774151,0,2,0,1,1,2,2,8
908854947,3,2,0,1,1,2,1,10
720059962,0,2,1,1,1,2,0,7
888894805,1,2,3,1,2,1,3,13
1028778744,0,0,0,0,0,0,0,0
743285989,1,3,2,3,2,1,1,13
557173933,3,3,3,3,3,2,3,20
1019871251,0,2,1,2,1,2,1,9
1011154087,0,0,0,0,0,0,0,0
1016726841,2,2,2,1,1,2,1,11
1007659861,3,3,3,1,3,2,2,17
718871302,3,3,3,3,3,1,3,19
783541218,1,2,2,1,1,2,0,9
857740061,3,3,3,3,3,1,3,19
479161187,0,1,1,0,1,1,0,4
895333626,0,2,2,1,1,1,1,8
880257523,0,2,1,1,1,1,1,7
642592022,0,1,0,1,0,2,0,4
519674425,0,2,0,1,1,1,1,6
808361832,0,2,1,0,1,1,0,5
531860505,0,2,2,1,1,1,1,8
784353744,3,3,3,3,2,2,3,19
289192277,2,2,3,2,2,1,0,12
955564079,2,2,2,1,2,1,3,13
887490506,0,1,2,1,1,1,1,7
1083064324,0,2,2,1,1,1,1,8
1079791898,0,1,1,0,1,1,0,4
302049667,0,0,0,0,1,0,0,1
725184661,3,3,3,3,3,1,3,19
932664811,3,3,3,3,3,2,3,20
832033632,3,3,3,3,3,2,1,18
833725386,1,2,0,1,2,2,2,10
660884679,1,2,2,1,2,2,1,11
1045194905,0,2,0,0,0,1,0,3
108051805,0,0,0,0,0,0,0,0
990220939,0,2,2,1,1,1,1,8
1039161786,0,1,0,1,1,2,0,5
846191999,0,1,0,1,1,2,2,7
1017831267,0,0,0,0,0,0,0,0
1068323972,3,2,3,0,1,2,0,11
934253602,1,2,0,1,2,1,1,8
1059217396,3,3,3,3,3,2,3,20
1066027196,0,2,2,1,1,1,1,8
1062044984,0,0,0,0,0,0,0,0
894145641,0,0,0,0,0,0,0,0
1062533222,0,0,0,0,0,0,0,0
1045840451,0,2,1,1,1,1,1,7
1056880414,0,0,0,0,0,0,0,0
1004935192,3,3,3,3,2,1,1,16
804660696,3,3,2,3,3,2,3,19
1071061812,0,3,3,1,1,1,1,10
1071141187,0,2,2,1,1,1,1,8
1068663685,0,2,2,1,1,1,1,8
1046677718,0,2,2,1,1,1,1,8
1049109968,0,2,1,1,1,1,1,7
886192701,3,3,2,1,2,1,3,15
848036191,0,2,2,1,1,1,1,8
1066488144,0,2,0,0,0,1,0,3
999544686,2,2,0,1,1,2,2,10
226126428,2,2,2,1,2,2,3,14
981697048,0,1,3,1,1,2,3,11
981777925,0,1,3,1,1,2,3,11
973984621,0,1,2,1,1,1,3,9
974053926,0,2,2,1,1,1,3,10
970093438,2,2,2,3,1,2,3,15
970093683,2,2,2,3,1,2,3,15
850775918,0,2,2,1,1,1,1,8
1022760117,0,0,0,0,0,0,0,0
989001259,0,1,0,0,0,1,0,2
894103887,3,3,2,2,1,1,3,15
1058609398,0,0,0,0,0,0,0,0
1054792002,0,2,0,1,1,1,1,6
1050159645,0,2,2,1,2,1,3,11
1030770428,0,2,2,1,1,1,3,10
1049087416,0,2,1,1,1,1,1,7
871928227,3,3,1,2,1,1,1,12
625940004,0,2,2,1,1,1,3,10
1047853698,0,2,2,1,1,1,1,8
1071594261,0,2,0,0,0,1,0,3
1059155478,0,2,2,1,1,1,1,8
1030650854,0,2,0,1,1,2,2,8
1022842296,0,2,0,1,1,2,0,6
989023641,1,2,1,2,1,2,1,10
1020782684,0,1,0,1,1,2,1,6
1018478981,0,2,1,1,1,2,1,8
1018129623,0,2,1,2,1,2,1,9
985207409,1,3,1,3,1,2,1,12
1017268063,3,3,3,3,3,2,3,20
942572613,0,2,1,1,1,2,0,7
1006110683,0,2,0,1,1,2,0,6
1012448101,0,2,0,1,1,2,1,7
907961211,1,2,2,1,1,2,3,12
930869689,0,0,0,0,0,0,0,0
1004305809,3,2,3,1,2,2,1,14
498693422,0,1,0,0,1,1,0,3
1038338382,1,2,3,1,2,1,1,11
1018754364,3,3,3,3,2,2,2,18
946800412,0,2,0,1,1,2,1,7
1080779148,0,0,0,0,0,0,0,0
1080974983,0,0,0,0,0,0,0,0
680948488,0,2,1,1,1,1,1,7
1068153801,0,2,1,1,1,1,1,7
996781498,0,2,0,0,1,1,0,4
494321585,0,2,0,0,1,1,0,4
958345996,1,2,2,3,2,3,1,14
961212845,3,2,2,1,2,3,3,16
821070303,0,2,1,1,1,1,0,6
611319974,0,2,0,2,2,1,0,7
838296361,0,2,1,0,1,1,0,5
95307236,0,0,0,0,0,0,0,0
877835508,0,0,0,0,0,0,0,0
1052153099,0,0,0,0,0,0,0,0
908956906,0,2,0,0,0,1,0,3
1064890867,0,3,0,1,2,2,0,8
435976036,0,2,1,1,1,1,1,7
67591748,0,0,0,0,0,0,0,0
68324248,0,0,0,0,0,0,0,0
14122566,0,0,0,0,0,0,0,0
515461553,0,0,0,0,0,0,0,0
101283213,0,0,0,0,0,0,0,0
23971014,0,0,0,0,0,0,0,0
21945212,0,0,0,0,0,0,0,0
424369699,1,2,1,1,1,1,1,8
475461128,0,2,2,2,3,1,3,13
360723154,0,2,1,3,1,1,1,9
1052569075,0,1,1,1,1,1,1,6
723536047,0,2,2,1,2,1,1,9
96920643,0,0,0,0,0,0,0,0
954237034,0,1,1,1,1,1,1,6
824165629,3,2,2,1,2,1,3,14
936142858,0,1,1,1,1,1,1,6
1049856047,0,1,1,1,1,1,1,6
1048418643,0,2,0,0,1,1,0,4
582260513,0,0,0,0,0,0,0,0
913693876,0,0,0,0,0,0,0,0
1016265711,3,3,3,3,3,2,3,20
958202199,3,2,3,2,2,2,3,17
958293958,3,3,3,1,3,2,3,18
1031822866,3,3,3,3,3,2,3,20
349573519,3,3,3,3,3,2,3,20
859726152,3,2,2,3,2,2,3,17
549266285,3,2,2,3,2,2,3,17
1048298935,0,0,0,0,0,0,0,0
1077664018,0,1,1,0,1,1,0,4
1074832172,0,1,0,0,1,1,0,3
1067530195,2,2,1,1,1,1,1,9
1017285879,3,3,3,3,2,2,3,19
985015547,0,1,0,0,0,1,0,2
919172513,0,2,1,1,1,1,1,7
1062089363,0,1,0,0,1,1,0,3
1059252476,0,0,0,0,0,0,0,0
907720219,3,3,3,2,2,2,3,18
971450271,0,2,1,1,1,1,1,7
944744441,0,1,0,0,1,1,0,3
776312438,3,3,3,3,3,2,3,20
1004164985,1,2,2,2,2,2,3,14
566880259,0,0,0,0,0,0,0,0
835713229,3,3,3,2,2,2,3,18
1081095938,0,1,0,1,1,2,0,5
1077578163,0,0,0,0,0,0,0,0
1074297412,3,2,3,3,2,2,3,18
96931515,0,0,0,0,0,0,0,0
151442525,0,0,0,0,0,0,0,0
240262428,0,0,0,0,0,0,0,0
134590847,0,0,0,0,0,0,0,0
144553576,3,3,3,3,3,3,3,21
170066748,3,3,3,1,2,2,3,17
924831375,3,2,3,3,3,2,3,19
892085452,0,1,0,1,1,2,0,5
902399095,3,3,2,3,3,2,3,19
988336701,0,1,0,1,1,2,0,5
972353805,0,1,0,0,1,1,0,3
1035710592,0,2,0,1,1,2,1,7
1013796603,0,2,0,1,1,2,1,7
1006100542,3,2,3,1,1,2,1,13
1004918111,3,2,3,1,1,2,1,13
1005045188,0,0,0,0,0,0,0,0
890222916,1,2,2,3,2,1,3,14
1009377764,0,1,0,0,1,2,0,4
967121316,3,3,2,2,3,2,1,16
774037607,0,1,0,1,1,2,1,6
308188728,0,2,2,1,1,1,3,10
983029732,3,2,2,1,1,2,1,12
989736541,0,0,0,0,0,0,0,0
830973144,0,2,0,1,0,1,1,5
1021111146,0,0,0,0,0,0,0,0
996355627,0,1,0,1,1,1,1,5
1080877215,2,3,1,3,1,1,0,11
938390661,0,1,1,0,2,2,0,6
1050505646,0,2,2,1,1,1,3,10
1028825608,1,3,2,3,2,1,3,15
1003840434,0,0,0,0,0,0,0,0
832771509,3,2,1,1,2,2,2,13
1044502435,0,0,0,0,0,0,0,0
743134845,3,3,2,3,3,2,1,17
1038304344,0,1,0,1,1,2,1,6
662690925,0,1,0,1,1,2,1,6
971984024,2,2,0,1,1,2,1,9
381998163,3,3,3,3,2,2,3,19
378465033,3,3,2,3,2,2,1,16
1074235178,0,2,3,1,2,1,3,12
901822104,0,2,1,1,1,1,0,6
1013796059,0,2,1,1,1,1,1,7
1047310866,0,0,0,0,0,0,0,0
998069157,0,2,1,1,1,1,1,7
889453175,0,2,2,1,1,2,3,11
1066319622,0,0,0,0,0,0,0,0
780520134,2,2,2,1,1,1,3,12
912451462,0,2,0,0,1,1,0,4
601652866,3,2,3,3,2,2,3,18
1046876898,0,2,2,2,1,1,3,11
1047759513,0,0,0,0,0,0,0,0
43247026,0,0,0,0,0,0,0,0
14600176,0,0,0,0,0,0,0,0
1045431288,0,3,2,2,1,1,1,10
1039175939,3,3,0,2,1,2,1,12
1061808161,0,2,1,1,1,1,1,7
1040625565,0,0,0,0,0,0,0,0
578951501,0,2,2,1,1,2,1,9
854340385,3,3,3,2,2,2,3,18
1008700423,0,2,2,1,1,1,3,10
1082744756,0,2,0,1,0,1,1,5
386021768,3,2,2,2,2,2,3,16
1082126855,0,1,0,1,1,2,2,7
1081077202,0,1,0,1,1,1,1,5
1079534689,3,3,2,1,1,2,1,13
1078955841,0,2,2,0,0,1,0,5
1078937157,0,2,1,1,1,1,1,7
1077801537,0,2,0,0,1,1,0,4
519999724,0,2,0,0,1,1,0,4
801193572,0,2,1,2,1,1,0,7
106247816,0,0,0,0,0,0,0,0
1076287851,1,2,0,0,2,1,0,6
1076286434,1,2,0,1,2,2,1,9
1076291587,1,2,0,1,2,2,1,9
1006854797,0,0,0,0,0,0,0,0
1018342062,0,1,0,0,0,1,0,2
984400299,0,1,1,1,1,1,1,6
1020306208,0,0,0,0,0,0,0,0
760701231,3,2,3,2,2,2,3,17
1011604519,0,0,0,0,0,0,0,0
1004371407,1,3,1,3,1,2,1,12
111895447,3,3,3,3,3,2,3,20
1078969727,0,2,1,3,1,1,1,9
1074262113,0,0,0,0,0,0,0,0
874731955,1,3,2,2,2,2,0,12
993359211,0,2,3,2,1,2,3,13
763075793,0,2,0,1,1,2,0,6
1019961189,0,0,0,0,0,0,0,0
407909611,3,3,1,2,2,2,1,14
988602764,3,3,2,3,2,2,3,18
798558275,0,0,0,0,0,0,0,0
960756118,1,2,0,1,1,2,0,7
19382329,0,0,0,0,0,0,0,0
90379353,0,0,0,0,0,0,0,0
797711527,3,2,3,2,2,2,1,15
892536881,0,0,0,0,0,0,0,0
1050105655,0,1,0,1,1,2,0,5
345476254,3,3,3,3,3,2,1,18
1053191247,0,2,0,1,1,1,1,6
944947988,0,1,0,1,1,1,1,5
1004963648,0,1,1,0,1,1,0,4
723755658,0,2,1,1,1,1,1,7
753400503,0,2,2,1,1,1,3,10
656118291,0,1,0,1,1,1,1,5
973791884,2,3,2,1,3,2,1,14
986065131,1,1,2,1,3,1,1,10
944407853,1,2,3,3,2,2,1,14
945062913,1,2,3,3,2,2,1,14
170756601,0,0,0,0,0,0,0,0
1067621406,0,2,0,0,0,1,0,3
964381741,3,3,3,3,3,2,3,20
1016506496,0,0,0,0,0,0,0,0
928875465,0,2,2,1,1,1,1,8
831101688,0,0,0,0,0,0,0,0
675274236,2,2,2,3,2,1,3,15
244517402,0,0,0,0,0,0,0,0
965937145,0,2,2,3,1,1,3,12
894674596,0,0,0,0,0,0,0,0
744746339,1,2,0,3,2,1,0,9
456020283,1,3,2,1,2,1,3,13
837461354,0,1,0,1,0,2,0,4
1031954163,0,2,1,0,1,1,0,5
882644462,1,2,2,1,3,2,3,14
327420509,0,2,3,1,0,1,3,10
567303806,0,2,2,1,1,1,3,10
566786858,0,2,2,1,1,1,3,10
1024973356,0,2,1,1,1,1,1,7
838513827,1,2,1,3,1,2,1,11
751281912,0,0,0,0,0,0,0,0
976271745,2,1,0,1,1,2,2,9
686445394,0,2,0,0,0,1,0,3
117698811,0,0,0,0,0,0,0,0
929437335,0,1,0,2,1,2,0,6
781049358,0,1,2,1,1,2,2,9
178216563,0,0,0,0,0,0,0,0
1000747409,0,2,2,3,3,1,3,14
983801326,0,2,0,0,0,1,0,3
215681125,0,0,0,0,0,0,0,0
996775058,0,1,2,1,1,2,3,10
964743809,1,2,1,1,1,2,1,9
1062621924,0,2,0,1,1,2,1,7
1061732916,0,2,1,1,1,1,1,7
1024273246,0,2,3,1,1,2,3,12
1058503546,0,1,0,1,1,2,0,5
1030025349,0,2,0,2,2,1,1,8
1054594644,0,2,3,1,1,1,3,11
959127142,0,2,2,1,1,1,3,10
670219433,0,2,1,1,1,1,0,6
902980567,0,1,0,1,1,2,0,5
297256882,3,3,3,3,3,2,3,20
1035332063,0,2,0,1,1,2,1,7
933533233,0,1,0,1,1,1,1,5
926210919,0,1,0,0,1,1,0,3
999062702,0,1,0,1,1,1,0,4
1000966849,0,0,0,0,0,0,0,0
1012150905,0,1,0,0,1,0,0,2
599345821,0,2,2,1,1,1,3,10
600791445,1,2,2,1,1,1,1,9
349645475,0,2,1,1,1,1,1,7
347980631,2,2,1,1,2,2,3,13
907665674,0,2,0,1,1,1,1,6
891077279,0,0,0,0,0,0,0,0
880918556,0,2,1,1,1,1,1,7
897828169,0,3,1,1,2,2,0,9
888452056,1,2,3,3,3,1,3,16
885471073,0,2,1,1,1,2,0,7
1054850391,0,2,1,1,1,1,1,7
1040722306,0,2,2,1,1,2,2,10
947597934,0,2,0,0,1,1,0,4
1038091502,0,0,0,0,0,0,0,0
1080478692,0,2,0,1,1,2,0,6
1070323888,2,2,2,3,2,2,1,14
665761775,0,2,3,3,2,1,1,12
1006274785,3,3,2,2,3,2,2,17
1001257031,2,2,2,1,2,2,3,14
953703399,3,2,3,3,3,1,0,15
964151919,1,3,3,1,2,1,1,12
1033806212,0,1,0,0,0,1,0,2
1024057602,0,1,0,0,0,1,0,2
883208099,0,2,1,1,1,1,1,7
63266236,0,0,0,0,0,0,0,0
254081473,0,0,0,0,0,0,0,0
648442882,3,3,3,3,3,2,3,20
701023054,3,3,3,3,3,2,3,20
704203722,3,3,3,3,3,2,3,20
655347026,3,3,3,3,3,2,3,20
647518168,3,3,3,3,3,2,3,20
701725984,3,3,3,3,3,2,3,20
727834351,3,3,3,3,3,2,3,20
982496485,3,3,3,2,3,2,3,19
606596069,3,2,2,3,2,2,1,15
21921915,0,0,0,0,0,0,0,0
88496023,0,0,0,0,0,0,0,0
1030444977,0,2,0,1,1,1,1,6
897249063,3,3,3,3,3,2,3,20
702254132,3,3,3,3,3,2,3,20
858440879,3,3,3,3,3,2,3,20
945005326,3,3,3,3,3,2,3,20
11504999,3,3,3,3,3,2,3,20
812567409,3,2,3,2,2,2,3,17
564795007,0,2,0,1,1,1,1,6
299334201,0,1,0,0,1,1,0,3
513008184,3,2,3,1,2,2,1,14
23805528,0,0,0,0,0,0,0,0
459631207,3,3,3,3,3,2,3,20
979444799,3,3,2,3,3,2,3,19
537278837,3,2,2,1,2,2,3,15
593809616,1,2,3,1,1,2,3,13
61878872,0,0,0,0,0,0,0,0
215259025,0,0,0,0,0,0,0,0
764064362,3,3,3,1,2,2,2,16
996997232,2,1,1,1,2,2,0,9
1016554616,0,2,1,3,2,1,1,10
718960073,0,1,0,0,3,2,0,6
462917127,3,3,2,3,2,2,3,18
216781768,3,3,3,3,3,2,3,20
1033273562,0,2,0,1,1,1,1,6
1017270976,3,3,3,3,2,2,3,19
218461965,0,0,0,0,0,0,0,0
151439101,0,0,0,0,0,0,0,0
151438624,0,0,0,0,0,0,0,0
927587711,0,1,1,1,0,1,1,5
961106171,3,3,3,1,2,2,3,17
851663637,1,2,2,1,2,2,1,11
992063154,3,3,3,1,2,2,3,17
1022883446,0,2,2,1,2,1,3,11
427292209,0,2,0,0,0,1,0,3
1058965014,0,0,0,0,0,0,0,0
1066128574,0,2,3,1,2,1,1,10
1032798629,0,2,0,1,1,1,1,6
993185163,0,2,0,0,0,1,0,3
105445588,0,0,0,0,0,0,0,0
940093625,0,3,3,3,2,1,3,15
771819772,0,3,3,1,2,1,3,13
794656995,0,2,3,1,1,1,3,11
753294421,0,3,2,3,2,1,3,14
818220168,0,1,0,1,1,2,0,5
1021765335,0,2,3,1,1,1,3,11
1051234933,0,2,3,3,2,1,3,14
736539965,2,2,3,2,2,1,3,15
438742415,0,2,2,3,1,2,3,13
1036379387,2,3,2,3,2,1,3,16
1036576816,0,2,1,1,1,2,2,9
1039590911,0,2,0,1,1,2,0,6
1063474677,3,3,3,3,3,2,1,18
107294228,0,0,0,0,0,0,0,0
1071299205,0,2,0,1,1,1,1,6
917866784,0,2,1,1,1,1,1,7
1052260084,0,2,0,1,1,2,1,7
905716688,0,1,0,0,1,1,0,3
1024276522,3,2,3,3,2,2,3,18
1025510758,0,1,0,1,1,2,1,6
817537489,3,2,2,3,2,1,0,13
1018305438,0,2,2,1,1,1,1,8
1018014202,0,2,1,0,1,1,0,5
956984337,1,2,2,1,1,2,1,10
818019046,0,0,0,0,0,0,0,0
964732417,3,3,3,3,3,1,1,17
980752607,0,2,0,1,1,1,1,6
1054626865,0,2,2,1,1,1,3,10
1046635719,2,2,2,1,1,2,3,13
984092518,0,2,3,2,2,2,3,14
1037198905,3,3,3,3,2,2,2,18
420432214,0,2,2,1,1,2,2,10
854362389,0,2,1,1,1,1,1,7
116137203,0,0,0,0,0,0,0,0
270863387,0,0,0,0,0,0,0,0
383326819,0,2,2,1,1,1,3,10
315929241,3,2,3,3,2,1,3,17
545257807,0,2,2,1,1,1,1,8
155616733,0,0,0,0,0,0,0,0
118457534,0,0,0,0,0,0,0,0
1055436888,2,2,3,3,2,1,3,16
1079873416,3,3,3,2,1,2,3,17
1061524987,0,1,0,1,1,2,1,6
1058928545,3,3,3,2,2,2,3,18
761599523,0,0,0,0,0,0,0,0
1058442486,0,0,0,0,0,0,0,0
1081389833,0,0,0,0,0,0,0,0
1080671215,0,1,0,0,0,1,0,2
104601131,0,0,0,0,0,0,0,0
1071924803,0,0,0,0,0,0,0,0
1080795985,0,2,2,1,1,2,0,8
953691626,3,3,3,3,3,2,3,20
1080674327,0,1,0,1,1,1,1,5
1078778897,0,0,0,0,0,0,0,0
1030421329,0,2,2,1,1,1,3,10
930622224,0,2,2,1,1,1,3,10
1020202856,0,3,2,1,1,1,3,11
1031614806,0,2,0,1,1,1,1,6
932425005,0,0,0,0,0,0,0,0
509381713,0,2,3,2,2,1,3,13
383713535,3,3,3,3,3,2,3,20
187385393,3,3,3,3,3,2,3,20
303926399,3,3,3,3,2,2,3,19
930520628,0,2,0,0,0,1,0,3
209070554,3,3,3,3,2,2,3,19
388371198,3,3,3,1,3,2,3,18
265327349,3,3,3,3,3,2,3,20
10148531,0,0,0,0,0,0,0,0
337277556,3,2,2,3,3,2,3,18
881670882,3,3,3,3,3,1,3,19
1030538898,0,0,0,0,0,0,0,0
985418113,1,2,2,1,2,2,1,11
1032606605,0,2,0,1,2,2,0,7
996723402,0,1,1,0,1,1,0,4
995190877,3,2,3,1,2,2,1,14
1011462779,0,3,1,2,1,1,1,9
393301214,3,3,2,3,2,2,3,18
977718102,0,0,0,0,0,0,0,0
209069597,0,0,0,0,0,0,0,0
523396144,3,3,3,3,2,2,1,17
944609913,3,3,3,3,3,2,2,19
1054001176,0,2,1,1,1,1,1,7
908006363,1,3,1,1,1,1,1,9
907341801,3,3,3,3,2,2,3,19
874766143,3,3,2,3,2,2,2,17
941678575,0,2,1,3,2,1,1,10
1040730889,0,2,2,1,1,2,1,9
1045460692,3,3,2,3,2,2,0,15
979181524,0,1,0,1,1,1,0,4
930647003,0,2,0,0,0,1,0,3
1070266815,0,0,0,0,0,0,0,0
688924024,3,3,3,2,2,1,3,17
1074357514,0,2,2,1,1,2,3,11
673170995,3,3,3,3,3,2,3,20
678490035,2,2,2,3,2,2,1,14
698765864,3,3,2,2,3,2,3,18
699341816,3,2,3,1,2,2,3,16
950312748,0,2,0,0,0,1,0,3
1049224234,3,3,3,3,3,2,3,20
1033282644,0,1,0,0,1,1,0,3
1059199456,0,2,1,1,1,1,1,7
1041909872,0,2,0,1,2,1,1,7
1022948745,0,1,3,1,1,2,3,11
554286713,2,2,2,3,2,1,3,15
107065327,0,0,0,0,0,0,0,0
1077345314,1,2,2,1,2,2,3,13
451608216,0,2,0,1,1,1,1,6
1047938999,0,2,0,1,1,1,1,6
850219374,0,2,0,1,2,1,1,7
529822962,0,2,1,1,1,1,1,7
850466085,0,2,0,1,2,1,1,7
882150581,0,2,1,1,1,1,1,7
420889793,1,2,3,1,1,2,3,13
420119372,0,1,1,1,1,1,1,6
480611963,0,2,0,1,1,2,2,8
1067717471,0,1,0,1,1,2,2,7
545196927,3,2,3,1,2,2,3,16
1070274329,3,2,2,1,2,1,1,12
1076950138,0,2,0,0,1,1,0,4
674756347,3,3,3,3,3,1,3,19
441937877,0,2,0,0,1,1,0,4
1038165309,0,2,2,3,1,1,1,10
1054675283,3,3,3,3,3,2,3,20
992595375,0,0,0,0,0,0,0,0
1010345225,0,1,0,1,1,1,1,5
1008626262,0,0,0,0,0,0,0,0
1042157801,0,1,0,1,1,2,2,7
102176247,0,0,0,0,0,0,0,0
1018802169,3,3,3,3,2,2,1,17
1052512445,0,2,1,1,1,1,1,7
1059054533,0,0,0,0,0,0,0,0
1055015857,0,2,1,1,1,1,1,7
1054020431,0,2,1,1,1,1,1,7
1077482524,0,1,2,1,1,1,1,7
1064778945,0,2,2,1,1,1,3,10
944559446,0,1,0,1,1,2,0,5
1042277976,3,2,2,2,2,2,1,14
1039191658,0,2,3,1,1,1,1,9
788447676,0,2,3,1,1,1,3,11
205049008,0,0,0,0,0,0,0,0
572247738,3,2,3,3,2,2,1,16
396167669,0,2,1,1,1,1,1,7
489686087,0,2,0,1,1,1,1,6
503135628,1,2,2,1,1,1,1,9
569718503,0,2,0,1,1,1,1,6
656373295,0,2,2,1,1,2,3,11
880358667,0,2,1,2,2,1,1,9
1009720348,3,2,2,3,2,2,1,15
796913837,0,1,0,1,1,2,0,5
1022389622,2,2,0,0,1,2,0,7
742860117,2,2,2,3,1,2,3,15
1075063631,0,3,3,2,1,1,3,13
948718727,0,2,0,1,1,2,0,6
1046753037,0,0,0,0,0,0,0,0
1037701809,0,0,0,0,0,0,0,0
505021183,0,2,1,1,1,1,0,6
492030173,0,2,2,1,2,1,3,11
1074217669,0,2,1,0,1,0,0,4
1038190721,0,2,1,1,1,1,1,7
1067253513,3,2,3,3,2,2,1,16
1076889646,0,0,0,0,0,0,0,0
318661645,0,1,0,1,1,2,0,5
1079889667,0,1,0,1,2,1,1,6
1080409121,0,0,0,0,0,0,0,0
421602062,0,2,1,1,1,1,1,7
950773021,3,3,3,3,2,2,3,19
174091991,0,0,0,0,0,0,0,0
572277669,0,2,2,1,1,1,3,10
996778031,0,2,0,1,1,1,1,6
148283611,0,0,0,0,0,0,0,0
158207975,0,0,0,0,0,0,0,0
343323109,1,2,2,1,1,1,3,11
957814693,0,1,2,1,1,2,3,10
941991613,0,2,3,2,2,1,3,13
850297641,0,2,3,3,1,1,3,13
964153869,2,2,0,2,3,2,1,12
1035779618,0,0,0,0,0,0,0,0
378352442,0,2,1,1,1,2,1,8
378767069,3,2,3,1,1,2,1,13
392664535,2,3,1,3,2,2,1,14
715932863,1,2,2,1,2,2,1,11
638478547,3,3,3,3,3,2,3,20
937716448,3,2,2,3,2,2,3,17
708261761,3,2,2,3,3,2,1,16
1068033929,0,2,1,0,1,1,0,5
1067827476,0,2,2,1,1,1,1,8
1067660438,1,3,2,3,2,1,3,15
1066451614,3,3,2,2,2,1,3,16
936456971,3,3,2,2,2,2,2,16
936938904,3,3,1,3,2,2,2,16
988664009,0,2,2,1,1,1,1,8
790216193,0,0,0,0,0,0,0,0
996048928,0,2,0,0,0,1,0,3
1048640604,0,2,0,1,1,1,1,6
1049367132,0,1,0,1,1,2,1,6
1042536537,0,3,2,1,1,1,1,9
897799606,0,2,1,1,1,1,1,7
909823873,0,0,0,0,0,0,0,0
935074949,0,0,0,0,0,0,0,0
927262473,0,1,1,1,1,1,1,6
1053157409,0,2,2,2,1,2,1,10
1052482007,1,2,2,1,2,1,1,10
664870925,0,2,0,0,0,1,0,3
50032604,0,0,0,0,0,0,0,0
404570825,3,2,3,3,3,2,3,19
796930751,0,1,0,0,0,1,0,2
880308691,3,3,3,3,3,2,3,20
919192749,0,2,2,1,1,2,0,8
252451537,3,3,2,1,2,2,3,16
1062902306,0,0,0,0,0,0,0,0
1051469994,0,3,2,2,1,1,1,10
1013812687,0,1,2,1,1,2,2,9
304798472,0,2,0,0,0,1,0,3
598478579,0,2,1,1,1,2,1,8
1032882137,0,2,2,1,1,1,3,10
883811024,0,1,0,1,1,2,0,5
956471314,0,1,2,1,1,2,2,9
794299858,0,1,2,2,1,2,0,8
908107939,0,0,0,0,0,0,0,0
448614837,1,2,1,2,1,1,0,8
1076535291,0,2,0,0,0,1,0,3
885822516,0,1,0,1,1,2,0,5
1036493947,3,3,3,3,3,1,3,19
98968207,0,0,0,0,0,0,0,0
930132765,0,2,0,1,1,2,1,7
949723838,0,2,0,1,1,2,2,8
966272942,0,2,0,1,1,2,1,7
1059800344,0,1,0,0,1,0,0,2
991956923,0,2,1,1,1,1,1,7
843494294,0,1,0,0,0,1,0,2
849615773,0,0,0,0,0,0,0,0
594621823,0,2,0,0,0,1,0,3
1074494582,0,1,0,0,2,1,0,4
1009582405,0,1,0,1,1,2,0,5
1032291235,0,0,0,0,0,0,0,0
817799772,1,2,2,1,2,2,3,13
776938221,1,3,2,3,2,2,3,16
963028113,0,0,0,0,0,0,0,0
945166317,3,2,3,3,2,2,3,18
1015332245,0,2,2,1,1,1,3,10
974450578,3,2,1,2,2,1,1,12
1075036133,0,2,1,2,2,1,0,8
962688756,3,3,3,3,3,2,3,20
933605161,3,3,2,3,2,2,3,18
889633686,3,3,2,3,2,2,3,18
1033758854,1,2,1,3,1,1,0,9
1028954034,3,3,3,2,2,2,3,18
1028350508,3,3,3,2,2,2,1,16
1024170058,0,1,2,1,1,1,3,9
1016754526,0,1,0,1,1,1,1,5
1064852609,0,2,2,1,1,1,1,8
990045456,1,2,2,1,1,2,3,12
790541104,0,2,1,3,1,1,1,9
127243437,0,0,0,0,0,0,0,0
56987758,0,1,0,0,0,1,0,2
1068156075,0,2,0,0,2,1,0,5
1068006422,0,2,0,3,1,1,1,8
559519696,0,1,0,0,1,1,0,3
1065568955,0,0,0,0,0,0,0,0
1064748961,0,0,0,0,0,0,0,0
1063156349,0,3,0,2,3,1,0,9
531323649,3,2,3,3,2,2,3,18
996179368,0,1,1,1,1,1,0,5
988815996,3,3,2,2,2,2,1,15
466342311,3,2,3,3,3,2,3,19
984670276,3,3,3,3,2,2,3,19
984467607,0,1,0,0,1,1,0,3
1004762855,0,0,0,0,0,0,0,0
1080591283,3,3,3,3,2,2,3,19
950621098,3,3,2,3,2,2,1,16
1056455406,3,3,2,3,2,2,3,18
1047072841,2,2,2,1,2,2,3,14
1047146878,1,3,2,3,2,2,3,16
1071160555,3,3,3,3,2,2,1,17
1056616076,0,0,0,0,0,0,0,0
1056615697,0,0,0,0,0,0,0,0
911872891,1,3,2,3,2,2,1,14
1000466316,0,2,2,3,1,2,1,11
996506379,0,1,2,1,1,1,3,9
966329195,0,1,3,1,1,1,1,8
897695204,0,2,1,0,1,1,0,5
971093772,0,1,2,1,1,1,1,7
627267293,3,3,3,3,2,2,3,19
338883941,0,0,0,0,0,0,0,0
525702947,0,2,1,0,1,1,0,5
540705672,0,2,1,0,1,1,0,5
540266029,0,2,1,0,1,1,0,5
540169378,0,2,1,0,1,1,0,5
540148557,0,2,1,0,1,1,0,5
538359131,0,2,3,1,1,1,3,11
534694646,0,2,3,1,1,1,3,11
534612165,0,2,1,0,1,1,0,5
527768476,0,2,1,0,1,1,0,5
526879891,0,2,1,0,1,1,0,5
526376629,0,2,1,0,1,1,0,5
553558975,0,2,2,1,1,1,3,10
527594554,0,1,1,0,1,1,0,4
1083032311,0,0,0,0,0,0,0,0
1082457302,0,0,0,0,0,0,0,0
1074795446,0,0,0,0,0,0,0,0
1066472463,0,2,1,2,3,1,1,10
1075568057,0,1,0,0,0,1,0,2
1079865101,0,2,0,1,1,2,1,7
1051172255,0,0,0,0,0,0,0,0
1054188965,0,2,1,1,1,1,1,7
1065332301,0,2,1,3,1,1,0,8
866823927,3,3,3,3,2,2,3,19
427334852,0,1,0,1,1,2,0,5
523566371,3,3,2,1,2,2,3,16
945522235,3,2,3,3,2,2,2,17
1040770051,3,2,3,3,2,2,2,17
1025881489,0,1,2,1,1,2,0,7
1037920182,0,2,2,1,1,1,3,10
915791596,3,3,3,3,1,2,3,18
1038250675,0,2,2,1,1,1,3,10
749516171,3,3,3,3,2,2,2,18
1036817515,3,2,3,3,2,2,2,17
504692364,0,2,3,3,2,1,3,14
621045811,3,2,3,3,1,2,3,17
828954315,3,3,3,3,2,2,3,19
1074456536,3,3,3,3,2,2,3,19
926837297,1,2,3,1,2,2,2,13
1070383808,0,2,1,1,1,2,1,8
1033572511,3,3,1,3,1,2,1,14
928866735,3,3,2,3,3,2,3,19
982283997,0,2,0,0,0,1,0,3
1060655138,0,2,0,0,1,2,0,5
1062243259,1,2,2,3,2,1,3,14
1039988663,0,2,2,1,2,1,3,11
991213527,0,2,2,1,1,1,3,10
401513172,3,3,3,3,3,2,3,20
537969138,3,3,3,3,3,2,3,20
730119038,0,0,0,0,0,0,0,0
653108896,0,1,0,2,1,1,0,5
595525939,3,3,0,2,1,1,1,11
587702815,3,3,3,2,2,2,2,17
591433895,3,3,3,3,3,2,2,19
580502329,0,2,0,2,1,2,0,7
579285415,0,2,3,1,1,1,1,9
1024394785,0,2,1,3,1,1,1,9
451155532,0,1,0,1,1,2,0,5
1064562344,0,1,1,1,1,1,1,6
1079529399,0,1,2,1,1,2,0,7
1028592286,0,1,0,1,1,2,0,5
1079107098,0,2,0,0,0,1,0,3
870747284,0,2,2,1,1,1,1,8
547548276,0,2,0,0,1,1,0,4
1066140597,0,2,0,1,1,1,1,6
619224857,3,2,3,2,2,2,3,17
722797659,0,2,0,1,1,2,2,8
1053629304,0,2,0,0,0,1,0,3
1072730484,0,1,0,1,1,2,0,5
1071711781,0,2,0,0,1,1,0,4
943003064,3,3,3,3,2,2,3,19
937932243,2,2,2,3,2,1,1,13
993873687,0,2,1,1,1,1,1,7
1049046422,3,3,3,3,1,2,3,18
950538072,0,1,0,1,1,2,0,5
1040827493,3,3,2,1,2,2,3,16
1038669173,3,2,3,3,3,2,3,19
998354357,0,2,2,1,2,2,2,11
997308508,0,0,0,0,0,0,0,0
945659067,0,2,1,1,1,1,1,7
244573323,0,0,0,0,0,0,0,0
103004641,3,2,3,1,2,2,3,16
753499443,2,3,2,3,2,1,3,16
1018949562,0,1,0,0,0,1,0,2
750041851,3,3,3,3,1,2,3,18
754851725,0,1,0,1,1,1,1,5
444479045,2,2,2,3,2,2,3,16
736669807,2,3,2,3,3,2,2,17
185484934,3,3,3,3,2,2,3,19
947284422,0,0,0,0,0,0,0,0
858619825,3,3,3,3,3,2,3,20
357239263,3,3,3,3,3,2,3,20
472153597,3,3,3,3,2,1,0,15
396415319,3,3,3,1,3,2,1,16
957514926,0,0,0,0,0,0,0,0
1051236066,0,2,0,1,1,1,1,6
813376789,3,2,3,3,3,2,3,19
866176165,3,2,3,3,2,2,3,18
922896684,3,2,3,3,2,2,3,18
1028540715,0,2,1,1,1,1,1,7
1032616296,0,2,1,1,1,1,1,7
103413511,0,0,0,0,0,0,0,0
1032273141,3,2,3,3,2,2,3,18
998140112,0,2,2,1,1,2,3,11
1064745142,0,2,0,1,2,1,0,6
1052527064,0,2,0,1,0,1,1,5
949214752,0,2,0,1,2,1,1,7
775259329,0,2,0,1,0,1,1,5
1039237579,0,3,2,1,1,1,1,9
1037198183,0,1,0,1,1,2,0,5
1022583928,0,2,0,1,1,1,1,6
1017745776,2,2,0,1,2,2,1,10
990126158,0,0,0,0,0,0,0,0
989064504,1,1,1,1,1,2,0,7
941143276,0,2,2,1,1,2,2,10
964169327,0,1,0,1,1,2,2,7
988340099,1,3,2,1,2,2,3,14
520936558,0,2,0,1,1,2,2,8
533061638,0,2,2,1,1,2,3,11
984258674,0,2,2,1,1,2,3,11
971417328,3,3,3,3,3,2,3,20
1048911227,0,2,1,1,1,1,1,7
888847269,3,2,0,2,2,2,2,13
1012480386,0,1,1,1,1,2,1,7
114375849,0,0,0,0,0,0,0,0
569641181,3,3,3,3,3,2,1,18
1000451972,0,2,2,2,3,1,1,11
964447347,0,2,3,2,1,1,3,12
1058605568,0,2,1,0,0,1,0,4
444053173,3,3,3,3,3,2,3,20
890255432,3,3,3,3,2,2,3,19
96116358,3,3,3,1,3,2,3,18
1054550509,0,1,2,1,1,1,3,9
1050078487,0,2,2,1,1,1,3,10
1048687733,0,2,2,1,1,1,3,10
1048942346,0,2,2,1,1,1,3,10
1049258852,0,2,2,1,2,1,3,11
1047782678,0,2,2,1,1,1,3,10
1030719661,0,2,0,0,0,1,0,3
647995169,2,3,1,1,0,2,0,9
964040412,3,1,0,1,1,2,2,10
1077288431,0,1,2,1,1,1,3,9
1059199356,0,1,0,1,2,1,1,6
1053903585,0,0,0,0,0,0,0,0
1030647576,0,0,0,0,0,0,0,0
943330608,3,3,3,3,2,2,3,19
1081958705,0,0,0,0,0,0,0,0
1080615677,0,0,0,0,0,0,0,0
989410103,0,2,2,1,1,1,1,8
939975152,0,2,2,1,1,1,1,8
1082035389,0,2,2,3,1,2,3,13
895200266,0,0,0,0,0,0,0,0
803556926,0,2,0,0,0,1,0,3
327963128,0,2,2,1,3,3,3,14
1046979883,3,2,3,3,2,2,1,16
404652496,3,3,3,2,2,2,3,18
328933149,3,3,3,3,2,2,3,19
605866657,2,3,2,1,2,2,1,13
425349343,1,2,2,2,3,2,1,13
131252188,3,2,3,3,2,2,3,18
996401281,3,3,2,3,2,2,2,17
467993061,3,3,2,1,2,2,3,16
220631109,0,0,0,0,0,0,0,0
1015362636,3,3,0,3,2,2,1,14
314446004,3,3,2,1,2,2,1,14
310203888,1,2,2,1,1,2,1,10
1078872723,2,2,0,0,1,1,0,6
1041200629,0,1,0,0,0,1,0,2
783396722,0,0,0,0,0,0,0,0
1080847821,2,2,2,3,2,2,1,14
1055220646,0,2,3,3,1,1,1,11
1062088426,0,2,1,1,1,1,1,7
893595766,0,2,2,1,1,1,3,10
1067895146,0,2,1,1,1,1,1,7
572472947,0,2,0,0,0,1,0,3
1061856415,0,3,2,2,3,1,1,12
855288021,0,2,2,3,1,1,3,12
1052858406,1,2,2,3,2,1,0,11
1064474684,0,1,0,0,1,2,0,4
1082485061,0,1,0,1,1,2,0,5
1074408343,0,2,1,1,1,2,1,8
1080824343,0,1,0,1,1,2,0,5
1074052317,0,0,0,0,0,0,0,0
1062504197,0,1,0,1,1,2,1,6
1067088676,0,0,0,0,0,0,0,0
1064029132,0,1,0,1,1,2,0,5
1055819541,0,0,0,0,0,0,0,0
1048854432,0,2,1,1,2,1,1,8
1047930414,0,1,0,1,1,2,1,6
934781398,3,2,1,1,2,2,2,13
983317236,0,2,1,1,1,1,1,7
1052650641,0,2,1,0,1,1,0,5
484255329,3,3,3,3,3,2,3,20
1050579968,3,3,3,3,2,2,3,19
730868507,0,2,2,1,1,1,3,10
1038849713,0,2,0,1,1,1,1,6
771718436,0,2,2,1,1,1,3,10
964892496,3,2,3,2,3,2,1,16
2878338,0,0,0,0,0,0,0,0
617536452,0,1,0,0,0,1,0,2
151578509,0,0,0,0,0,0,0,0
968018076,1,2,3,1,2,1,3,13
899310507,3,3,1,3,2,2,1,15
783013932,3,2,3,1,2,2,3,16
917361874,0,2,0,0,0,1,0,3
401818799,2,3,2,2,2,1,3,15
398285436,2,3,2,2,2,1,3,15
396336222,0,2,2,3,2,1,3,13
388928088,2,3,3,3,2,1,3,17
385463621,0,2,2,2,2,1,3,12
383355621,2,3,2,2,2,1,3,15
375403735,1,2,2,1,2,1,3,12
372425358,0,2,2,1,1,1,3,10
917779342,3,2,3,1,2,2,3,16
169332182,3,3,3,3,2,2,3,19
1077014547,0,1,2,1,1,1,1,7
1047914756,1,2,3,3,2,2,3,16
601776477,0,2,2,1,1,1,3,10
27732688,0,0,0,0,0,0,0,0
1005027247,0,0,0,0,0,0,0,0
782968066,0,2,3,1,1,1,3,11
776257588,3,2,3,2,2,2,3,17
1047249052,0,2,0,0,0,1,0,3
243969434,0,2,3,1,1,1,3,11
890267288,3,3,3,3,3,2,3,20
989719446,3,3,3,3,3,2,3,20
721117316,0,2,2,1,1,1,3,10
1038542749,0,2,0,1,1,2,1,7
1038177821,0,0,0,0,0,0,0,0
744908625,0,2,3,1,1,1,1,9
966429751,3,3,3,1,3,1,3,17
727019835,3,3,3,3,2,1,3,18
1022873072,0,1,0,1,1,2,2,7
880528833,0,1,0,1,1,2,0,5
831698155,0,0,0,0,0,0,0,0
985937798,0,0,0,0,0,0,0,0
1049196795,3,2,2,1,2,2,1,13
1064845915,0,0,0,0,0,0,0,0
1056905712,3,3,3,1,1,2,1,14
807133432,0,0,0,0,0,0,0,0
1007888664,0,0,0,0,0,0,0,0
950132615,3,3,3,3,3,1,3,19
1030748115,3,2,0,3,2,2,1,13
957395203,1,2,2,1,2,1,3,12
1021890505,0,2,0,0,0,1,0,3
325465324,2,2,1,0,1,2,0,8
368591471,2,1,0,0,0,2,0,5
1054150875,3,3,2,3,2,2,3,18
934389029,2,3,3,3,2,2,3,18
927384383,3,3,0,3,3,2,1,15
937861972,3,3,3,3,2,2,3,19
809620958,3,3,3,2,3,2,3,19
97784921,0,1,1,2,1,1,0,6
1040983502,0,2,3,1,1,1,3,11
1076985015,0,2,3,1,1,1,3,11
668970273,0,0,0,0,0,0,0,0
988649161,0,0,0,0,0,0,0,0
1076138499,0,0,0,0,0,0,0,0
1071850704,0,0,0,0,0,0,0,0
1077172327,0,2,0,1,1,1,1,6
1044631971,3,3,3,3,3,2,3,20
1072153511,0,2,1,1,1,2,1,8
1069754293,0,0,0,0,0,0,0,0
1073145232,0,1,0,0,0,1,0,2
744721327,3,2,3,1,1,2,3,15
728888999,3,2,2,1,2,2,2,14
107917725,3,3,3,3,3,2,3,20
478714365,3,3,3,3,3,2,3,20
36777322,0,0,0,0,0,0,0,0
690594128,2,3,2,1,2,2,1,13
786968404,3,2,3,1,3,2,3,17
788316485,3,3,3,3,3,2,3,20
1015937791,3,2,2,3,2,2,1,15
1017284095,0,2,3,1,1,1,3,11
991667578,3,2,0,1,2,2,1,11
287179695,3,3,2,3,2,2,3,18
994242527,1,1,1,1,2,3,1,10
971316439,3,3,3,3,2,2,3,19
374433012,3,2,3,1,2,2,2,15
154031818,0,0,0,0,0,0,0,0
884119798,3,3,3,3,3,2,3,20
1015690589,0,2,0,1,1,1,1,6
930902423,3,2,3,1,2,2,1,14
962951753,3,3,2,2,2,2,3,17
481112823,0,1,0,0,1,1,0,3
207476759,0,0,0,0,0,0,0,0
936556163,3,3,3,3,3,2,3,20
974483408,1,2,0,1,2,2,0,8
578220989,1,2,0,1,1,3,1,9
171267346,1,2,3,3,2,2,1,14
340741624,0,0,0,0,0,0,0,0
1048466108,0,0,0,0,0,0,0,0
407862243,1,2,2,3,1,1,3,13
975333624,3,2,3,3,2,2,3,18
476258363,3,3,2,1,2,2,3,16
1063667635,0,2,0,0,0,1,0,3
647098625,0,2,2,2,1,1,1,9
367197179,3,3,2,3,2,2,3,18
584791077,3,3,3,3,3,2,3,20
534541951,3,3,2,3,3,2,3,19
566687524,0,2,2,1,1,1,3,10
27272807,3,3,3,3,3,2,3,20
961923884,0,1,0,1,1,2,1,6
602641328,3,3,3,3,3,2,3,20
263046428,3,2,3,1,2,2,3,16
690863794,3,3,3,2,2,2,3,18
1012966127,0,2,0,1,2,2,1,8
731505853,2,2,3,3,3,2,3,18
659120206,1,3,2,1,2,1,1,11
1064938054,1,2,2,3,1,2,3,14
1030459772,0,0,0,0,0,0,0,0
782906128,0,3,1,1,1,1,1,8
930535939,0,1,1,1,1,1,1,6
945608186,3,2,3,2,2,1,1,14
913183424,3,2,2,2,2,2,1,14
975058733,3,2,2,2,2,1,1,13
1033946505,3,2,3,1,1,2,1,13
1063030994,0,0,0,0,0,0,0,0
958793366,0,0,0,0,0,0,0,0
170761694,0,0,0,0,0,0,0,0
723474353,0,3,3,3,1,1,3,14
907730961,0,2,1,1,1,1,1,7
866609979,0,2,0,1,0,1,1,5
305103276,0,0,0,0,0,0,0,0
1064131241,0,0,0,0,0,0,0,0
17101352,0,0,0,0,0,0,0,0
1066287623,0,2,0,1,1,1,1,6
1033528336,0,2,0,3,1,2,1,9
993043376,3,3,3,3,2,2,3,19
808535677,1,2,3,3,2,2,2,15
1073314319,0,1,0,1,1,2,0,5
998693929,0,1,0,0,1,1,0,3
1077628046,0,1,0,1,1,2,1,6
1078142251,0,1,0,1,1,2,0,5
1030443496,0,1,0,1,1,2,0,5
697678736,1,1,2,1,2,1,0,8
965321274,0,2,2,3,2,1,3,13
286141157,3,3,3,3,2,2,3,19
706988157,0,1,0,3,1,1,1,7
1052264112,0,0,0,0,0,0,0,0
896610844,0,1,0,1,1,2,0,5
1030754823,2,3,2,3,2,2,3,17
966649623,0,1,1,0,0,1,0,3
781329976,3,3,2,3,2,2,3,18
1080650176,3,3,1,2,3,1,1,14
1080345992,0,0,0,0,0,0,0,0
882413563,3,3,3,3,2,2,1,17
707031495,0,2,0,1,1,1,1,6
152403998,0,0,0,0,0,0,0,0
665744237,0,3,0,3,2,1,1,10
540065366,3,2,0,1,2,2,1,11
22162012,0,0,0,0,0,0,0,0
925481658,3,2,3,3,2,2,3,18
1077123631,0,0,0,0,0,0,0,0
1060883478,0,3,2,1,2,1,1,10
566327677,0,0,0,0,1,0,0,1
715090524,3,3,3,3,3,1,3,19
1054725439,3,3,3,3,3,1,3,19
755627389,3,3,2,3,2,2,1,16
468059517,3,3,3,3,3,2,3,20
456343759,3,3,3,3,3,2,3,20
228631802,0,0,0,0,0,0,0,0
998024823,0,1,0,1,1,2,0,5
1056456697,0,0,0,0,0,0,0,0
423734756,0,1,0,0,0,1,0,2
104453944,0,0,0,0,0,0,0,0
838385624,1,2,2,1,2,2,1,11
543682173,2,2,2,1,2,2,2,13
543326973,0,3,2,1,1,2,3,12
874489257,3,2,3,1,2,2,3,16
873962125,2,2,3,1,2,2,3,15
873323096,0,2,2,1,2,2,3,12
587828533,3,2,3,1,2,2,3,16
872337717,1,3,3,3,2,2,2,16
872049876,0,2,3,1,1,1,3,11
771132272,0,0,0,0,0,0,0,0
401919085,0,2,0,0,1,3,0,6
906737901,0,2,1,0,1,1,0,5
886753769,0,1,0,0,0,1,0,2
559851677,0,1,0,0,1,1,0,3
934495052,0,2,1,1,1,1,1,7
800991494,0,0,0,0,0,0,0,0
864756581,1,2,2,1,1,1,1,9
363284173,0,0,0,0,0,0,0,0
1000246962,0,3,2,1,1,1,3,11
976897984,0,1,1,1,1,2,2,8
671810432,0,0,0,0,0,0,0,0
878127016,0,2,0,0,0,1,0,3
1035328207,0,0,0,0,0,0,0,0
675732972,3,2,2,1,2,2,1,13
973498588,0,2,0,1,1,2,1,7
457946831,3,3,3,3,3,2,3,20
1001085397,1,2,2,2,2,2,1,12
328479256,2,3,2,1,2,2,1,13
1011365388,2,1,3,3,1,1,0,11
11271869,0,0,0,0,0,0,0,0
399713868,1,2,0,1,2,1,0,7
722312615,3,3,3,3,2,2,3,19
895215929,0,0,0,0,0,0,0,0
968065829,0,2,2,1,2,1,1,9
1025461885,0,2,3,1,1,2,3,12
1032154758,0,1,3,1,1,2,3,11
779064838,3,3,3,3,2,2,3,19
1068145885,3,3,3,3,2,2,3,19
751986851,3,3,3,1,2,2,3,17
883900171,2,2,3,3,3,2,3,18
1068757249,3,3,3,3,2,2,3,19
801699603,3,2,3,0,1,2,0,11
922409668,0,0,0,0,0,0,0,0
1007755349,3,3,3,3,3,2,3,20
467659995,3,3,2,3,2,1,3,17
731957618,1,2,0,1,2,2,2,10
84380932,0,0,0,0,0,0,0,0
943263758,3,3,3,3,3,2,3,20
569336165,3,3,3,3,3,2,3,20
407851604,3,3,3,3,3,2,3,20
404564769,0,2,2,1,1,1,1,8
496544458,3,1,2,1,3,2,3,15
1055587517,1,2,3,1,2,2,3,14
1071491854,0,0,0,0,0,0,0,0
777922101,0,1,0,1,1,1,1,5
1061773473,1,2,2,1,1,1,1,9
779057883,1,2,3,1,2,1,3,13
1021512726,0,3,2,1,2,1,3,12
1060198925,0,2,0,1,1,2,2,8
1074349157,0,1,0,1,1,2,0,5
1074532339,0,0,0,0,0,0,0,0
1067809438,0,2,1,1,1,2,1,8
1034084047,0,2,3,1,1,1,1,9
1080872919,0,2,0,0,0,1,0,3
1061966098,0,2,0,1,1,2,0,6
1072791268,3,2,3,1,1,2,1,13
1029812909,0,2,0,1,1,1,1,6
479802414,3,3,3,3,3,2,3,20
854193423,0,0,0,0,0,0,0,0
1028542193,0,0,0,0,0,0,0,0
1003612049,0,0,0,0,0,0,0,0
997755002,0,0,0,0,0,0,0,0
980860655,0,0,0,0,0,0,0,0
970265795,0,0,0,0,0,0,0,0
1045309709,0,2,0,1,0,1,1,5
967862562,3,3,3,3,2,2,3,19
1018360311,3,3,3,2,3,2,1,17
959684857,3,3,2,3,3,2,3,19
960619451,0,2,1,1,1,1,1,7
703359562,0,2,1,1,1,1,1,7
87594959,0,0,0,0,0,0,0,0
481737941,3,3,3,3,3,2,1,18
578669707,3,3,3,3,3,2,3,20
1051628575,0,1,0,0,0,1,0,2
1039410724,0,2,2,1,1,1,3,10
668110787,3,2,3,3,3,3,2,19
1020228091,0,2,2,1,1,1,1,8
1021012198,0,2,2,1,1,1,1,8
1019423324,0,2,2,1,1,1,1,8
1018626529,0,2,2,1,1,1,1,8
1018079351,0,2,2,1,1,1,1,8
1016535262,0,2,2,1,1,1,1,8
1015678161,0,2,2,1,1,1,1,8
1014874218,0,2,2,1,1,1,1,8
1014127602,0,2,2,1,1,1,1,8
1013860413,0,2,2,1,1,1,1,8
601868941,0,2,2,1,1,1,3,10
1034436848,0,0,0,0,0,0,0,0
707265531,0,2,2,1,1,1,3,10
1011800594,0,0,0,0,0,0,0,0
1032765713,0,0,0,0,0,0,0,0
805965302,0,1,0,0,0,1,0,2
1032740639,0,0,0,0,0,0,0,0
40844056,0,0,0,0,0,0,0,0
551051841,0,1,2,0,0,1,0,4
1017785914,0,1,0,1,1,2,1,6
934634343,0,0,0,0,0,0,0,0
964497295,3,2,3,3,1,2,1,15
537687855,0,2,1,1,1,1,0,6
986524888,1,2,0,1,1,1,1,7
996647712,0,0,0,0,0,0,0,0
941103317,3,3,3,3,2,2,3,19
103137194,3,2,3,3,2,2,1,16
639712278,3,3,3,3,2,2,3,19
569185496,3,3,2,3,2,1,3,17
662698241,3,2,2,2,2,2,1,14
722678451,0,0,0,0,0,0,0,0
930594653,3,3,3,3,2,1,3,18
426674035,3,3,3,3,2,2,3,19
376535931,2,2,3,3,3,2,1,16
1014667909,3,3,3,3,2,2,3,19
999354575,3,3,3,3,2,2,2,18
1001226423,3,3,3,3,2,2,3,19
1003867318,3,3,3,2,2,2,3,18
99585672,0,0,0,0,0,0,0,0
995287549,2,2,3,1,2,2,3,15
986562233,1,2,2,1,2,2,1,11
978630779,1,3,3,3,2,1,1,14
970382553,1,2,2,3,2,2,1,13
976394456,1,3,3,3,2,1,1,14
981343487,3,3,2,3,2,2,1,16
979324004,3,3,2,2,2,2,3,17
973633023,1,3,2,3,2,2,1,14
977890004,1,3,0,3,2,2,1,12
952909511,1,3,2,3,2,2,1,14
970383591,3,3,0,1,2,2,0,11
200548567,0,0,0,0,0,0,0,0
810565402,1,2,2,3,2,2,1,13
947404472,3,2,1,1,1,2,1,11
880163761,3,2,2,3,2,1,1,14
990444856,2,3,2,3,3,2,1,16
993384656,0,2,0,1,1,1,1,6
994288043,0,0,0,0,0,0,0,0
1005603434,0,2,1,1,1,1,0,6
953800291,2,2,1,2,3,1,0,11
118845396,0,0,0,0,0,0,0,0
886463727,0,2,0,3,1,2,2,10
804934544,0,1,2,1,1,2,3,10
865057519,3,3,2,3,2,1,3,17
922329388,0,2,3,1,1,2,1,10
1032323725,0,2,1,2,3,0,0,8
1043400047,3,2,3,1,1,2,1,13
1009079683,3,2,3,1,1,2,1,13
1039195995,0,2,0,1,1,2,1,7
1027075607,3,3,1,3,2,2,1,15
1036089824,0,2,2,1,1,2,2,10
1030749144,0,2,2,1,1,1,3,10
909039393,0,2,2,1,1,1,3,10
296251664,0,0,0,0,0,0,0,0
1080175759,0,0,0,0,0,0,0,0
945666259,0,2,0,1,1,1,1,6
1049074662,3,3,2,2,3,2,1,16
964239946,3,2,2,2,2,2,2,15
1052442745,3,2,2,3,2,2,3,17
1047304075,3,3,2,3,2,2,3,18
1019125045,0,2,2,1,2,1,1,9
525047899,3,2,1,3,1,2,0,12
608314738,3,3,3,3,3,2,3,20
944004047,0,0,0,0,0,0,0,0
995225524,3,3,3,3,3,2,1,18
1000693707,0,0,0,0,0,0,0,0
845771231,0,0,0,0,0,0,0,0
406472147,0,2,2,1,1,1,1,8
1000567364,0,2,2,1,1,2,2,10
885632941,0,2,0,0,1,1,0,4
905461679,0,2,1,1,1,2,1,8
393262628,3,2,3,1,1,2,1,13
1046903128,2,2,1,2,3,2,1,13
1062679783,0,2,1,1,1,1,1,7
1054591435,0,2,0,0,0,1,0,3
990495433,0,2,2,1,1,2,1,9
1050959818,0,0,0,0,0,0,0,0
1049016837,0,2,0,1,1,1,0,5
1042100998,0,2,2,3,3,2,1,13
955562753,0,1,0,1,1,2,0,5
993574607,0,2,2,1,1,1,1,8
1040750733,0,0,0,0,0,0,0,0
996257791,3,3,3,3,3,2,3,20
1071470877,3,3,3,3,3,2,3,20
901486969,3,3,3,3,3,2,3,20
891662317,3,3,3,3,3,2,3,20
1044434613,3,3,3,3,3,2,3,20
1001631388,3,3,3,3,2,2,3,19
777028576,3,3,3,3,2,2,3,19
623865837,2,2,2,1,2,1,1,11
985101574,3,1,3,1,3,2,2,15
220416907,0,0,0,0,0,0,0,0
1022791377,0,2,2,1,1,1,1,8
969119451,3,2,1,2,2,1,1,12
675235602,0,2,0,1,1,1,1,6
1037752191,0,0,0,0,0,0,0,0
992594537,0,1,0,1,2,1,0,5
896390905,0,1,0,0,0,1,0,2
1002404575,0,1,0,1,1,2,0,5
996469308,0,1,0,0,2,1,0,4
731342927,3,3,3,3,3,2,3,20
995835699,0,1,0,1,2,1,1,6
996233072,0,2,1,1,2,1,1,8
994246573,0,2,2,1,1,2,3,11
436230375,3,3,3,2,3,1,1,16
456997561,3,3,3,3,3,2,3,20
102729447,0,0,0,0,0,0,0,0
775444419,3,3,3,3,2,2,3,19
1017438,1,1,0,1,1,2,1,7
1006532601,1,2,1,1,1,1,1,8
1030795035,3,2,3,3,3,2,3,19
664498665,0,2,1,3,1,1,0,8
1065593844,0,2,1,1,2,1,1,8
1071115126,1,2,2,1,1,2,3,12
993171716,1,2,2,3,1,2,1,12
989718858,1,2,2,1,1,2,1,10
940999098,0,2,0,0,1,1,0,4
286438787,2,3,2,3,3,2,1,16
742773359,0,0,0,0,0,0,0,0
797179304,3,3,3,3,2,2,3,19
1044610906,3,3,3,3,3,2,3,20
63123146,0,0,0,0,0,0,0,0
1076649813,0,1,0,1,1,2,0,5
1071232807,0,2,0,0,1,1,0,4
967417195,0,2,0,1,1,2,1,7
1069150339,0,2,0,0,0,1,0,3
923850102,0,2,3,3,2,2,1,13
917084493,0,2,1,0,1,1,0,5
917450192,0,2,3,1,1,1,0,8
922151894,0,2,1,0,1,1,0,5
997593192,0,2,0,1,1,1,1,6
688350178,3,3,3,3,3,2,3,20
996213457,0,2,1,1,1,1,1,7
842480172,0,1,0,1,1,2,1,6
876176836,0,0,0,0,0,0,0,0
633675555,3,2,2,1,2,2,1,13
825783114,3,3,3,3,3,2,3,20
60080772,0,0,0,0,0,0,0,0
397242907,3,3,2,3,3,1,3,18
960857319,3,3,3,3,3,2,3,20
487786377,3,3,3,3,3,2,3,20
713764554,0,1,1,1,1,1,1,6
958189949,0,0,0,0,0,0,0,0
953912303,0,2,1,0,1,1,0,5
967532534,0,0,0,0,0,0,0,0
883672795,3,3,2,2,2,1,3,16
1012042818,0,2,0,0,0,1,0,3
1009651709,0,2,1,0,1,1,0,5
1051823727,2,3,0,3,2,1,1,12
1074270281,0,0,0,0,0,0,0,0
1064889252,0,0,0,0,0,0,0,0
1074028289,0,0,0,0,0,0,0,0
1064558094,0,2,0,1,1,2,1,7
1059313344,0,1,1,1,0,1,1,5
1040930086,0,0,0,0,0,0,0,0
1061910203,0,0,0,0,0,0,0,0
1060111208,0,2,1,1,1,1,1,7
939790638,3,3,3,3,3,2,3,20
919794457,3,3,3,3,3,2,3,20
908222122,1,2,0,1,2,2,0,8
1080938736,0,2,2,1,1,1,1,8
710102108,3,3,3,3,3,2,3,20
1013579428,0,2,2,1,1,2,1,9
1075069093,3,3,3,3,3,2,3,20
580761572,0,1,1,1,1,1,1,6
810102004,0,2,0,1,1,2,2,8
1050119268,3,3,3,3,3,2,3,20
1077256354,3,2,2,1,2,2,1,13
931476162,3,2,3,1,2,1,3,15
484978783,3,3,3,1,2,2,3,17
1080505776,3,3,3,1,2,2,3,17
1054605561,3,2,3,1,1,2,3,15
1080589416,3,2,3,1,2,2,3,16
1078822793,0,2,0,1,1,1,1,6
387613229,1,3,3,1,2,2,3,15
634577871,3,2,2,1,2,2,2,14
1053777884,3,3,3,3,2,2,3,19
1065013587,1,2,2,1,2,1,1,10
884107711,3,2,3,1,2,2,3,16
944678379,0,2,3,1,1,2,3,12
844518082,3,3,3,3,2,2,3,19
1057717542,0,0,0,0,0,0,0,0
1013698218,2,2,2,1,1,1,1,10
91390206,0,0,0,0,0,0,0,0
1007747094,0,1,0,0,0,1,0,2
1082946703,1,1,3,2,2,2,3,14
108224957,0,0,0,0,0,0,0,0
1082311062,0,1,0,1,1,2,0,5
1082317404,0,1,0,1,1,2,0,5
406893588,0,2,3,1,1,1,3,11
1081672777,0,2,2,2,1,1,1,9
1079639871,0,0,0,0,0,0,0,0
988808769,3,3,3,1,1,2,1,14
961978777,0,2,1,1,1,1,1,7
1004564521,3,3,3,3,3,2,3,20
1074082731,0,2,1,2,2,1,1,9
1033451349,3,3,2,3,3,1,1,16
1073299478,0,2,2,1,1,2,1,9
1037164392,0,0,0,0,0,0,0,0
999530913,0,2,1,1,1,1,1,7
972281448,3,2,2,1,2,2,1,13
960977334,0,2,2,1,1,1,1,8
1063722565,3,3,3,3,2,2,3,19
927100093,1,2,1,1,2,1,1,9
100052162,0,0,0,0,0,0,0,0
834612367,3,3,0,1,1,2,1,11
1022537152,0,2,2,1,1,1,1,8
1018840588,0,3,2,1,2,2,1,11
992810214,0,3,1,3,1,1,1,10
983855273,0,2,1,2,2,1,1,9
905970996,3,3,3,3,3,1,3,19
659242801,0,2,2,1,1,1,1,8
825496088,0,3,2,1,1,1,1,9
1029702049,0,0,0,0,0,0,0,0
1010699397,0,1,0,1,1,2,2,7
924398151,0,1,0,0,1,2,0,4
783148272,3,3,3,3,3,2,3,20
843282031,3,3,3,3,3,1,3,19
1030597687,0,2,1,0,1,1,0,5
355012289,0,2,2,1,1,2,3,11
113391799,0,1,0,1,1,2,0,5
488184896,0,2,1,1,1,1,1,7
995442827,0,1,0,1,1,2,0,5
323149378,2,2,2,1,1,2,3,13
103924051,0,0,0,0,0,0,0,0
947563869,0,2,0,1,1,2,0,6
132930693,0,0,0,0,0,0,0,0
134249379,0,0,0,0,0,0,0,0
672532912,1,2,2,1,1,2,1,10
690816811,0,2,2,1,1,1,3,10
98340481,0,0,0,0,0,0,0,0
940392984,3,2,0,3,2,2,1,13
1074604136,0,1,0,1,1,2,0,5
1059451338,0,2,0,1,1,2,2,8
967465758,0,2,2,1,1,2,2,10
1045125958,0,0,0,0,0,0,0,0
1028818487,0,2,2,1,1,1,3,10
736231244,0,1,0,1,1,2,2,7
1080478847,3,3,1,3,3,1,1,15
987642695,0,2,1,1,1,1,1,7
879566931,0,2,2,1,1,1,1,8
723379736,0,0,0,0,0,0,0,0
656650766,3,2,2,3,3,2,3,18
317375458,0,0,0,0,0,0,0,0
463309529,2,3,2,1,2,2,2,14
698055061,0,2,2,1,1,1,3,10
149776015,0,0,0,0,0,0,0,0
413514059,3,3,3,3,3,2,3,20
1042576183,0,2,1,1,1,1,1,7
563960212,1,3,1,0,2,1,0,8
521128688,0,2,1,0,1,1,0,5
632686832,0,1,0,1,1,2,2,7
1080250178,0,2,1,1,1,1,1,7
92591466,0,0,0,0,0,0,0,0
1077366657,0,2,0,1,1,2,2,8
780171259,0,1,0,1,1,1,0,4
1077423263,3,3,2,1,2,2,3,16
1030389673,0,1,3,1,1,1,3,10
1075695815,3,3,2,1,2,2,3,16
1041317839,0,2,1,1,1,1,0,6
304438019,3,3,3,3,3,2,3,20
736218338,0,0,0,0,0,0,0,0
1079309556,0,2,2,1,1,1,3,10
1047399265,0,0,0,0,0,0,0,0
1081290203,0,0,0,0,0,0,0,0
1027959651,1,2,1,3,1,1,1,10
978171142,1,2,1,1,2,2,2,11
961429873,0,2,2,1,1,2,3,11
977792903,2,2,2,1,2,2,1,12
972379931,0,3,2,2,2,1,3,13
622019397,0,2,2,3,1,1,3,12
906714299,2,2,2,1,2,1,3,13
1035208109,0,2,1,1,1,1,1,7
1038877405,0,2,1,1,1,1,1,7
1076675276,0,0,0,0,0,0,0,0
983661133,0,2,1,1,2,1,1,8
1005129604,0,1,0,1,1,2,0,5
997725808,0,1,0,1,1,2,0,5
981200946,0,1,0,0,2,1,0,4
989351714,0,1,1,0,2,1,0,5
950269012,0,2,1,1,2,1,1,8
988399278,0,2,3,1,1,2,1,10
964177507,0,2,2,1,1,1,1,8
1071873131,0,2,0,1,1,1,1,6
1072394068,0,2,0,1,1,2,1,7
956714763,0,2,2,1,1,2,0,8
1047309534,1,2,0,1,1,2,1,8
765270435,0,2,1,1,1,1,1,7
1065761597,2,2,0,1,1,2,0,8
1047434453,0,2,2,1,1,2,1,9
1049478713,0,1,0,2,1,1,0,5
821454828,3,2,1,3,2,1,1,13
1074586262,0,0,0,0,0,0,0,0
631808733,0,0,0,0,0,0,0,0
837772467,3,3,3,3,3,2,3,20
1076317486,0,1,0,0,1,1,0,3
1059187323,3,2,3,1,1,2,1,13
844821384,3,3,3,3,2,1,3,18
1072486373,0,1,0,1,1,1,0,4
652645839,3,2,3,1,2,2,1,14
389479027,2,2,2,3,1,1,1,12
38388034,0,0,0,0,0,0,0,0
374494449,3,2,3,3,2,2,2,17
782214358,3,2,1,2,2,2,2,14
721010561,0,2,2,1,1,1,1,8
1447768,3,3,3,1,2,2,1,15
1050278456,3,3,3,3,3,2,3,20
921675797,3,3,3,3,2,2,3,19
531916886,3,3,3,2,2,2,1,16
980606036,0,2,0,0,0,1,0,3
996684682,3,2,3,0,1,2,0,11
996245761,3,2,3,0,1,2,0,11
1076017966,0,2,1,1,1,1,1,7
948662233,0,0,0,0,0,0,0,0
853412747,3,3,2,3,2,2,1,16
86409868,0,0,0,0,0,0,0,0
912133224,0,3,2,1,1,1,3,11
746107718,0,2,0,3,1,2,1,9
910059988,0,2,1,1,1,1,1,7
192741463,0,0,0,0,0,0,0,0
73029398,0,0,0,0,0,0,0,0
575611681,3,3,3,3,3,2,3,20
277180598,3,3,3,3,3,2,3,20
539258194,1,2,2,1,2,1,3,12
1003321497,0,0,0,0,0,0,0,0
147491179,0,0,0,0,0,0,0,0
896239272,3,3,3,3,3,2,3,20
782920735,0,1,0,0,0,1,0,2
968134956,3,2,2,3,2,2,3,17
1073470587,0,2,2,1,1,2,1,9
1008336608,3,3,2,2,3,1,1,15
1008455775,2,2,0,3,2,1,1,11
950771284,2,2,0,3,2,1,1,11
552376061,1,2,0,1,1,2,0,7
825638532,0,2,1,1,2,1,1,8
407979421,2,2,2,3,2,1,3,15
88028333,0,0,0,0,0,0,0,0
871778386,2,2,2,3,3,1,1,14
884774714,0,2,0,1,1,1,1,6
343494508,3,3,3,2,2,2,3,18
737520959,3,3,3,3,3,2,3,20
946511824,3,3,3,3,3,2,3,20
838840359,3,3,3,3,2,2,3,19
378286792,3,3,3,3,2,2,3,19
981804889,0,0,0,0,0,0,0,0
969606005,3,2,1,1,2,2,1,12
558023879,3,3,2,3,2,2,3,18
775345604,3,3,3,3,2,1,1,16
1035277621,3,3,3,3,2,2,3,19
1047019362,0,2,1,3,1,2,1,10
1021046623,0,0,0,0,0,0,0,0
1011159055,0,1,2,1,2,2,2,10
857168992,2,2,3,1,2,2,3,15
110888637,0,0,0,0,0,0,0,0
534799216,0,1,0,0,0,3,0,4
618538308,0,2,0,1,2,1,1,7
940986032,0,2,0,0,1,1,0,4
925761805,0,2,2,2,1,1,3,11
1000306807,0,0,0,0,0,0,0,0
993020035,0,2,1,1,1,1,1,7
998437488,0,0,0,0,0,0,0,0
884162521,0,1,1,1,1,1,1,6
503759484,3,1,3,2,2,2,3,16
488336558,3,3,3,2,3,2,3,19
206079213,3,3,3,2,3,2,3,19
988763209,3,3,3,2,3,2,3,19
426615809,3,3,3,3,3,2,3,20
353865181,3,3,3,2,3,2,3,19
1039036393,0,1,0,1,1,2,0,5
500781415,0,0,0,0,0,0,0,0
858548846,0,3,2,1,1,1,3,11
1073260628,0,1,0,1,1,1,1,5
497671361,1,2,2,2,1,1,3,12
944984779,3,3,3,3,3,2,3,20
1000526697,3,3,3,3,3,2,3,20
1048006027,3,3,3,3,3,1,3,19
1047652428,3,3,3,3,3,1,3,19
784930166,0,2,2,1,1,1,3,10
961185821,1,2,2,3,2,1,3,14
962327553,2,2,2,3,2,1,3,15
1067908938,0,1,0,0,0,1,0,2
1071087455,0,1,0,1,1,1,0,4
1062166131,3,2,0,1,1,2,2,11
1056766364,0,2,3,1,1,1,1,9
1060505355,0,2,2,3,1,1,3,12
972918922,2,2,2,1,2,2,3,14
1067854908,0,0,0,0,0,0,0,0
1059865894,0,2,1,1,1,1,1,7
1049295934,0,2,1,1,1,1,1,7
938620752,2,2,2,3,2,2,3,16
747869211,0,2,1,1,1,1,1,7
1077215534,0,0,0,0,0,0,0,0
976458245,3,3,2,2,2,2,3,17
408659961,1,2,2,3,2,2,1,13
919071353,2,3,0,1,2,2,2,12
154426128,3,2,3,3,3,2,3,19
158592093,0,0,0,0,0,0,0,0
159081387,1,2,2,1,2,2,3,13
391233347,3,2,3,1,2,2,3,16
31454372,3,3,2,3,2,2,3,18
1068646262,0,0,0,0,0,0,0,0
41385246,0,0,0,0,0,0,0,0
1058062116,0,1,0,0,0,1,0,2
946093834,0,1,0,1,1,1,1,5
960372989,0,2,2,3,1,1,3,12
773808298,0,2,2,1,1,1,0,7
963922507,1,2,2,1,1,1,1,9
166998349,0,0,0,0,0,0,0,0
1046940996,0,2,2,1,1,1,1,8
45941036,0,0,0,0,0,0,0,0
314841715,0,2,1,3,2,1,1,10
983041168,0,0,0,0,0,0,0,0
953745337,0,2,1,1,1,1,1,7
901107129,0,2,2,2,2,1,3,12
999448149,3,3,3,3,2,2,3,19
982304085,0,1,1,0,1,1,0,4
945349703,0,2,1,0,0,1,0,4
1069940899,3,2,3,1,2,2,3,16
1075137216,0,0,0,0,0,0,0,0
1073667302,0,2,1,3,2,1,1,10
1057357427,0,1,0,2,0,0,0,3
1048826641,3,2,3,2,2,2,3,17
1056993735,0,0,0,0,0,0,0,0
956627915,3,2,3,1,2,2,3,16
1038295413,2,2,3,1,2,2,3,15
1046709354,0,2,2,3,1,2,3,13
74156236,0,0,0,0,0,0,0,0
1070897569,2,2,2,1,2,2,2,13
1068998603,3,2,2,2,2,2,1,14
1065367067,0,3,1,1,1,1,1,8
552238041,0,0,0,0,0,0,0,0
1058947677,0,0,0,0,0,0,0,0
403237883,3,3,3,3,2,2,3,19
877551846,3,3,3,3,3,2,3,20
332294991,3,3,3,3,2,2,3,19
1031732501,2,2,2,1,3,2,2,14
1030596629,3,3,3,3,2,2,3,19
1017482173,3,3,3,3,2,2,2,18
1012050112,0,2,0,2,1,1,0,6
466022975,2,2,3,3,2,1,1,14
1037213573,0,2,1,1,1,1,1,7
1005638641,0,2,0,1,1,2,1,7
1031102897,0,3,2,1,2,1,3,12
944001669,0,2,2,1,1,1,3,10
917350081,0,1,2,1,1,1,1,7
945512722,3,3,3,1,2,1,3,16
876303493,3,3,3,3,2,2,3,19
965790386,0,1,0,1,1,2,1,6
1064798389,0,1,0,1,1,2,0,5
1031665948,0,2,2,1,3,1,3,12
11269827,0,0,0,0,0,0,0,0
991193012,3,3,2,3,2,2,3,18
792707618,2,2,2,1,2,2,3,14
926017329,0,1,1,0,1,1,0,4
91926757,0,0,0,0,0,0,0,0
935921369,3,3,3,3,3,2,3,20
449734507,0,1,3,1,1,1,3,10
1023986731,0,2,3,1,1,1,3,11
1020057878,0,2,1,1,1,1,1,7
1007368189,0,1,2,1,1,1,3,9
502110138,3,3,3,3,2,2,3,19
837633531,0,2,1,1,1,1,1,7
920998993,1,3,2,1,1,2,2,12
927884347,0,2,3,1,1,1,3,11
1065821221,0,0,0,0,0,0,0,0
898156086,0,0,0,0,0,0,0,0
863597598,0,1,0,0,0,1,0,2
742737668,0,2,1,0,1,1,0,5
346242628,2,1,2,1,1,2,2,11
667207706,0,0,0,0,0,0,0,0
810122112,0,2,0,0,0,1,0,3
739420061,3,3,2,1,2,2,3,16
920012841,0,2,0,0,0,1,0,3
917826637,0,2,0,0,0,1,0,3
94425003,0,0,0,0,0,0,0,0
864791332,3,3,3,3,3,2,3,20
68231368,0,0,0,0,0,0,0,0
416845425,3,3,3,3,2,2,3,19
944198433,3,3,3,3,3,2,3,20
634162942,3,3,3,3,3,2,3,20
1080538728,1,2,3,1,2,2,1,12
1066232757,3,3,3,2,2,2,3,18
1057858639,0,2,1,1,1,2,2,9
1059559271,0,2,1,1,1,1,1,7
105135275,0,0,0,0,0,0,0,0
42090318,0,0,0,0,0,0,0,0
928677058,0,0,0,0,0,0,0,0
934305177,0,2,2,1,1,2,2,10
918776247,0,2,2,2,1,2,1,10
1056183669,0,1,0,1,1,2,2,7
1064922209,0,1,0,1,1,2,0,5
1059776596,0,1,0,1,1,2,0,5
992042118,0,0,0,0,0,0,0,0
643635839,0,1,0,1,1,2,2,7
1054685456,0,1,0,1,1,2,0,5
1038055858,0,2,0,0,0,1,0,3
819015476,1,2,2,1,1,1,3,11
983473717,0,0,0,0,0,0,0,0
987748826,0,2,2,2,2,1,3,12
1059894168,0,2,0,1,1,2,1,7
1013947445,0,2,0,1,1,1,0,5
1083083564,0,1,0,1,1,1,0,4
1055805556,0,0,0,0,0,0,0,0
1056261123,0,0,0,0,0,0,0,0
184593979,0,0,0,0,0,0,0,0
1081338323,0,1,1,0,1,1,0,4
1080343128,0,2,0,1,1,2,1,7
172780228,0,0,0,0,0,0,0,0
1045626897,0,1,0,0,0,1,0,2
899380594,3,3,3,3,2,2,3,19
1000924829,3,3,3,1,3,2,3,18
755777481,3,3,2,3,2,2,3,18
986106637,3,2,3,3,2,2,1,16
840843795,3,2,0,3,1,2,2,13
991333668,3,3,3,3,2,1,3,18
982492737,0,2,1,1,1,1,1,7
1000909281,3,2,3,3,3,2,2,18
863855346,3,2,3,3,2,2,3,18
827520352,2,2,3,2,3,2,3,17
1040633781,0,1,0,0,0,1,0,2
904551842,0,2,2,2,2,1,3,12
930595558,0,3,3,3,1,1,3,14
984248854,2,2,2,1,2,2,2,13
1073653024,1,2,0,1,1,2,0,7
1074302723,1,2,1,0,1,2,0,7
1031811262,2,2,2,1,2,2,3,14
1031118275,3,3,3,2,2,2,3,18
10021669,0,0,0,0,0,0,0,0
1036581492,3,3,2,2,3,1,0,14
756429664,3,3,2,2,3,2,0,15
1064578693,0,1,0,1,1,1,1,5
1041137685,0,0,0,0,0,0,0,0
893933964,2,2,0,1,2,1,1,9
1077405714,0,0,0,0,0,0,0,0
696281508,0,1,0,1,1,2,0,5
868959699,0,2,1,1,1,2,2,9
1023989571,0,2,1,0,1,1,0,5
905242101,3,3,3,3,3,2,3,20
1025543818,3,3,0,3,2,1,0,12
948239276,3,3,3,3,2,2,3,19
1074785469,0,1,0,1,1,1,1,5
1074781496,0,1,0,1,1,1,1,5
1074770651,0,1,0,1,1,1,1,5
1074758598,0,1,0,1,1,1,1,5
1074743141,0,1,0,1,1,1,1,5
996992563,2,2,2,1,3,2,3,15
992775307,0,1,0,0,0,1,0,2
641436337,0,2,2,1,1,1,1,8
971986808,0,0,0,0,0,1,0,1
661478113,0,0,0,0,0,0,0,0
15046365,0,0,0,0,0,0,0,0
148624501,3,3,3,1,2,2,3,17
210314704,3,3,3,2,3,2,3,19
1078001079,3,3,3,1,2,2,3,17
322796887,3,3,3,1,3,2,3,18
567479202,3,3,3,2,3,2,3,19
1045560968,0,2,1,1,1,1,1,7
1050825805,3,3,3,3,3,1,1,17
1022895531,0,2,1,1,1,1,1,7
843193948,2,2,2,1,1,1,1,10
1049594135,0,2,2,1,1,1,1,8
1048720298,3,2,3,1,2,2,1,14
1046199798,0,0,0,0,0,0,0,0
1019437895,0,2,2,1,1,1,1,8
1081035173,0,2,0,1,1,2,0,6
1078285265,2,3,3,3,2,1,3,17
1060745645,0,0,0,0,0,0,0,0
1057941482,0,0,0,0,0,0,0,0
1056888135,3,3,2,2,1,2,3,16
1054503492,0,0,0,0,0,0,0,0
1042714304,1,2,2,1,2,2,1,11
1038541909,1,3,2,3,2,2,3,16
1020207748,3,1,0,0,2,1,0,7
1019827738,0,1,1,0,1,1,0,4
412497237,0,0,0,0,0,0,0,0
132473069,2,2,1,1,2,2,2,12
941759436,0,0,0,0,0,0,0,0
322602917,0,2,0,1,1,1,1,6
806761753,0,2,2,1,1,1,1,8
632256728,0,2,2,1,1,1,3,10
843861205,0,2,1,1,1,1,1,7
964801155,0,0,0,0,0,0,0,0
966588766,0,0,0,0,0,0,0,0
1054006158,0,2,0,0,0,1,0,3
1066146794,0,2,1,1,1,1,1,7
479676909,3,2,2,3,2,1,3,16
1068341006,0,0,0,0,0,0,0,0
1074469054,0,0,0,0,0,0,0,0
1034204348,0,1,0,0,0,1,0,2
1039738149,1,2,3,3,2,1,3,15
945356421,0,1,1,1,0,1,0,4
984174185,0,1,0,0,0,1,0,2
943479247,0,0,0,0,0,0,0,0
949086995,0,1,0,0,1,1,0,3
990256001,0,1,0,0,0,1,0,2
816484618,0,2,0,1,1,2,1,7
1012675794,3,3,3,2,2,2,3,18
978800085,0,2,3,1,2,1,3,12
776580382,0,0,0,0,0,0,0,0
392690346,0,2,2,3,1,1,1,10
1077122344,0,2,1,1,1,1,1,7
168989135,0,0,0,0,0,0,0,0
1079281953,0,1,2,1,1,1,1,7
1049277918,2,2,2,2,1,2,3,14
1078607309,0,1,0,1,2,2,2,8
1063540012,3,3,2,2,2,1,3,16
473253837,0,2,3,1,2,1,3,12
653856211,1,2,2,1,2,2,3,13
974581426,1,2,0,1,2,2,1,9
993331976,0,2,2,1,1,1,3,10
1076318278,1,2,2,1,1,1,1,9
1077729943,0,1,1,1,1,1,1,6
534732696,0,2,2,1,1,1,3,10
782520924,0,2,2,1,1,1,1,8
1077481812,0,1,2,1,1,1,3,9
563629907,2,2,1,1,2,2,2,12
993943106,1,2,1,1,1,2,1,9
434355078,0,1,0,1,1,2,0,5
1055062342,0,2,0,0,1,1,0,4
110681378,0,0,0,0,0,0,0,0
560070511,0,0,0,0,0,0,0,0
888178312,0,2,0,1,1,2,2,8
935786287,0,2,0,1,1,2,2,8
1079820531,0,2,0,1,1,1,1,6
980746039,0,0,0,0,0,0,0,0
1070043123,0,2,2,2,2,1,0,9
1068433512,0,0,0,0,0,0,0,0
1063878473,0,0,0,0,0,0,0,0
1035908881,0,0,0,0,0,0,0,0
1037236391,3,2,3,1,1,2,3,15
1058811176,0,2,0,1,1,1,1,6
1034609568,0,1,0,1,1,2,2,7
1040636426,3,1,0,0,3,0,0,7
1043616067,0,1,0,1,1,2,0,5
894619712,0,2,2,1,2,2,2,11
652073284,0,0,0,0,0,0,0,0
720943224,0,2,2,1,1,1,1,8
328893713,0,1,0,0,0,1,0,2
1010734546,0,1,0,1,1,1,1,5
546197775,3,2,3,3,3,2,1,17
781103828,0,2,1,1,1,1,1,7
629401837,0,2,2,1,1,1,3,10
239745714,0,0,0,0,0,0,0,0
1075378778,0,1,0,0,0,1,0,2
1071725073,0,2,2,1,1,2,2,10
1064673455,0,2,2,1,2,1,1,9
1062402901,0,2,2,1,2,1,1,9
1065834065,0,0,0,0,0,0,0,0
102103311,0,0,0,0,0,0,0,0
415094643,3,3,3,3,3,2,3,20
1074646092,0,2,0,1,1,2,0,6
1073211711,0,0,0,0,0,0,0,0
901825635,3,3,3,3,1,2,3,18
901305291,3,3,1,2,1,2,1,13
901036317,0,2,2,1,1,2,1,9
901030023,0,2,2,1,1,2,1,9
901011845,3,3,2,2,1,2,1,14
900774667,0,2,1,1,1,2,1,8
900717363,0,2,1,1,1,2,1,8
1045190917,2,3,3,3,3,2,3,19
1047268823,0,1,0,1,1,1,1,5
785099509,0,2,2,1,1,2,1,9
898616421,0,2,2,3,2,1,3,13
809529584,0,2,0,1,1,1,1,6
798472079,0,2,2,1,2,1,3,11
784899763,0,2,2,1,1,1,3,10
977543287,0,2,1,2,2,2,0,9
962623099,0,0,0,0,0,0,0,0
872762012,3,2,2,1,2,2,3,15
402236195,3,3,3,3,2,2,1,17
1055158091,0,1,0,0,1,0,0,2
1010292981,0,1,0,1,1,2,0,5
818077694,0,2,2,1,1,1,3,10
534173861,0,1,2,1,1,1,1,7
604762875,0,0,0,0,0,0,0,0
919636039,3,2,2,3,2,2,3,17
996870597,0,1,0,0,1,1,0,3
726354796,0,2,1,0,1,1,0,5
984251625,0,2,1,1,1,1,0,6
89414202,3,3,3,3,3,2,3,20
704346871,0,2,3,1,1,1,3,11
1038212134,3,3,1,0,1,2,0,10
319721793,0,0,0,0,0,0,0,0
753292509,0,1,0,1,1,1,1,5
925227304,0,2,2,1,1,1,3,10
1020737254,0,2,0,1,1,2,1,7
1026935325,0,2,1,1,1,1,1,7
1020225358,0,2,2,1,1,1,1,8
830642637,0,2,1,0,1,1,0,5
1010989236,2,2,1,1,1,1,1,9
1011135657,0,2,3,1,1,1,1,9
908760735,0,2,2,1,1,1,3,10
1000720281,0,0,0,0,0,0,0,0
964166841,0,2,2,0,1,1,0,6
1002511015,0,0,0,0,0,0,0,0
1056060834,3,2,3,1,1,2,1,13
1072746074,0,2,0,1,1,1,1,6
1062373889,0,2,2,1,1,1,3,10
1070641095,0,2,0,1,1,2,1,7
1040668843,3,3,3,3,3,2,3,20
883479306,0,1,2,1,1,1,3,9
696506212,3,3,3,3,3,2,3,20
1065042084,0,2,0,1,1,2,0,6
1061975761,0,1,0,1,1,1,0,4
1082915431,0,1,1,0,1,1,0,4
1043518131,3,3,3,3,3,2,3,20
97026739,0,0,0,0,0,0,0,0
103751522,0,0,0,0,0,0,0,0
1045046264,3,3,3,3,3,2,1,18
1048225875,3,3,2,2,2,1,1,14
1043980713,2,2,3,1,2,1,3,14
1033560362,0,1,0,1,1,2,1,6
953851694,0,2,1,1,1,2,2,9
1005078275,3,3,3,1,1,2,1,14
1021520263,0,2,1,1,1,2,1,8
962376476,3,2,3,1,1,2,1,13
1049571651,0,1,0,1,1,2,1,6
917392031,3,3,3,3,3,2,3,20
926055825,3,3,3,3,3,1,3,19
1073748297,3,3,2,3,1,2,2,16
1020128361,0,2,0,1,1,1,1,6
618900789,0,1,1,1,1,2,0,6
946242384,0,0,0,0,0,0,0,0
785068341,0,1,2,1,1,2,0,7
415998582,0,2,1,0,1,1,0,5
923891151,0,0,0,0,0,0,0,0
141128861,0,0,0,0,0,0,0,0
202956536,0,0,0,0,0,0,0,0
793101076,0,2,2,1,1,1,3,10
746129586,0,0,0,0,0,0,0,0
847516945,3,2,2,1,3,2,3,16
1056785066,0,1,1,3,1,1,0,7
904137361,3,2,1,2,3,1,0,12
1049794576,3,2,2,2,2,1,1,13
444950451,1,2,2,1,1,2,2,11
998298326,0,2,0,1,1,1,1,6
1049849629,0,0,0,0,0,0,0,0
726069021,0,2,2,1,1,1,3,10
830742904,3,3,2,3,2,2,3,18
1080850265,0,2,2,1,1,1,3,10
306735152,0,2,2,1,1,1,1,8
575913992,0,2,1,1,1,1,1,7
1080894354,0,2,1,1,1,1,1,7
1077286059,0,2,2,1,1,1,1,8
1051387972,1,2,2,1,2,2,1,11
874096202,2,2,2,3,2,2,3,16
14364363,0,0,0,0,0,0,0,0
84052216,0,0,0,0,0,0,0,0
869907459,0,2,1,1,1,2,2,9
950668521,0,2,1,1,1,1,1,7
1005222276,0,2,2,1,1,1,1,8
170009169,0,2,2,1,1,2,3,11
767414452,3,3,3,3,2,1,3,18
771016718,3,3,3,3,2,1,3,18
849128739,0,1,2,1,1,1,3,9
832486394,0,2,2,1,1,1,3,10
885910758,0,2,1,1,1,1,1,7
437890412,0,2,1,1,1,1,1,7
1048581794,0,2,2,1,1,1,3,10
888822925,0,3,2,1,1,1,0,8
648536188,0,2,2,1,1,1,1,8
1073391275,2,2,1,1,1,1,1,9
885200695,0,2,2,1,1,1,3,10
1071325467,0,1,0,1,0,2,0,4
1050311548,0,2,1,1,1,2,2,9
1055621268,0,0,0,0,0,0,0,0
1056562114,0,0,0,0,0,0,0,0
1074328589,0,1,2,1,3,2,3,12
715067329,3,3,3,1,2,2,3,17
236093164,3,2,0,1,2,2,0,10
877154547,3,3,3,1,2,2,2,16
726441857,3,2,0,3,2,2,1,13
600504306,3,3,1,2,1,1,0,11
743038634,0,1,1,0,0,1,0,3
889888558,3,3,3,3,3,2,3,20
970014552,0,2,0,1,2,1,1,7
971553409,0,2,2,1,2,1,1,9
965142923,0,2,0,1,1,2,1,7
993926745,0,2,1,1,1,1,1,7
984283079,0,2,0,1,0,1,1,5
1021089895,1,2,2,3,1,2,1,12
983323556,1,2,0,3,1,2,1,10
998022834,0,0,0,0,0,0,0,0
997056411,0,2,1,1,1,1,1,7
912594793,0,2,1,0,1,1,0,5
969836689,2,2,0,1,1,2,1,9
1044202847,0,1,0,1,1,1,0,4
1020220244,0,0,0,0,0,0,0,0
1026995722,0,2,0,1,1,1,1,6
1029518635,3,3,2,1,2,2,3,16
968097199,0,2,1,1,1,2,2,9
928465985,1,2,3,2,2,1,3,14
909027163,0,2,0,2,2,2,0,8
1056749005,3,2,2,3,2,2,3,17
961574599,0,2,0,0,1,1,0,4
782532204,3,3,2,3,2,1,1,15
290157208,0,1,0,1,1,2,1,6
961196483,3,3,2,3,2,2,1,16
930649562,0,2,1,0,1,1,0,5
494719268,0,2,0,1,1,2,1,7
570765098,0,2,1,1,1,2,2,9
953381814,0,2,1,1,1,1,1,7
487100392,0,0,0,0,0,0,0,0
833683229,0,0,0,0,0,0,0,0
914857425,3,3,3,1,2,2,3,17
737233791,3,2,3,3,2,2,3,18
839321797,3,3,3,3,3,2,3,20
389148471,0,2,2,3,1,1,3,12
990378613,0,0,0,0,0,0,0,0
1004879403,3,2,2,3,2,2,3,17
690312462,3,2,3,1,2,2,3,16
69862806,0,0,0,0,0,0,0,0
876219927,3,2,3,3,2,1,3,17
630191151,0,2,2,1,1,1,1,8
630127648,2,2,2,1,2,1,1,11
907316028,3,3,3,3,3,2,3,20
1066714438,3,3,1,2,3,1,1,14
1064611872,0,2,2,1,1,2,3,11
992105834,0,1,1,0,1,1,0,4
984097458,3,2,1,3,2,2,1,14
434877139,3,3,3,3,2,2,3,19
765728685,3,2,3,1,1,2,3,15
138056411,0,0,0,0,0,0,0,0
895981713,1,2,1,1,1,2,1,9
1056297378,0,2,2,1,1,1,1,8
215627497,0,0,0,0,0,0,0,0
1011831378,0,2,2,1,1,1,3,10
1018047324,0,2,2,1,1,1,3,10
1015477807,0,2,2,1,1,2,1,9
1023745639,0,2,2,1,1,1,1,8
1022688751,3,3,3,3,2,2,3,19
622482519,3,3,3,3,3,2,3,20
25753848,0,0,0,0,0,0,0,0
389577981,2,2,0,1,1,1,1,8
996581861,0,1,1,0,0,1,0,3
992400906,3,3,3,3,3,2,3,20
237683553,0,1,0,1,0,2,2,6
910569024,0,2,0,1,1,1,1,6
793598748,0,0,0,0,0,0,0,0
883943807,0,2,0,1,1,2,1,7
590162743,3,3,3,3,2,2,3,19
904689819,0,2,1,0,1,1,0,5
490572782,0,1,1,1,1,1,1,6
936453115,0,1,0,0,1,1,0,3
1071893555,0,2,2,1,1,1,0,7
306380308,0,2,1,1,1,1,1,7
470565906,0,2,2,1,1,1,1,8
806735664,0,2,1,0,2,1,0,6
972651333,1,2,0,3,2,2,0,10
923095771,1,2,0,3,2,2,0,10
861003433,3,3,3,3,2,2,3,19
760929151,3,3,2,3,2,2,3,18
14148008,3,3,3,1,2,2,3,17
970464551,3,3,3,1,2,2,2,16
26439299,0,0,0,0,0,0,0,0
1055064847,2,2,1,1,1,2,2,11
1051748251,1,3,2,2,2,2,3,15
1044435441,0,2,0,1,1,2,0,6
1043963517,3,2,3,3,3,2,2,18
988551165,0,2,0,0,0,1,0,3
922379281,3,3,3,3,3,2,1,18
651281879,0,1,2,1,1,1,0,6
356786841,2,2,2,3,2,1,3,15
1079935238,3,3,3,3,3,2,3,20
655245761,0,2,0,1,1,1,1,6
1051504703,1,2,2,1,2,2,3,13
1078750848,3,3,3,2,2,1,3,17
957112399,0,2,3,2,1,1,1,10
1064935408,0,2,2,2,3,1,1,11
1059846594,0,1,0,0,1,2,0,4
979547214,0,2,1,3,1,1,1,9
1051878539,0,2,2,1,1,2,0,8
1052420512,0,2,1,0,1,1,0,5
1068620815,0,2,1,0,1,1,0,5
1068069764,0,0,0,0,0,0,0,0
786146898,0,2,0,0,0,1,0,3
1054387533,0,2,0,3,1,1,1,8
997136034,0,2,2,1,2,2,3,12
991994823,1,2,2,1,1,2,3,12
953527678,3,3,3,3,2,2,3,19
953587389,3,3,2,3,1,1,1,14
835864412,0,3,2,1,2,1,3,12
835722338,0,2,2,1,2,1,1,9
791367449,0,2,2,1,1,1,3,10
1059704406,0,2,2,1,1,2,3,11
95026708,0,0,0,0,0,0,0,0
168928974,0,0,0,0,0,0,0,0
92601072,0,0,0,0,0,0,0,0
339416654,3,2,3,3,2,2,3,18
891169178,0,0,0,0,0,0,0,0
891147776,0,0,0,0,0,0,0,0
1012891805,0,2,2,1,1,2,0,8
1000677268,0,2,2,2,1,1,3,11
1011546095,0,1,0,0,0,1,0,2
352933459,1,2,2,3,2,2,3,15
1064860841,0,0,0,0,0,0,0,0
823591442,3,3,3,3,3,1,3,19
1054905108,3,2,3,3,3,2,3,19
874753594,0,0,0,0,0,0,0,0
1044318023,3,2,2,1,1,2,1,12
778546331,0,2,2,1,1,1,0,7
976484288,1,2,1,1,1,2,1,9
928516871,3,3,3,3,3,2,3,20
851556771,0,2,2,1,1,2,1,9
924923133,0,1,0,0,1,1,0,3
1081966879,0,1,0,2,1,1,0,5
1080738956,0,2,1,2,3,0,0,8
1076689734,3,2,3,3,2,2,3,18
1080657369,0,2,1,2,3,0,0,8
1080442652,0,0,0,0,0,0,0,0
806940151,1,3,2,1,2,2,3,14
1078977655,0,0,0,0,0,0,0,0
86853231,0,0,0,0,0,0,0,0
930326901,0,2,2,1,1,1,3,10
879563777,0,3,2,1,2,1,3,12
1081898083,3,2,3,3,2,2,3,18
434929468,3,3,3,3,3,2,3,20
90451293,0,0,0,0,0,0,0,0
1055457952,0,2,0,1,1,1,1,6
1040538532,3,3,3,3,3,2,3,20
1063229647,0,2,1,2,1,1,1,8
1064484451,0,2,1,1,1,1,1,7
1062328432,0,2,0,1,1,1,1,6
1082397435,0,1,0,0,0,1,0,2
1077132568,0,2,2,1,1,1,3,10
1073385422,0,2,0,3,1,1,0,7
1009853325,0,1,0,1,1,2,1,6
1000512939,0,2,2,1,2,2,3,12
1003427758,0,1,0,1,1,2,0,5
996609541,0,0,0,0,0,0,0,0
983878117,0,1,0,1,2,2,2,8
979426393,0,1,0,1,1,2,2,7
995458322,0,1,0,0,0,1,0,2
988575425,3,2,1,1,2,2,1,12
1047605911,1,3,2,2,2,1,1,12
304829435,0,2,1,0,1,1,0,5
108089704,0,0,0,0,0,0,0,0
473463675,0,2,1,1,1,1,1,7
353572887,0,1,0,1,1,2,0,5
982648509,3,3,2,3,3,2,3,19
704288408,0,1,0,0,0,1,0,2
1057693484,0,1,2,1,1,1,3,9
992825984,1,2,2,3,2,1,1,12
989197551,2,2,3,1,1,2,2,13
794007313,3,3,3,3,3,2,3,20
254377205,3,3,2,1,2,2,1,14
1048900713,0,2,2,1,1,1,3,10
857665375,0,2,2,2,1,1,3,11
10594359,0,0,0,0,0,0,0,0
1040309692,0,1,2,1,1,1,3,9
1036007297,0,1,0,0,0,1,0,2
1043406287,0,2,2,1,1,1,3,10
979934948,0,0,0,0,0,1,0,1
971803552,0,1,0,0,1,1,0,3
956827115,0,1,1,0,1,1,0,4
791103095,0,1,0,0,1,1,0,3
988422106,0,1,0,0,0,2,0,3
789885849,0,2,1,0,2,2,0,7
873369383,0,1,0,0,0,1,0,2
957089926,1,2,2,1,1,2,3,12
1045191727,3,2,2,1,2,2,3,15
922824519,0,0,0,0,0,0,0,0
1009353257,0,2,1,1,1,2,2,9
1004742176,0,0,0,0,0,0,0,0
996624518,0,1,0,1,1,2,1,6
974592444,0,2,0,0,1,1,0,4
1000826932,0,0,0,0,0,0,0,0
469172983,0,1,1,1,1,1,1,6
998352566,0,1,2,1,1,1,1,7
1052426633,0,2,0,1,1,2,1,7
948090491,0,1,1,0,1,1,0,4
1049626441,0,3,2,1,2,1,1,10
1036427261,0,0,0,0,0,0,0,0
1048431855,0,2,3,1,1,1,3,11
1059847363,3,2,2,1,2,2,2,14
1039709063,0,2,0,1,1,2,1,7
989569148,3,2,2,3,2,2,1,15
894292965,0,1,0,0,0,1,0,2
36785442,0,0,0,0,0,0,0,0
1077550326,0,0,0,0,0,0,0,0
1019289137,1,2,0,1,1,2,2,9
485591536,0,1,0,1,1,2,0,5
991912071,0,1,0,1,1,2,0,5
103569344,0,0,0,0,0,0,0,0
1035847127,3,3,3,3,3,2,3,20
1040134996,1,2,1,1,2,2,1,10
155831835,0,0,0,0,0,0,0,0
1034252937,0,2,3,1,1,1,3,11
1015770543,1,2,1,1,2,2,1,10
1050401604,0,2,2,2,1,1,3,11
870498665,3,2,2,2,3,2,1,15
1034375249,0,0,0,0,0,0,0,0
194049414,3,3,3,3,3,2,3,20
141491875,0,2,0,1,1,1,1,6
875338625,3,3,3,1,2,2,3,17
297860169,0,1,0,0,1,2,0,4
992230445,3,3,2,2,2,2,0,14
628223334,3,3,3,3,2,2,3,19
771959511,3,3,2,3,2,2,3,18
1058472491,0,1,0,1,1,2,2,7
16486484,0,0,0,0,0,0,0,0
1063462091,0,0,0,0,0,0,0,0
1078476875,0,0,0,0,0,0,0,0
1077153496,0,2,0,3,1,1,0,7
964066792,3,3,3,3,3,2,2,19
1082926854,0,0,0,0,0,0,0,0
1082478614,0,2,2,1,1,1,1,8
1082464267,0,0,0,0,0,0,0,0
1081783572,0,0,0,0,0,0,0,0
1081862944,3,2,1,1,1,1,1,10
1080768059,0,0,0,0,0,0,0,0
1081400993,0,1,2,1,1,1,3,9
1081304724,0,2,2,1,1,1,1,8
853434566,1,2,3,1,1,1,3,12
1047766926,0,2,0,1,1,1,1,6
1073117456,0,1,0,1,1,2,0,5
1044937531,0,0,0,0,0,0,0,0
104493764,0,0,0,0,0,0,0,0
1052743926,0,2,2,3,3,2,3,15
1035429207,0,1,0,0,1,1,0,3
1013244947,3,2,3,1,2,2,1,14
1013243167,3,2,3,1,2,2,1,14
700254579,1,2,0,3,2,2,1,11
1024269934,3,3,3,3,2,2,3,19
1015282952,3,3,3,2,2,2,3,18
1019205376,0,1,0,1,1,2,1,6
1004863872,0,2,0,1,1,2,1,7
670181957,3,3,3,3,2,2,3,19
670298992,3,3,3,3,3,1,3,19
1057571698,0,2,0,1,0,1,1,5
779826812,0,1,1,0,1,1,0,4
1028133473,0,2,0,1,1,1,1,6
922669009,0,0,0,0,0,0,0,0
1064955236,0,2,2,1,1,1,3,10
1052209121,3,3,1,2,3,1,1,14
1058109096,0,1,0,0,0,1,0,2
1058874312,0,0,0,0,0,0,0,0
960755252,2,0,0,1,0,2,0,5
957708301,2,0,0,1,0,2,0,5
714827354,3,3,3,3,3,2,3,20
584842408,3,3,3,3,3,2,1,18
955979539,0,2,0,2,1,1,0,6
778987441,0,0,0,0,0,0,0,0
1055464082,0,0,0,0,0,0,0,0
709276324,1,3,2,1,2,1,3,13
1047767291,0,1,0,0,1,1,0,3
1040861341,0,0,0,0,0,0,0,0
612126631,3,3,3,2,3,2,1,17
605477178,3,3,3,2,3,2,0,16
1000796935,2,2,2,1,2,2,3,14
788592163,0,2,2,3,2,1,1,11
996422226,0,2,2,1,1,2,3,11
945736575,0,2,1,1,1,1,1,7
913979714,0,2,0,1,1,2,1,7
417523534,3,3,2,2,2,2,1,15
327433385,0,1,1,1,0,1,1,5
323738483,0,2,2,1,1,2,1,9
322821084,0,3,1,1,1,2,1,9
323733135,0,3,1,1,1,2,1,9
323738036,0,2,2,1,1,2,1,9
323736825,0,3,3,1,1,1,1,10
325985386,0,2,1,1,1,2,0,7
904742013,3,3,3,3,3,2,3,20
1023073386,0,2,2,1,1,2,1,9
975726374,0,2,3,1,1,2,3,12
1018213372,0,2,0,0,0,1,0,3
990169679,3,2,2,1,2,2,1,13
1018294969,3,3,1,1,1,2,1,12
1000584255,0,2,2,2,1,2,2,11
954044354,0,2,0,1,1,2,2,8
993619639,0,2,0,1,2,2,3,10
947651405,3,2,2,2,2,1,1,13
198978722,0,0,0,0,0,0,0,0
1033527166,0,2,2,1,1,2,1,9
1051310586,3,3,3,3,3,2,3,20
496057853,0,2,1,1,1,1,1,7
523629304,3,3,3,3,2,2,1,17
1046843216,0,2,2,1,2,2,3,12
1048562884,0,2,2,1,1,1,1,8
452962434,3,3,3,3,3,2,3,20
474814454,3,3,3,3,2,2,3,19
519555373,3,3,3,3,2,2,3,19
919678502,3,2,2,2,2,2,1,14
763136505,3,2,1,1,1,2,2,12
612054166,3,2,2,3,2,2,3,17
280252159,3,1,3,1,2,2,2,14
658066017,3,3,2,1,2,2,1,14
1026318297,1,3,2,3,2,2,3,16
1026273713,3,3,2,3,3,2,3,19
253163154,0,0,0,0,0,0,0,0
308774763,1,2,2,2,2,2,3,14
230847135,1,1,2,1,2,1,1,9
838303302,1,2,2,1,1,1,1,9
838303845,1,3,2,3,2,2,1,14
953347385,3,3,3,2,2,2,3,18
1059792019,0,2,1,1,1,2,1,8
689025938,1,2,3,3,2,1,1,13
1049698812,2,2,3,1,2,1,1,12
1043621894,0,2,0,0,0,1,0,3
1029642142,0,2,1,0,1,1,0,5
388888836,2,3,2,1,2,2,3,15
409390811,3,2,3,2,2,2,3,17
878961934,3,3,3,3,2,2,3,19
873403751,3,3,3,3,3,2,3,20
863669705,3,3,3,3,3,2,3,20
864673249,0,0,0,0,0,0,0,0
417836631,0,0,0,0,0,0,0,0
782846743,0,1,0,1,1,2,1,6
993539998,1,2,2,1,1,1,1,9
242067588,3,3,3,3,2,2,3,19
622540022,0,1,0,0,1,1,0,3
459258716,0,2,0,1,0,1,1,5
689273375,0,2,1,1,1,2,2,9
688501147,0,2,1,0,1,1,0,5
807317753,0,2,0,1,1,2,2,8
682568389,0,2,1,1,1,2,0,7
533326231,1,2,1,1,1,2,2,10
39630866,0,0,0,0,0,0,0,0
1076662561,0,0,0,0,0,0,0,0
995178381,3,3,3,3,3,2,3,20
1008609171,3,3,3,3,3,2,3,20
980328874,3,3,2,3,2,2,3,18
985465033,2,2,0,2,2,2,0,10
983887768,0,2,0,2,2,1,0,7
975187998,1,2,2,1,1,2,1,10
1055712795,0,1,0,0,1,1,0,3
897927565,1,2,2,1,1,2,0,9
863928678,3,3,3,3,2,2,3,19
1076483236,0,2,1,1,1,1,1,7
1077526673,0,2,2,1,1,1,3,10
1070305363,0,2,1,1,1,1,0,6
465388568,3,2,3,3,2,2,3,18
535981233,1,2,1,1,2,2,0,9
995036389,3,3,3,3,2,2,3,19
319153867,3,3,3,3,2,2,3,19
1080760218,0,1,0,1,3,2,0,7
718605535,2,1,0,1,2,2,0,8
244188101,0,0,0,0,0,0,0,0
749926113,3,3,2,3,3,1,3,18
710299091,0,2,3,3,2,1,3,14
626956998,0,2,3,1,1,1,3,11
430818531,0,0,0,0,0,0,0,0
545941349,3,3,3,3,3,2,3,20
780601277,3,2,0,2,3,2,1,13
928899169,3,3,3,3,3,2,3,20
102155645,0,0,0,0,0,0,0,0
1074814213,2,1,0,0,0,2,0,5
1047873935,0,2,1,0,1,1,0,5
876442152,2,2,2,3,2,1,3,15
706961082,1,3,3,3,2,1,3,16
552347907,0,2,2,1,1,1,3,10
879024213,0,2,2,1,1,1,3,10
199514617,0,0,0,0,0,0,0,0
608196314,1,3,3,3,2,2,3,17
1061295424,0,2,0,0,0,1,0,3
223564865,0,1,0,0,0,1,0,2
1008246408,0,0,0,0,0,0,0,0
889199324,0,2,0,0,0,1,0,3
998985457,0,2,2,1,1,1,3,10
998886338,0,1,0,0,0,1,0,2
997385762,0,1,2,1,1,1,3,9
993323999,3,3,3,3,2,2,1,17
985499676,3,3,2,3,2,2,3,18
1081401655,0,2,0,3,1,1,0,7
1071470501,0,1,1,0,0,1,0,3
1074293252,0,2,2,1,1,1,1,8
1072273576,0,1,2,1,1,1,3,9
903956214,0,2,1,0,1,1,0,5
942992224,0,1,0,0,1,1,0,3
1039720814,0,1,0,1,0,2,2,6
894581643,1,2,1,1,1,2,2,10
817823524,3,2,2,1,1,2,3,14
809056125,3,2,2,1,2,2,2,14
798781933,2,2,0,1,1,1,1,8
1083139507,3,3,3,3,2,2,3,19
393622195,0,2,0,0,1,1,0,4
512768624,0,2,3,1,2,1,1,10
1061950183,0,0,0,0,0,0,0,0
1047826239,0,2,1,1,1,1,1,7
1057732908,1,2,2,3,2,1,3,14
1082003978,0,2,0,0,0,1,0,3
1081729317,0,0,0,0,0,0,0,0
1080411606,2,2,2,1,2,2,1,12
1070968469,0,0,0,0,0,0,0,0
1048447211,0,2,1,1,1,2,1,8
1074799942,0,2,1,1,1,1,1,7
1077562624,0,2,0,0,0,1,0,3
970668048,0,2,0,1,2,1,0,6
518599749,1,2,0,1,1,2,0,7
709853061,3,2,3,1,1,2,3,15
882286651,0,0,0,0,0,0,0,0
531608427,1,2,0,1,1,2,2,9
550215047,0,2,0,1,1,2,1,7
496757218,0,2,2,1,1,1,3,10
795002195,0,2,2,1,2,2,1,10
728556016,3,2,2,2,3,2,3,17
775228758,0,1,0,1,0,1,1,4
719087302,2,2,3,3,2,1,3,16
1013373181,2,2,2,1,1,2,3,13
880692221,0,1,0,1,1,2,0,5
1023835129,0,2,2,2,1,2,1,10
905016656,0,1,0,0,1,1,0,3
10742037,0,2,0,1,3,1,1,8
764464505,0,2,2,1,2,1,3,11
1051192273,0,1,0,1,1,2,1,6
149423676,0,0,0,0,0,0,0,0
911644254,0,2,2,1,1,1,1,8
840962744,0,0,0,0,0,0,0,0
990458873,0,0,0,0,0,0,0,0
996446639,0,0,0,0,0,0,0,0
98399503,0,0,0,0,0,0,0,0
1080219696,1,2,2,3,2,1,3,14
1066896024,1,3,2,3,2,2,3,16
996053138,1,2,2,3,2,2,3,15
782316232,3,3,3,3,3,2,3,20
216210918,3,3,3,3,2,2,3,19
767966093,3,3,3,3,3,2,3,20
884149061,3,3,3,3,3,2,3,20
656656201,0,0,0,0,0,0,0,0
520571095,0,2,2,2,2,1,1,10
557437055,3,3,2,3,2,2,3,18
1060741638,3,3,3,3,2,2,1,17
1049547051,3,2,2,3,1,2,1,14
120775923,3,3,3,3,3,2,3,20
1020949014,3,2,1,3,2,2,1,14
798489483,3,2,0,3,3,2,1,14
545725626,0,1,0,1,0,2,2,6
547276933,0,1,0,1,0,2,2,6
720243438,3,3,3,3,2,2,3,19
1022061569,0,0,0,0,0,0,0,0
947576776,0,0,0,0,0,0,0,0
748553686,3,3,3,3,3,2,3,20
900383778,3,3,2,1,2,1,1,13
894071529,3,3,3,3,3,2,3,20
743580141,3,3,3,3,2,2,3,19
831484422,0,2,0,0,0,1,0,3
1080250335,0,2,0,1,1,1,1,6
1049510613,2,2,0,1,2,2,0,9
1009336873,0,2,0,1,1,2,1,7
715303306,0,2,2,2,1,1,1,9
880424812,0,0,0,0,0,0,0,0
990285982,3,2,0,0,1,2,0,8
204772313,0,2,1,1,1,2,2,9
825314897,0,1,0,0,0,1,0,2
801587676,0,2,0,1,2,2,2,9
759809661,0,0,0,0,0,0,0,0
818119797,0,2,3,1,1,1,3,11
743272461,0,3,3,1,1,1,3,12
1015329727,0,2,1,1,1,1,1,7
591473658,0,2,3,1,1,1,3,11
990082049,1,2,0,1,2,1,1,8
1007133212,0,1,0,0,0,1,0,2
810651811,0,2,3,1,1,1,3,11
971488327,3,3,3,3,2,1,3,18
432540049,3,3,3,3,3,2,3,20
608871948,3,3,3,3,3,2,3,20
735791219,3,3,2,3,2,2,3,18
285632495,3,3,2,1,2,2,2,15
642702068,3,3,3,3,3,2,3,20
997459867,0,0,0,0,0,0,0,0
473987695,0,1,3,1,1,1,1,8
385869631,0,1,3,1,1,2,3,11
1045326333,2,2,2,1,2,2,2,13
1044024226,0,1,0,1,1,2,0,5
1034053738,0,0,0,0,0,0,0,0
989623138,0,2,2,1,1,1,1,8
919581699,0,1,0,1,1,2,0,5
961252982,0,1,0,1,1,2,0,5
927811716,3,3,3,3,3,2,3,20
866526572,3,3,3,3,3,2,3,20
954742661,3,3,3,3,3,2,3,20
749564038,3,3,3,3,3,2,3,20
953538926,3,3,3,3,3,2,3,20
969972736,0,2,3,1,1,2,3,12
763872563,3,3,3,3,3,2,3,20
1016938559,3,3,3,3,3,2,3,20
436165451,3,3,3,3,3,2,3,20
728721636,3,3,3,3,3,2,3,20
781592643,3,3,3,3,3,2,3,20
880492668,2,2,2,1,2,2,3,14
880604569,3,3,3,3,2,2,3,19
865143935,3,3,3,3,3,2,3,20
876809294,3,3,3,3,3,2,3,20
86645258,0,0,0,0,0,0,0,0
944472269,1,2,2,3,2,1,0,11
1056816672,3,3,2,2,2,2,1,15
382035329,3,3,3,3,3,2,3,20
443100142,3,2,3,2,3,2,3,18
538900996,3,3,3,3,3,2,3,20
881765628,3,3,3,2,3,2,2,18
237725713,3,2,2,3,1,2,3,16
996532296,1,2,3,1,1,2,3,13
1001215311,0,2,2,0,1,1,0,6
1070850304,0,1,0,1,1,2,0,5
1068423327,1,2,2,3,2,2,3,15
1070603796,0,2,0,1,1,1,1,6
962723745,0,2,0,0,0,1,0,3
22157714,3,3,3,3,2,2,3,19
36760896,3,3,3,3,3,2,3,20
643728956,0,2,2,1,2,1,3,11
408013342,0,2,0,1,1,1,1,6
235504161,3,3,3,3,2,2,3,19
867592174,3,3,2,2,2,2,3,17
562139002,0,2,1,0,1,1,0,5
51359774,0,0,0,0,0,0,0,0
1015564867,0,2,0,1,1,2,1,7
185668962,0,0,0,0,0,0,0,0
156739125,0,0,0,0,0,0,0,0
197163416,0,0,0,0,0,0,0,0
502729638,3,2,3,1,2,2,3,16
570624224,3,2,3,1,2,2,3,16
978117748,1,2,3,1,2,2,3,14
1031508286,3,2,0,1,2,2,1,11
553962782,0,2,2,1,1,1,1,8
711666156,0,2,0,3,1,1,1,8
982108994,0,3,2,2,2,2,1,12
960977803,0,2,1,1,1,2,0,7
761650972,0,2,3,2,3,1,3,14
885802838,0,2,2,2,1,1,3,11
418203025,3,3,3,1,3,2,3,18
967850553,0,0,0,0,0,0,0,0
11647759,0,0,0,0,0,0,0,0
1079863738,0,2,0,1,1,1,1,6
844261179,0,2,0,1,1,1,1,6
1050534227,3,3,3,3,3,2,1,18
1030832091,0,0,0,0,0,0,0,0
1053021853,1,2,0,3,1,1,1,9
1051349929,0,0,0,0,0,0,0,0
1044507822,0,0,0,0,0,0,0,0
75179122,3,3,3,3,2,2,1,17
962638571,3,3,2,3,2,2,1,16
937840273,1,3,2,3,3,2,3,17
945631363,3,3,2,2,2,2,1,15
362924441,0,1,2,1,1,1,3,9
265428336,3,3,3,3,3,2,3,20
508082881,3,3,3,3,3,2,3,20
935046706,0,0,0,0,0,0,0,0
972925668,0,2,0,0,0,1,0,3
935606335,0,2,2,1,1,1,3,10
980876373,3,2,2,3,2,2,3,17
638877778,0,2,1,0,1,1,0,5
884182097,3,3,3,3,2,2,3,19
1004810397,0,2,1,0,1,1,0,5
879516451,2,2,3,1,1,1,3,13
954225318,0,2,1,0,1,1,0,5
945487726,0,3,1,3,1,1,1,10
834078785,0,2,3,1,1,1,3,11
841142631,0,2,3,1,1,1,3,11
947452166,0,2,1,0,1,1,0,5
515746215,0,2,3,1,1,1,3,11
888732242,0,2,3,1,1,1,3,11
1014928659,0,2,3,1,1,1,3,11
950343919,0,0,0,0,0,0,0,0
924564868,0,0,0,0,0,0,0,0
450753693,3,2,3,2,3,2,3,18
450744405,3,2,3,2,3,2,3,18
737034575,1,2,2,1,2,2,3,13
623869645,3,3,3,1,2,2,3,17
638042313,3,3,3,1,1,2,3,16
700738738,2,1,0,0,1,2,0,6
653811292,1,2,0,1,1,1,0,6
589488674,2,2,0,1,1,2,0,8
969354654,0,1,0,1,1,1,1,5
1074534995,0,0,0,0,0,0,0,0
1068103051,0,1,0,1,1,2,0,5
1059079294,3,3,1,1,1,2,1,12
1020171447,3,2,2,1,1,2,1,12
1046263517,0,2,0,1,1,1,0,5
1027265147,0,2,0,0,0,1,0,3
1009466571,0,2,2,1,1,2,1,9
1016678668,2,2,1,2,2,0,0,9
971891004,0,2,2,1,1,1,1,8
884981314,0,2,3,1,1,1,1,9
921485025,3,3,3,3,3,2,3,20
26401827,0,0,0,0,0,0,0,0
889801343,0,1,1,1,1,2,1,7
947082736,0,1,0,1,1,1,0,4
732662269,0,1,0,1,1,2,2,7
863073037,0,2,3,1,1,1,3,11
424971836,0,1,0,1,1,2,0,5
726507743,0,2,3,1,1,1,3,11
426089527,0,1,0,0,1,1,0,3
485153449,0,0,0,0,0,0,0,0
700369736,0,2,3,2,1,1,3,12
1076920789,0,2,1,1,1,1,1,7
884919027,1,2,2,1,1,2,1,10
266044751,0,1,3,1,1,2,3,11
960904623,3,3,3,2,3,3,3,20
949676752,3,2,3,1,2,1,3,15
1045160158,2,2,2,1,1,2,3,13
957646579,0,1,0,1,1,1,1,5
1013735768,0,0,0,0,0,0,0,0
101377323,0,0,0,0,0,0,0,0
1049732663,0,2,1,1,1,1,1,7
866577147,3,3,3,2,3,2,3,19
1012085659,0,1,1,1,1,1,1,6
702115713,3,2,2,1,1,2,3,14
995441486,0,1,0,0,1,1,0,3
964173069,0,2,0,1,1,1,1,6
979812885,0,0,0,1,0,0,0,1
1063644066,3,3,3,3,3,2,1,18
921847739,2,3,3,3,2,2,3,18
894801455,3,3,3,3,3,2,3,20
1076684245,3,3,2,1,1,2,3,15
890476056,0,2,3,1,1,1,3,11
1002492638,3,3,2,1,1,2,3,15
1041088715,0,2,0,1,1,2,0,6
953457817,0,2,1,1,2,1,1,8
979857023,0,1,3,1,1,2,0,8
150718993,0,0,0,0,0,0,0,0
881642483,0,1,1,1,1,2,2,8
1000652212,0,2,3,1,1,1,3,11
968466268,0,2,2,1,1,1,1,8
788544521,0,1,3,1,1,2,3,11
1078727244,0,2,3,1,1,1,3,11
1007947012,0,3,2,2,2,1,3,13
1048384815,0,3,1,2,1,1,1,9
1032726532,0,3,1,3,1,1,1,10
1069403736,0,2,1,1,1,1,1,7
910193938,0,1,0,0,0,1,0,2
1079638149,0,2,1,1,1,1,1,7
1005569735,3,2,1,2,2,1,0,11
1050686417,0,1,0,0,0,1,0,2
394631614,0,2,2,1,2,1,3,11
861716706,2,2,2,3,2,2,3,16
1076410125,0,2,1,1,1,1,1,7
1054012526,0,2,2,1,1,2,3,11
988617292,0,0,0,0,0,0,0,0
1041640355,3,2,3,1,1,2,1,13
985219356,0,2,0,1,0,2,0,5
1068199155,0,0,0,0,0,0,0,0
1064638082,0,2,0,1,1,2,0,6
948175994,0,2,2,1,1,1,1,8
923196031,3,3,3,3,3,2,3,20
556451127,3,3,3,3,3,2,3,20
939918473,3,3,0,2,2,2,0,12
413632466,0,2,0,1,2,2,0,7
11826597,0,0,0,0,0,0,0,0
1007572426,0,2,1,3,1,1,1,9
1006903974,0,1,0,1,1,1,0,4
1000529817,0,2,0,1,1,2,1,7
999582247,0,2,2,1,1,2,1,9
986319002,1,2,1,1,1,2,1,9
1001551745,3,2,3,1,1,2,1,13
1000432182,3,2,3,3,2,2,3,18
30190332,0,0,0,0,0,0,0,0
741961003,0,2,0,0,1,2,0,5
1042052705,0,0,0,0,0,0,0,0
65811674,0,0,0,0,0,0,0,0
184638055,0,0,0,0,0,0,0,0
165830846,0,0,0,0,0,0,0,0
554435441,0,2,1,1,1,1,1,7
239254463,0,0,0,0,0,0,0,0
213630696,0,0,0,0,0,0,0,0
17368412,0,0,0,0,0,0,0,0
505815193,0,2,3,1,2,2,2,12
167404515,0,0,0,0,0,0,0,0
829655711,3,3,3,3,3,2,3,20
172966771,2,2,3,1,2,2,3,15
1047526834,0,3,2,2,2,1,1,11
944043035,3,3,3,3,3,2,3,20
1005452866,3,3,2,3,2,2,3,18
954854545,3,2,2,3,2,2,3,17
960672669,2,2,2,3,2,2,1,14
91582479,0,0,0,0,0,0,0,0
1082237001,0,1,0,1,1,2,0,5
1082216079,0,2,0,0,0,1,0,3
1045414555,0,1,0,1,1,2,0,5
1046883423,3,2,3,1,1,2,1,13
1038717051,3,2,3,1,1,2,1,13
1050290509,0,1,0,1,1,2,0,5
1050492841,0,2,0,1,1,1,1,6
1050313732,0,0,0,0,0,0,0,0
1050352198,0,0,0,0,0,0,0,0
1035291874,3,1,3,1,1,2,2,13
999799774,0,0,0,0,0,0,0,0
1012842003,0,1,0,1,1,2,0,5
1014882567,0,0,0,0,0,0,0,0
1014069784,0,2,0,1,1,1,1,6
747429612,3,3,3,3,3,1,3,19
19791305,0,0,0,0,0,0,0,0
992442132,0,2,0,2,2,1,0,7
107740484,0,0,0,0,0,0,0,0
1069153734,0,2,2,2,1,1,3,11
919229965,3,3,2,2,2,2,1,15
988491386,0,2,1,1,1,2,1,8
943771985,0,2,1,1,1,1,1,7
823734214,0,2,2,3,1,1,1,10
946851755,0,1,0,0,1,2,0,4
949622727,3,2,2,3,2,2,3,17
1050774462,0,2,2,1,1,1,1,8
1050393314,0,2,1,1,1,1,0,6
826107217,2,3,2,1,1,1,3,13
1049291832,0,0,0,0,0,0,0,0
1049749335,0,2,1,1,1,1,1,7
1050268239,0,0,0,0,0,0,0,0
1049935956,0,2,1,3,1,1,1,9
1050073124,0,0,0,0,0,0,0,0
1048391487,2,2,1,2,2,1,1,11
1047896112,0,2,0,1,1,1,1,6
1048692345,0,2,1,1,1,1,0,6
724646041,0,2,0,1,1,1,1,6
779396397,3,3,2,3,2,2,3,18
775002873,1,3,2,1,2,2,3,14
812697859,0,2,2,1,1,2,2,10
303059422,0,1,2,1,1,2,2,9
404291205,3,3,2,3,3,2,1,17
645775624,0,2,3,1,1,1,3,11
155329468,0,0,0,0,0,0,0,0
990421348,0,0,0,0,0,0,0,0
56685036,0,0,0,0,0,0,0,0
980754058,0,0,0,0,0,0,0,0
377042059,0,2,2,1,2,1,3,11
1015800295,0,0,0,0,0,0,0,0
1013926884,0,0,0,0,0,0,0,0
1022889335,0,0,0,0,0,0,0,0
992637242,0,2,2,1,1,1,3,10
985224207,1,2,1,1,2,2,2,11
1046426181,0,2,1,1,1,1,1,7
376946981,0,0,0,0,0,0,0,0
1072913073,0,2,1,1,1,1,0,6
1063040409,0,0,0,0,0,0,0,0
1045395291,0,2,1,1,1,1,1,7
1048488134,0,1,0,0,1,1,0,3
1029681778,0,0,0,0,0,0,0,0
1050393373,0,0,0,0,0,0,0,0
996677937,0,2,0,1,1,1,1,6
985282581,0,2,2,1,1,2,3,11
875770208,1,2,1,1,1,2,1,9
952969236,0,2,2,1,1,1,1,8
401109316,0,0,0,1,1,2,0,4
1016687494,3,2,3,2,2,2,3,17
379318795,0,1,2,1,1,2,1,8
513550723,3,3,2,2,3,2,1,16
680539548,3,2,3,3,2,2,2,17
781627488,0,2,0,1,1,1,1,6
985818427,0,1,1,1,1,1,1,6
773943874,3,3,3,1,3,2,3,18
791502105,0,0,0,0,0,0,0,0
964808575,0,1,2,1,1,2,3,10
1064860963,0,2,1,1,1,1,1,7
1018191584,0,0,0,0,0,0,0,0
1010566673,3,3,1,3,2,2,1,15
371668558,3,3,3,3,3,2,3,20
295400715,3,3,3,3,2,2,3,19
599139359,3,3,3,3,3,2,3,20
116917489,0,0,0,0,0,0,0,0
587221397,3,2,3,3,2,2,3,18
649449073,3,2,3,3,2,2,3,18
920378014,3,3,3,1,2,1,3,16
931599392,3,3,2,1,2,2,2,15
986952348,3,2,3,3,2,2,1,16
981004608,1,2,3,1,2,2,3,14
196058801,3,3,3,3,3,2,3,20
1075884469,3,3,0,2,2,1,0,11
1049130851,3,2,2,2,2,2,3,16
829896284,0,2,2,1,1,1,3,10
1048726642,0,2,0,1,1,2,1,7
1039318147,0,2,0,1,1,1,1,6
1062029784,0,1,0,1,1,2,0,5
1061347293,0,1,0,0,1,1,0,3
1048068304,0,1,0,1,1,2,2,7
1061363442,0,2,2,1,1,2,3,11
1030435186,0,2,2,2,1,1,1,9
104685698,0,0,0,0,0,0,0,0
1045325931,0,0,0,0,0,0,0,0
1037107557,0,2,2,1,1,1,3,10
1018559979,0,2,2,1,2,1,3,11
878419246,0,2,0,1,1,2,1,7
942263613,0,2,2,1,1,1,1,8
508034045,0,2,2,1,1,1,3,10
943165822,0,2,2,1,1,1,3,10
997163664,0,2,0,1,1,1,1,6
879104518,0,3,2,3,1,1,3,13
836050809,3,3,3,3,2,1,3,18
980279581,0,2,2,3,1,1,3,12
1058584614,0,0,0,0,0,0,0,0
1077596304,0,2,0,1,1,1,1,6
1056652789,0,2,2,1,2,1,3,11
1075813979,0,1,0,0,1,1,0,3
1072450921,0,2,1,1,1,1,1,7
884125783,1,3,2,3,2,1,1,13
877866577,3,2,3,1,2,2,1,14
1022550186,0,2,0,2,2,1,0,7
839662098,0,2,0,0,0,1,0,3
1018077462,0,2,0,2,1,1,0,6
1019476894,3,2,0,1,1,2,2,11
1069014721,0,0,0,0,0,0,0,0
553953381,0,0,0,0,0,0,0,0
653315184,3,3,3,3,3,2,3,20
618081162,3,3,3,3,3,2,3,20
559251711,3,2,3,1,1,2,3,15
1009334777,0,3,2,1,1,1,0,8
1007746332,2,2,0,1,2,2,2,11
1076998693,2,2,2,2,1,2,1,12
1048224346,1,2,2,2,2,2,0,11
1075238427,0,2,2,1,1,2,1,9
1067617097,0,0,0,0,1,0,0,1
1064728179,3,3,2,3,2,1,3,17
1009955565,0,2,2,1,1,1,1,8
169938699,0,0,0,0,0,0,0,0
937898363,0,2,0,0,0,1,0,3
641323188,1,2,1,1,1,1,1,8
1071297656,0,2,0,0,0,1,0,3
989086594,0,0,0,0,0,0,0,0
975717071,0,2,0,1,1,1,1,6
1002706151,3,2,0,1,2,1,1,10
945157829,0,0,0,0,0,0,0,0
926832889,0,2,0,0,0,1,0,3
998336639,1,3,2,3,2,2,1,14
886473019,0,0,0,0,0,0,0,0
944788184,0,2,2,1,1,1,3,10
950331084,0,2,1,1,1,1,1,7
698786653,0,1,2,1,1,1,1,7
774364538,2,3,3,3,2,1,3,17
798726955,0,3,0,2,2,1,1,9
771741868,0,2,1,3,2,1,1,10
1043923179,0,2,0,2,1,1,0,6
951958372,3,3,2,3,2,2,3,18
730515024,0,2,0,0,0,1,0,3
388156231,0,2,1,1,1,1,1,7
1045974522,2,1,0,1,1,1,0,6
742664327,0,2,2,1,1,1,3,10
73450396,0,0,0,0,0,0,0,0
244249078,0,0,0,0,0,0,0,0
962024538,0,3,2,1,1,1,3,11
417446877,0,2,0,0,0,1,0,3
874543415,1,3,2,3,2,2,3,16
123196537,3,3,2,1,2,2,3,16
803259515,0,0,0,0,0,0,0,0
868028227,3,3,3,3,3,1,3,19
1076568588,0,1,1,1,1,1,1,6
1075018986,0,2,0,1,1,2,1,7
1071257466,0,2,1,1,1,1,1,7
1073944622,0,2,3,1,1,2,1,10
1071126616,0,0,0,0,0,0,0,0
474188914,0,2,1,1,1,1,1,7
1056487511,0,2,2,1,1,1,3,10
973961143,0,2,1,1,1,1,1,7
1037923887,0,2,2,1,1,1,3,10
1014031785,0,0,0,0,0,0,0,0
979113015,0,0,0,0,0,0,0,0
1038817526,0,0,0,0,0,0,0,0
962650049,0,2,0,0,0,1,0,3
1040244368,0,2,0,0,0,1,0,3
411564594,0,2,2,3,1,2,3,13
893599985,0,0,0,0,0,0,0,0
1040124799,0,2,1,0,1,1,0,5
1012084942,0,0,0,0,0,0,0,0
338838206,0,2,0,2,2,2,0,8
749873336,0,2,1,1,1,1,1,7
551527485,0,2,0,0,0,1,0,3
1042919027,3,3,3,1,2,2,3,17
1044002542,3,3,3,3,2,1,3,18
390755748,3,3,3,3,3,2,3,20
1070071413,0,0,0,0,0,0,0,0
1065136956,0,2,1,1,1,1,1,7
1064203746,0,2,2,1,1,2,3,11
360596342,0,1,0,1,1,2,0,5
1081803163,0,2,0,0,0,1,0,3
1052923665,0,2,2,1,1,1,3,10
1047743386,3,3,3,3,3,2,3,20
1041825188,0,2,1,1,1,1,1,7
1048799078,3,3,2,1,2,2,3,16
1052500299,2,3,2,3,2,1,3,16
992144434,0,1,0,1,1,2,1,6
989171847,3,1,0,0,2,2,0,8
1046785443,3,2,2,3,1,2,1,14
1046644662,0,0,0,0,0,0,0,0
975574986,3,2,2,2,1,2,2,14
944717681,3,2,2,3,2,2,2,16
937864172,3,2,2,3,2,2,3,17
897496765,3,2,0,1,1,2,1,10
225855125,0,2,2,1,1,1,3,10
757106365,0,2,1,0,1,1,0,5
683225359,0,2,1,2,3,1,1,10
210294808,0,0,0,0,0,0,0,0
1039674307,0,0,0,0,0,0,0,0
978812669,0,2,0,0,1,1,0,4
904586931,0,2,2,2,2,1,3,12
757122765,0,1,1,1,1,1,1,6
1052697126,2,2,3,1,2,2,1,13
980080831,0,2,0,0,0,1,0,3
1009165218,0,2,2,1,1,1,1,8
1005178492,0,2,1,1,1,1,1,7
988653365,0,0,0,0,0,0,0,0
1005334415,0,2,0,1,1,1,1,6
1002941955,3,2,3,3,1,2,1,15
990449815,0,0,0,0,0,0,0,0
443628537,3,3,2,3,2,1,3,17
749394255,3,3,3,2,3,1,1,16
748243525,3,2,3,3,2,2,3,18
713395744,3,2,3,3,2,2,3,18
950812639,2,2,2,1,1,2,1,11
771848131,3,3,3,3,3,1,3,19
843571911,0,2,1,1,1,1,1,7
634811662,0,2,1,1,1,1,0,6
425042149,3,3,3,1,2,2,1,15
94599238,0,0,0,0,0,0,0,0
944360903,0,3,2,1,2,1,3,12
595202582,3,3,3,3,2,2,3,19
218270997,0,0,0,0,0,0,0,0
930527145,3,3,3,3,2,1,3,18
950773646,3,3,3,3,2,2,3,19
984369441,0,2,2,1,1,1,1,8
996700848,0,2,0,1,1,1,1,6
996700034,3,3,1,0,2,2,0,11
996699777,0,2,0,1,2,2,0,7
954263392,0,2,1,0,1,1,0,5
1078664462,0,1,0,0,0,1,0,2
38778692,0,0,0,0,0,0,0,0
1078137836,0,0,0,0,0,0,0,0
456016368,0,0,0,0,0,0,0,0
892587631,0,0,0,0,0,0,0,0
1031495003,0,2,0,0,1,1,0,4
724931544,0,2,0,1,1,1,1,6
677283025,0,2,1,1,1,1,1,7
667083363,0,2,0,1,0,1,0,4
1045383276,0,2,1,1,1,1,1,7
1008416774,0,2,0,0,0,1,0,3
420439619,0,2,2,1,1,1,3,10
892395631,0,2,3,1,2,2,3,13
997731682,0,2,2,3,1,1,3,12
963446591,3,3,3,3,2,2,3,19
840669958,0,2,0,1,1,1,1,6
671205328,3,3,3,3,3,2,3,20
397445096,2,3,3,2,2,2,3,17
713582117,3,3,3,3,3,3,3,21
427343175,3,3,2,3,2,2,3,18
425526171,3,3,2,3,2,2,1,16
991791827,0,1,0,0,1,1,0,3
1059951775,0,2,1,1,1,1,1,7
894448447,0,0,0,0,0,0,0,0
960956912,0,2,0,3,1,1,1,8
984121871,1,2,2,2,1,1,1,10
880111505,2,2,1,1,1,2,1,10
964606216,3,3,1,1,1,2,1,12
1071380003,0,2,0,2,2,1,0,7
994046136,3,2,2,3,2,2,3,17
1040957585,3,3,3,1,2,2,1,15
881877829,0,2,0,1,1,1,1,6
930462927,1,2,3,1,2,2,1,12
239446012,3,3,3,3,3,2,3,20
931793521,3,3,3,3,3,2,3,20
169850648,0,0,0,0,0,0,0,0
925515522,3,3,3,3,3,2,3,20
944141529,0,2,1,1,1,1,1,7
939540732,0,2,1,1,1,1,1,7
102793969,0,0,0,0,0,0,0,0
1003000515,3,2,3,1,2,2,1,14
1011699697,0,0,0,0,0,0,0,0
891823468,0,1,2,1,1,1,1,7
415189582,3,2,3,3,3,2,3,19
498793987,2,3,2,1,2,2,3,15
26357549,0,0,0,0,0,0,0,0
769739943,0,2,3,1,1,2,3,12
166721927,0,0,0,0,0,0,0,0
429679003,0,1,0,0,1,1,0,3
22684419,0,0,0,0,0,0,0,0
853531683,0,2,3,1,1,1,3,11
547651176,0,1,1,1,1,2,0,6
613817662,0,1,2,0,1,1,0,5
656439456,2,2,3,1,2,3,3,16
912347405,0,2,1,1,1,1,1,7
996783849,0,1,0,0,1,1,0,3
960965709,0,2,2,1,1,1,1,8
988853802,3,2,2,2,2,1,3,15
991792769,0,0,0,0,0,0,0,0
996630273,0,2,2,1,1,1,1,8
955895127,0,1,0,0,0,1,0,2
859948964,0,2,2,1,1,1,3,10
1078076807,0,2,1,2,3,1,0,9
1011433961,0,0,0,0,0,0,0,0
1045926608,0,0,0,0,0,0,0,0
941485819,0,2,0,1,1,1,1,6
1068006947,0,2,0,0,1,1,0,4
1073898365,0,0,0,0,0,0,0,0
1028436448,1,2,3,3,2,1,3,15
1074703577,3,3,2,3,2,2,3,18
1071450813,0,1,0,1,1,1,1,5
1040988119,0,2,0,1,1,2,0,6
874064758,0,2,2,1,1,1,1,8
1018324039,0,2,0,1,1,1,1,6
998243433,0,2,0,0,0,1,0,3
981784283,3,3,3,2,1,1,3,16
1049527762,0,0,0,0,0,0,0,0
972392644,1,2,1,0,1,0,0,5
878987446,3,3,2,3,2,2,3,18
328944218,3,2,3,3,3,2,3,19
932666509,0,0,0,0,0,0,0,0
650408008,0,2,1,1,1,1,1,7
948226599,2,3,2,3,2,2,2,16
1030735171,0,2,1,1,1,1,1,7
1064685422,0,2,2,1,1,1,1,8
1017840431,0,1,0,1,1,2,0,5
1060497199,0,1,0,1,1,2,1,6
1058021895,0,2,0,1,1,1,1,6
555226384,0,2,2,1,1,1,3,10
909955108,0,2,0,0,0,1,0,3
1015010759,3,2,2,2,2,2,3,16
927347532,0,1,3,1,1,1,3,10
1009212694,0,2,2,1,1,1,3,10
922209134,0,1,0,1,1,2,0,5
18494879,0,0,0,0,0,0,0,0
18714911,0,0,0,0,0,0,0,0
21253099,0,0,0,0,0,0,0,0
927108304,0,3,3,3,2,1,3,15
966583769,1,2,2,1,2,2,3,13
1013233009,0,0,0,0,0,0,0,0
716956381,0,2,2,1,1,1,1,8
24352309,0,0,0,0,0,0,0,0
1012858674,1,2,0,1,3,1,1,9
941468691,0,2,0,1,1,2,0,6
956218426,3,3,3,3,3,1,1,17
945033457,3,3,2,2,1,1,3,15
1078918693,0,2,0,1,1,2,2,8
1074162128,0,2,2,1,1,1,3,10
1065115871,0,2,2,1,1,1,3,10
1067295708,0,2,2,1,1,1,3,10
835975782,0,1,0,0,2,1,0,4
790446641,3,3,2,2,1,1,3,15
835134763,0,2,2,3,1,1,3,12
570501663,1,2,2,1,2,1,3,12
1054765355,3,2,2,1,2,2,3,15
244851847,1,2,2,1,1,2,2,11
344363225,3,3,3,1,2,1,3,16
170161442,0,1,3,1,2,2,3,12
226357204,3,3,3,3,3,2,3,20
171090986,0,0,0,0,0,0,0,0
202752084,0,2,2,3,1,1,3,12
1082469825,3,3,3,3,2,2,1,17
1071272529,3,2,2,2,2,2,3,16
1021657958,0,2,0,0,0,1,0,3
98099308,3,3,3,3,3,3,3,21
918115027,1,2,2,2,1,1,1,10
422550977,2,3,2,2,3,2,1,15
71369562,0,0,0,0,0,0,0,0
1061714782,1,3,0,3,2,1,0,10
958712812,3,3,3,3,2,2,3,19
988352738,0,2,0,0,2,2,0,6
93211432,0,0,0,0,0,0,0,0
1075881184,0,1,0,1,1,2,1,6
229570036,0,0,0,0,0,0,0,0
891338497,3,2,2,3,3,1,3,17
1052327902,0,0,0,0,0,0,0,0
1065337701,0,0,0,0,0,0,0,0
961748178,0,0,0,0,0,0,0,0
997994392,0,0,0,0,0,0,0,0
996440707,0,2,0,1,1,1,1,6
1051915087,0,2,0,1,1,2,1,7
1050448229,0,2,0,0,0,1,0,3
1048245367,0,0,0,0,0,0,0,0
1043386946,0,1,0,0,0,2,0,3
1042854114,0,0,0,0,0,0,0,0
1042759452,0,3,1,0,1,1,0,6
1040481093,0,0,0,0,0,0,0,0
1040790597,0,0,0,0,0,0,0,0
1037786364,0,0,0,0,0,0,0,0
1032243858,0,0,0,0,0,0,0,0
1002765195,0,0,0,0,0,0,0,0
1000824351,0,1,0,0,0,1,0,2
999828592,0,2,0,1,1,1,1,6
999459572,0,0,0,0,0,0,0,0
993126902,0,0,0,0,0,0,0,0
998710265,0,1,0,0,0,1,0,2
950106082,0,0,0,0,0,0,0,0
1000361446,0,0,0,0,0,0,0,0
995548404,0,2,0,0,0,1,0,3
996566122,0,2,2,1,1,1,1,8
943337029,0,2,2,1,1,2,3,11
564597373,3,2,3,3,3,2,3,19
194793098,0,0,0,0,0,0,0,0
396105103,0,2,0,1,2,1,1,7
298653449,3,2,3,3,3,2,1,17
498792602,3,2,3,3,2,1,3,17
708597479,1,2,2,3,2,1,3,14
707880357,0,2,0,2,2,1,1,8
886157293,0,2,0,0,0,1,0,3
798745819,0,2,0,1,2,1,1,7
719408417,0,2,1,1,1,1,1,7
326369307,3,3,3,3,2,2,3,19
552012238,0,2,1,1,1,1,1,7
406456495,0,2,0,1,2,1,1,7
514298609,0,2,0,3,2,1,1,9
872275528,0,0,0,0,0,0,0,0
897739609,3,3,2,3,2,2,3,18
907359831,0,0,0,0,0,0,0,0
1078126575,0,1,0,1,1,2,0,5
246846565,3,2,3,3,2,2,3,18
1071902358,3,2,3,2,2,1,1,14
967756453,0,2,0,1,1,1,1,6
964807753,1,3,2,3,2,1,3,15
926036573,3,2,3,3,2,2,2,17
992524106,3,3,3,3,3,2,2,19
1030996506,0,2,2,1,1,1,3,10
915126061,0,0,0,0,0,0,0,0
871429751,0,2,0,0,0,1,0,3
900482585,3,3,3,3,3,2,3,20
843242866,3,3,3,3,2,2,1,17
50281508,0,0,0,0,0,0,0,0
1052771625,0,0,0,0,0,0,0,0
1000622242,0,0,0,0,0,0,0,0
1000818762,0,2,1,1,1,1,1,7
997917975,0,0,0,0,0,0,0,0
994309741,0,2,2,1,1,1,1,8
979228986,0,0,0,0,0,0,0,0
997121869,0,0,0,0,0,0,0,0
963089419,3,2,0,1,2,2,1,11
1015238648,1,2,2,2,1,2,1,11
975385578,0,1,0,0,1,2,0,4
1009318545,3,2,0,1,2,2,1,11
1038361292,0,2,0,1,1,1,1,6
996218811,0,1,0,0,0,1,0,2
1068071302,0,2,1,1,1,1,1,7
1002429934,0,2,0,1,1,2,0,6
874980511,3,2,3,1,1,1,3,14
786508783,0,1,2,1,1,1,1,7
329398624,0,2,1,1,1,1,1,7
936685924,0,2,3,3,1,2,3,14
373573965,0,2,0,1,1,1,1,6
1000577318,0,0,0,0,0,0,0,0
960690035,0,2,1,1,1,2,1,8
945326251,0,2,1,1,1,1,1,7
912472466,3,3,2,3,2,2,3,18
945315997,0,2,0,1,1,1,1,6
964237782,0,2,3,1,1,1,1,9
1034256964,0,2,1,1,1,1,1,7
1024332927,0,2,3,1,1,1,3,11
1018071378,0,2,0,1,1,1,1,6
1030057906,0,2,0,1,1,1,1,6
909422699,0,2,0,3,1,2,0,8
872291676,0,0,0,0,0,0,0,0
926701895,3,2,2,1,2,2,1,13
1000588647,2,3,2,3,3,1,3,17
1000872451,0,1,0,1,1,2,0,5
1003616423,0,0,0,0,0,0,0,0
783260278,0,2,0,0,0,1,0,3
266699069,3,3,3,3,3,2,3,20
14313693,0,0,0,0,0,0,0,0
292243078,0,2,1,1,1,1,1,7
572122556,3,3,3,3,3,2,3,20
451583736,3,3,3,3,2,2,3,19
984078769,2,3,2,1,2,2,3,15
400396643,3,3,3,3,2,2,3,19
283694426,3,3,3,3,2,2,3,19
1025269192,0,1,0,0,0,1,0,2
1054799029,0,0,0,0,0,0,0,0
1054619335,0,0,0,0,0,0,0,0
1081705254,0,2,2,1,1,1,0,7
638056427,0,3,2,1,2,1,3,12
751004231,0,2,0,1,1,1,1,6
1080481836,0,2,1,1,1,1,1,7
1064669078,0,2,0,1,1,1,1,6
406554103,0,2,2,1,1,1,3,10
1077160652,0,2,0,1,2,1,1,7
1076288035,0,2,1,1,1,1,1,7
797101912,3,3,3,3,3,2,3,20
1037018888,0,0,0,0,0,0,0,0
1067835452,0,1,0,1,0,1,0,3
548349815,3,3,3,3,3,2,3,20
993146945,3,3,3,3,2,2,3,19
926701081,3,3,2,3,2,2,3,18
585823183,0,2,3,1,1,1,3,11
1009622205,0,2,2,2,2,1,3,12
1021706444,0,2,3,2,2,2,3,14
1019241387,0,2,3,1,2,2,3,13
1031448321,0,2,3,3,2,2,3,15
1022360743,0,2,3,3,2,2,3,15
1009436004,0,2,3,1,2,1,3,12
711276116,0,2,3,3,1,2,3,14
1011881269,0,2,2,1,1,1,3,10
1050240717,0,0,0,0,0,0,0,0
942876745,0,1,0,0,1,1,0,3
966766514,0,0,0,0,0,0,0,0
904378966,0,1,0,0,1,1,0,3
980061154,0,0,0,0,0,0,0,0
979676889,0,2,0,2,2,2,1,9
992581421,0,2,0,2,2,1,1,8
905736812,0,1,0,0,1,1,0,3
968864465,0,2,1,1,1,1,1,7
962020199,0,2,3,1,2,2,2,12
957858816,1,2,3,1,2,1,1,11
521427582,1,2,1,1,2,2,1,10
991836101,0,2,0,3,1,1,0,7
791029226,0,1,0,0,1,2,0,4
880784622,2,2,2,1,2,2,1,12
1008523911,3,2,3,1,2,2,3,16
1003238546,3,2,3,1,2,2,3,16
624428614,3,3,3,3,3,2,3,20
840740221,3,3,3,3,3,1,3,19
764586948,3,3,3,3,3,2,3,20
624410107,3,3,3,3,3,2,3,20
923154678,0,2,2,2,2,1,1,10
727929584,3,3,3,3,3,1,3,19
1035862546,1,3,0,1,2,2,1,10
1075076657,3,2,2,3,2,2,1,15
1051836822,3,2,2,2,1,2,2,14
1054351993,0,1,2,1,1,2,1,8
1019161401,0,0,0,0,0,0,0,0
946109835,3,3,3,2,3,2,3,19
704217742,2,3,3,1,2,2,2,15
288146101,3,3,3,1,2,1,3,16
579045371,3,3,3,2,3,2,3,19
168353791,0,0,0,0,0,0,0,0
12380822,0,0,0,0,0,0,0,0
350898298,3,2,3,2,3,2,3,18
391170191,2,2,0,3,2,2,2,13
468338679,3,3,3,3,2,2,3,19
801721943,3,3,3,3,3,2,3,20
502937198,0,1,2,1,1,2,0,7
690399521,2,3,2,2,1,3,1,14
720216919,0,1,3,1,1,1,3,10
789729683,2,3,2,2,2,2,3,16
1068710493,0,3,2,3,2,2,1,13
700917154,0,0,0,0,0,0,0,0
1048603457,0,2,1,3,3,1,1,11
744034702,0,0,0,0,0,0,0,0
885209677,0,0,0,0,0,0,0,0
630943567,2,3,2,3,2,2,1,15
855076629,0,0,0,0,0,0,0,0
879420268,3,2,0,3,2,2,1,13
875075331,0,2,0,1,2,1,1,7
840534452,0,2,1,1,1,1,1,7
1008311435,0,1,1,0,1,1,0,4
777016646,0,0,0,0,0,1,0,1
953465041,0,0,0,0,0,0,0,0
381797946,3,3,3,3,3,2,2,19
877554559,0,2,1,1,1,1,1,7
1009393918,0,2,0,0,0,1,0,3
836879845,0,2,0,1,1,1,1,6
1077060754,0,0,0,0,0,0,0,0
1071860363,3,2,1,2,2,0,0,10
1079807006,0,0,0,0,0,0,0,0
1078665105,0,2,0,1,0,1,1,5
1078515234,3,3,3,3,2,2,1,17
1076504028,0,0,0,0,0,0,0,0
1074440122,0,2,0,1,1,1,1,6
784177058,3,3,3,3,3,2,3,20
636290232,0,2,1,1,1,1,1,7
1022406499,2,2,0,1,1,2,1,9
1001578195,3,2,0,1,2,2,1,11
1017465443,0,1,0,1,1,2,0,5
1004724017,0,1,0,1,1,1,1,5
885347814,0,2,0,1,2,1,1,7
993440607,0,1,0,1,1,2,1,6
1005870265,3,2,1,1,2,2,1,12
1004788889,3,2,3,2,2,2,1,15
1000614593,0,1,0,0,2,1,0,4
701186553,3,2,3,3,2,1,1,15
1000621507,3,2,2,1,2,2,2,14
817193825,3,2,3,1,2,2,3,16
730983532,0,0,0,0,0,0,0,0
1080820805,0,1,0,1,1,1,1,5
1082345105,0,2,2,2,1,1,3,11
1080456411,0,2,2,1,1,1,3,10
1079932882,0,2,2,2,1,1,3,11
1079407618,0,2,2,1,1,1,1,8
1077660448,0,2,2,2,1,1,3,11
1076222556,0,2,2,1,1,1,3,10
1075277397,0,2,1,1,1,1,1,7
1071236546,0,0,0,0,0,0,0,0
19735853,0,0,0,0,0,0,0,0
890999245,0,2,0,1,1,2,1,7
1005244032,0,1,0,1,1,2,1,6
992972933,0,2,1,1,1,2,2,9
960045757,0,1,0,1,1,2,0,5
323357196,0,1,2,1,0,1,0,5
552276181,0,1,0,0,1,1,0,3
658459662,0,1,0,0,0,1,0,2
657959999,0,1,0,0,0,1,0,2
397783604,3,3,3,2,3,2,3,19
162964014,0,0,0,0,0,0,0,0
878012246,0,0,0,0,0,0,0,0
412791308,0,2,0,1,1,2,2,8
983846478,0,2,2,1,2,1,3,11
1071151166,0,0,0,0,0,0,0,0
1071304938,2,2,3,1,1,2,3,14
1078182548,0,1,0,1,1,2,0,5
1082053721,0,1,0,1,1,2,0,5
511138696,0,0,0,0,0,0,0,0
1079089821,0,1,0,1,3,1,0,6
1082139523,0,1,0,1,1,2,0,5
835183917,0,2,2,1,1,1,3,10
1080936423,0,0,0,0,0,0,0,0
1036063788,0,2,2,1,1,1,3,10
835171001,0,1,0,1,1,1,1,5
999520612,0,0,0,0,0,0,0,0
964966359,0,0,0,0,0,0,0,0
433596858,0,2,0,1,1,1,1,6
644238772,3,3,2,2,1,1,3,15
1027197111,0,0,0,0,0,0,0,0
1049592426,3,3,3,3,3,2,3,20
1043724967,3,3,3,3,3,2,3,20
1012139722,1,2,2,1,1,2,3,12
1020169014,0,1,0,3,2,2,0,8
52747022,0,0,0,0,0,0,0,0
18396413,0,0,0,0,0,0,0,0
520716879,3,3,2,3,3,2,3,19
199336219,0,0,0,0,0,0,0,0
317114336,3,3,2,1,2,2,1,14
1044007266,0,2,0,1,1,1,1,6
1059822867,0,2,2,1,1,1,1,8
585273551,3,3,3,3,3,2,1,18
952354362,0,2,2,1,1,1,1,8
1068872867,0,1,0,0,1,2,0,4
1052495302,3,3,2,3,2,2,1,16
1064283789,0,1,0,1,1,1,1,5
1057705753,3,2,3,1,1,2,3,15
948486163,3,2,3,1,3,2,3,17
849169568,0,2,0,1,1,1,1,6
1056846196,3,3,3,3,2,2,3,19
984896084,0,0,0,0,0,1,0,1
1016441561,0,0,0,0,0,1,0,1
1043390631,0,1,0,1,1,2,0,5
1041353592,0,0,0,0,0,0,0,0
1027166185,0,0,0,0,0,0,0,0
850128983,3,3,2,1,1,2,1,13
749210197,3,3,1,3,2,2,1,15
824487088,2,2,0,1,1,2,1,9
441039579,0,0,0,0,0,0,0,0
600582668,3,3,3,3,3,2,3,20
874577743,2,3,2,1,2,2,0,12
293174332,0,2,2,1,2,1,3,11
95181829,0,0,0,0,0,0,0,0
421482001,3,2,2,3,2,2,1,15
957369006,3,3,3,3,2,1,3,18
650426293,3,2,3,2,3,2,3,18
888690692,0,1,0,1,1,1,0,4
761966413,0,2,0,0,0,1,0,3
780550249,0,2,2,1,2,1,3,11
1081098722,0,1,0,0,1,1,0,3
968585152,0,1,0,1,1,2,1,6
884315248,0,0,0,0,0,0,0,0
871284267,0,2,1,1,1,1,1,7
1074298582,1,1,0,1,1,1,0,5
947616409,3,2,2,2,2,2,3,16
1005018193,3,3,1,1,2,2,1,13
174921297,0,0,0,0,0,0,0,0
979383238,0,2,0,1,1,1,0,5
985212893,0,2,1,0,1,1,0,5
887296918,0,2,0,1,1,2,0,6
971684828,0,1,0,1,1,2,0,5
977100295,3,3,3,1,2,2,3,17
1054688361,0,1,1,1,0,1,1,5
123735012,0,0,0,0,0,0,0,0
318213127,3,3,3,3,3,2,3,20
308988046,2,2,3,1,2,2,3,15
895782182,0,2,2,1,1,2,3,11
536208404,2,2,2,1,3,2,3,15
1077075405,0,0,0,0,0,0,0,0
1078504733,0,0,0,0,0,0,0,0
1077941684,0,0,0,0,0,0,0,0
635939382,3,3,3,3,2,2,3,19
1054735003,3,3,3,3,3,2,3,20
716553822,3,3,3,3,3,1,3,19
1070868358,0,2,0,1,1,2,1,7
1067324276,0,2,0,1,1,2,1,7
1067897147,0,2,3,1,1,1,3,11
91873917,0,0,0,0,0,0,0,0
639735047,0,2,0,0,0,1,0,3
882377398,3,3,3,3,3,2,3,20
246921934,3,2,3,1,3,2,3,17
880114914,3,3,2,1,2,2,3,16
144788643,3,2,3,2,3,2,3,18
314518515,3,3,3,1,3,2,3,18
347563185,3,2,3,3,3,2,3,19
877773307,3,2,3,3,2,2,3,18
871867262,3,3,3,3,3,2,3,20
842988356,3,3,2,2,2,1,3,16
502479505,0,2,2,1,1,1,3,10
1077962363,2,3,0,1,1,1,1,9
1047440073,0,2,0,1,1,1,0,5
658484861,3,3,3,3,2,2,1,17
975447634,0,2,1,0,1,1,0,5
99452558,0,0,0,0,0,0,0,0
320521869,3,3,3,3,3,2,3,20
725603696,3,3,3,3,3,2,3,20
262163227,3,3,3,3,3,2,3,20
947029321,0,2,0,1,1,2,0,6
837422504,0,2,0,1,1,2,0,6
941169842,0,2,1,1,1,2,0,7
937745133,0,2,0,1,1,2,0,6
958217446,0,3,0,1,2,2,1,9
917180063,1,2,3,3,2,1,3,15
754861205,1,3,2,3,2,1,3,15
1052646994,0,0,0,0,0,0,0,0
1063530891,0,1,0,1,1,1,1,5
954166746,1,3,1,1,2,2,1,11
1082001515,3,2,3,1,1,2,1,13
1081822133,3,2,3,1,1,2,1,13
780810911,3,3,3,3,3,2,2,19
1045159636,0,0,0,0,0,0,0,0
1048643889,0,1,1,0,1,2,0,5
1065418852,0,0,0,0,0,0,0,0
720948712,0,0,0,0,0,0,0,0
1052672103,0,1,0,1,1,2,2,7
798734255,3,2,3,1,1,2,1,13
808028429,3,2,3,1,1,2,1,13
828061873,3,2,3,1,1,2,1,13
1000491633,0,2,1,1,1,1,1,7
1008644226,0,2,0,1,1,2,1,7
959532878,0,2,2,0,1,1,0,6
1061789877,0,2,2,1,1,2,1,9
898110129,0,2,0,0,1,1,0,4
1054358887,3,3,3,3,3,2,3,20
1050137017,0,2,0,1,1,1,0,5
1050544057,2,3,2,3,2,2,1,15
1049017132,3,2,3,2,1,2,3,16
1050877011,0,2,1,1,1,2,0,7
1081837849,3,3,1,1,1,2,1,12
1077000599,0,0,0,0,0,0,0,0
454975304,0,2,1,0,1,1,0,5
742137809,0,1,0,0,2,1,0,4
1038033585,0,0,0,0,0,0,0,0
1036009404,1,2,2,1,1,1,1,9
62047948,0,0,0,0,0,0,0,0
552656423,0,2,2,1,1,2,3,11
24362421,0,0,0,0,0,0,0,0
1082716615,0,2,1,1,1,1,1,7
1080845548,0,2,0,1,1,1,1,6
1078188662,0,2,0,1,0,1,1,5
947192212,0,1,1,1,1,1,1,6
1077101017,0,1,0,1,1,2,0,5
1068110225,0,2,2,3,3,1,1,12
1048894517,0,2,0,1,1,1,0,5
1020298459,3,3,3,3,2,2,3,19
25034853,0,0,0,0,0,0,0,0
564484274,1,2,1,3,2,1,1,11
993269856,0,1,0,0,1,1,0,3
769716795,3,3,3,3,3,2,1,18
630884955,0,2,2,1,1,1,1,8
810043879,0,0,0,0,0,0,0,0
414849042,0,1,0,1,1,2,1,6
774996399,0,2,0,0,0,1,0,3
987303492,0,0,0,0,0,0,0,0
1057044846,0,2,2,2,1,1,1,9
991986779,0,1,1,1,1,1,1,6
1056755777,0,2,1,1,1,1,1,7
1059116321,2,2,0,1,2,2,2,11
1057256841,0,2,2,1,1,1,1,8
393107707,0,2,2,1,1,1,1,8
1051941475,0,2,1,0,1,1,0,5
1037578535,0,2,1,1,1,1,1,7
1033655198,0,0,0,0,0,0,0,0
859047474,1,3,3,3,2,1,3,16
834195137,3,3,3,3,3,2,3,20
1027539148,2,3,1,2,3,1,0,12
1016525538,3,3,1,1,3,2,0,13
966419572,0,0,0,0,0,0,0,0
986066962,0,0,0,0,0,0,0,0
967515019,0,0,0,0,0,0,0,0
966391934,0,0,0,0,0,0,0,0
937111269,1,3,2,3,1,1,0,11
893175479,0,0,0,0,0,0,0,0
893132703,1,3,3,1,2,2,1,13
890235891,0,0,0,0,0,0,0,0
898706947,0,0,0,0,0,0,0,0
898706596,0,0,0,0,0,0,0,0
888080269,0,0,0,0,0,0,0,0
887734757,0,0,0,0,0,0,0,0
887696474,0,0,0,0,0,0,0,0
886923679,0,3,0,0,0,0,0,3
857986399,3,2,1,1,2,2,1,12
857982932,3,2,1,1,2,2,1,12
451060755,0,0,0,0,0,0,0,0
1056617389,0,1,0,1,0,1,1,4
1061938586,0,0,0,0,0,0,0,0
13079871,0,0,0,0,0,0,0,0
852167342,0,1,0,1,1,2,0,5
806636883,0,2,0,0,1,1,0,4
549375478,0,2,0,1,1,2,1,7
963843518,0,2,0,0,0,1,0,3
962054129,0,2,1,1,1,1,1,7
339028508,0,2,3,1,1,1,1,9
1061652958,3,3,2,3,3,2,1,17
73529332,0,0,0,0,0,0,0,0
975390271,0,1,0,1,1,2,0,5
1058016912,0,2,2,0,1,1,0,6
1082887851,0,0,0,0,0,0,0,0
998381442,0,0,0,0,0,0,0,0
1078838218,0,0,0,0,0,0,0,0
1077587198,0,1,0,1,1,2,0,5
1077314354,0,0,0,0,0,0,0,0
1065078676,3,2,3,1,2,2,1,14
736368635,0,0,0,0,0,0,0,0
1071343201,0,1,0,0,1,1,0,3
1060559621,0,1,0,1,1,2,0,5
1077340768,0,0,0,0,0,0,0,0
899780016,1,2,2,1,1,1,1,9
541672857,0,2,2,1,1,1,1,8
707539274,0,0,0,0,0,0,0,0
940580824,0,2,1,1,1,2,2,9
1074538151,0,2,0,1,1,2,1,7
1025069336,0,2,0,1,1,1,1,6
1003098226,3,2,3,3,2,1,1,15
1018485346,0,2,0,3,2,2,0,9
1019911547,3,2,3,1,1,2,3,15
1020303233,3,3,3,1,1,2,1,14
1012497934,0,2,0,1,1,1,1,6
592293181,3,2,3,1,1,1,1,12
1038728798,0,1,1,1,1,1,1,6
545539104,0,2,1,1,1,1,1,7
810192938,0,1,0,0,2,1,0,4
772634246,0,2,2,1,2,1,3,11
1064836502,0,2,1,1,1,1,0,6
973830114,0,2,2,3,1,1,1,10
1050709095,0,0,0,0,0,0,0,0
947198295,3,3,3,3,3,2,3,20
952925087,0,2,0,3,1,2,1,9
975650365,0,2,1,1,2,1,1,8
1030604982,0,2,2,1,1,1,3,10
1019255923,0,2,1,0,0,1,0,4
752063046,2,2,2,1,2,1,1,11
1013706306,0,0,0,0,0,0,0,0
315300218,2,2,0,1,1,2,2,10
942984768,0,0,0,0,0,0,0,0
914934311,2,2,2,1,1,2,3,13
614586501,3,1,0,1,2,2,1,10
752060592,1,2,2,2,2,1,3,13
951436874,0,2,2,1,1,1,3,10
1051663592,0,2,1,2,2,0,0,7
934560918,0,0,0,0,0,0,0,0
674759723,0,2,3,1,1,1,1,9
1060090848,0,2,0,1,1,1,1,6
978193305,0,2,1,1,1,1,1,7
978523152,1,2,2,1,2,1,1,10
839752257,1,2,2,2,2,1,1,11
16803922,0,0,0,0,0,0,0,0
883665019,3,3,2,2,1,1,3,15
732770381,0,1,1,0,1,1,0,4
341554734,0,2,2,1,1,1,3,10
832463744,0,2,2,3,1,1,3,12
794984952,0,2,2,1,2,1,1,9
392502625,0,1,0,0,0,1,0,2
554054786,0,2,2,2,1,1,3,11
1033696006,0,0,0,0,0,0,0,0
661713918,0,2,1,1,1,1,1,7
925939312,0,1,2,1,2,1,1,8
873682697,3,2,2,2,2,2,3,16
846357359,0,2,1,1,1,1,1,7
849942945,0,2,1,1,1,1,1,7
862669575,3,3,3,3,2,1,3,18
966296234,0,3,2,3,2,1,3,14
1067915786,0,0,0,0,0,0,0,0
1050133684,0,3,2,2,2,1,3,13
481110885,0,2,2,1,1,1,1,8
1052347749,0,2,1,1,1,1,1,7
1050097166,3,3,0,1,1,2,1,11
1011362958,0,2,3,1,1,1,3,11
795070663,2,2,2,3,2,1,3,15
719950086,3,3,3,3,3,2,3,20
1081650842,0,0,0,0,0,0,0,0
1080494515,0,0,0,0,0,0,0,0
989153321,0,0,0,0,0,0,0,0
12072686,0,0,0,0,0,0,0,0
660957165,0,2,0,0,0,1,0,3
611590049,0,2,2,1,1,1,3,10
159649897,3,3,3,3,3,2,3,20
379948644,0,2,2,1,1,1,3,10
1048553413,0,0,0,0,0,0,0,0
930171098,0,1,0,0,1,2,0,4
1075707259,0,2,2,2,3,1,3,13
1078885838,0,1,0,1,1,1,0,4
1076290884,0,2,0,1,1,1,1,6
1075714486,3,2,3,1,1,2,1,13
1053948782,3,3,1,1,1,2,1,12
1056665159,3,3,3,1,2,2,2,16
1059013375,0,1,0,1,1,2,1,6
947615951,0,0,0,0,0,0,0,0
1066028882,0,1,0,0,1,2,0,4
1056881992,2,3,3,3,2,2,3,18
324852418,0,2,0,0,0,1,0,3
957896811,0,2,2,1,0,2,0,7
956778938,0,2,0,1,1,1,1,6
824791938,0,0,0,0,0,0,0,0
442130403,0,2,1,3,1,1,1,9
743519581,0,2,0,1,2,1,1,7
500431601,0,2,0,0,0,1,0,3
813765455,3,3,2,3,2,2,3,18
958371451,3,2,2,3,2,2,3,17
809053025,3,2,3,3,3,2,3,19
917340278,0,2,0,0,0,1,0,3
1075363599,2,2,2,1,1,2,1,11
915621249,2,2,0,1,2,1,1,9
1073359918,3,3,3,3,2,1,3,18
1071210252,0,0,0,0,0,0,0,0
1045828876,0,2,2,1,1,1,3,10
1048182445,3,3,3,1,1,2,3,16
1054778911,0,2,0,1,1,2,1,7
1052150426,0,1,2,1,2,2,3,11
1021195443,0,2,3,1,1,2,3,12
1022709425,0,3,0,3,2,1,1,10
1018607773,0,0,0,0,0,0,0,0
1019173342,3,2,1,2,2,1,0,11
1018071028,0,2,0,1,1,2,0,6
1058905379,3,3,1,2,1,1,1,12
1074488466,3,3,2,3,3,2,3,19
1074240024,0,2,0,0,0,1,0,3
1004866696,1,2,2,3,2,2,3,15
1072119726,3,2,3,1,1,2,1,13
1011241851,2,2,2,2,1,2,2,13
531016807,3,3,3,3,3,2,3,20
665528568,3,3,3,3,2,2,3,19
353419799,3,2,2,3,2,2,3,17
1071055047,0,0,0,0,0,0,0,0
1061598325,0,1,0,1,1,2,0,5
1061591534,0,0,0,0,0,0,0,0
1015574666,0,2,0,1,1,1,1,6
1040640668,0,1,0,1,1,2,0,5
1030420756,0,0,0,0,0,0,0,0
1028781387,0,2,1,0,1,1,0,5
1023455382,0,2,0,1,1,1,1,6
1006534563,0,0,0,0,0,0,0,0
1013821346,0,2,0,0,0,1,0,3
910418757,0,2,2,1,1,1,1,8
988289907,0,2,2,1,1,2,3,11
979809485,0,2,2,2,1,1,3,11
978495257,0,2,2,1,2,2,1,10
965208871,0,2,1,0,1,1,0,5
937447749,0,2,2,3,2,1,3,13
360841871,0,2,2,1,1,1,3,10
179929592,0,0,0,0,0,0,0,0
105611853,0,0,0,0,0,0,0,0
837541132,0,1,0,0,1,1,0,3
1017207635,0,1,0,1,1,2,0,5
1009734392,0,0,0,0,0,0,0,0
991660974,0,1,1,0,1,1,0,4
1074908915,0,0,0,0,0,0,0,0
1065584809,1,2,0,1,1,2,1,8
1077267158,0,0,0,0,0,0,0,0
1009465965,0,0,0,0,0,0,0,0
1022570794,0,2,1,1,1,1,1,7
1025187264,0,2,1,0,1,1,0,5
1024530783,0,1,2,1,1,2,1,8
1059187067,3,3,2,1,2,3,3,17
781875474,3,2,3,3,2,2,3,18
1014035762,3,3,2,2,2,2,3,17
819929577,3,2,2,1,2,2,3,15
1045585435,0,2,2,1,1,2,3,11
414853264,3,2,2,3,2,2,1,15
446780526,0,0,0,0,0,0,0,0
817836547,3,3,3,3,3,2,3,20
1067070495,0,0,0,0,0,0,0,0
1044890969,0,3,1,3,1,1,1,10
886330591,3,3,3,3,3,2,3,20
1058123161,0,2,2,1,1,2,1,9
939863973,0,2,0,1,1,2,0,6
871980461,3,2,3,1,2,1,1,13
953929279,0,1,0,1,2,1,1,6
894210005,0,2,0,1,1,1,1,6
928973275,0,1,0,1,1,1,1,5
829743535,2,2,2,2,2,1,1,12
886202548,0,2,0,1,1,1,1,6
848105455,3,3,2,1,2,2,2,15
71181936,3,3,3,3,3,2,3,20
191992478,0,0,0,0,0,0,0,0
497243184,2,2,2,1,2,2,1,12
731605126,2,2,2,1,2,2,3,14
507670223,0,2,2,1,1,2,1,9
725268484,3,2,1,3,1,2,2,14
907846633,0,1,1,1,1,1,1,6
805804459,0,2,0,1,0,1,0,4
932537945,1,2,2,3,2,1,3,14
956435318,3,3,2,3,2,1,3,17
1009315284,0,0,0,0,0,0,0,0
1002408046,0,2,3,2,2,2,1,12
783490815,0,0,0,0,0,0,0,0
992397164,0,1,0,1,1,2,1,6
1009644562,0,2,1,1,1,1,0,6
1008341054,0,1,0,1,1,2,2,7
1000507522,0,2,1,1,1,1,1,7
1001580902,0,0,0,0,0,0,0,0
1082547865,3,2,2,3,2,1,1,14
1077331454,0,1,1,1,1,1,1,6
992216318,0,2,0,0,1,1,0,4
610386428,0,0,0,0,0,0,0,0
998253832,3,2,1,1,2,1,1,11
993575812,0,0,0,0,0,0,0,0
791383965,3,3,3,3,3,2,1,18
988448098,1,2,1,2,2,1,1,10
725755221,3,3,3,3,3,2,3,20
531244747,3,3,3,3,3,2,3,20
693710101,3,3,3,3,3,1,3,19
870017336,0,2,0,1,1,1,1,6
810030858,0,2,2,1,1,1,1,8
91217601,0,0,0,0,0,0,0,0
997605052,0,2,1,0,1,1,0,5
1043672682,0,0,0,0,0,0,0,0
362634721,0,1,0,0,1,0,0,2
812881017,0,1,2,1,1,1,1,7
99464641,0,0,0,0,0,0,0,0
723881034,0,1,1,1,1,1,1,6
172431554,3,2,3,1,1,2,1,13
943084982,0,2,3,1,1,1,3,11
675996456,0,2,1,1,1,1,1,7
983855142,3,3,3,3,2,2,3,19
818536654,3,3,3,3,2,2,3,19
397731658,3,2,2,3,2,2,3,17
921292103,2,3,3,3,1,1,1,14
1037957535,0,1,0,1,1,2,0,5
903352037,3,3,2,3,3,2,2,18
880202584,0,0,0,0,0,0,0,0
843018004,3,3,0,3,2,1,1,13
245885305,0,0,0,0,0,0,0,0
947256735,0,1,0,1,1,2,0,5
706884099,0,2,3,1,1,1,3,11
992458243,3,3,2,3,3,2,2,18
864718587,0,0,0,0,0,0,0,0
864718312,0,0,0,0,0,0,0,0
760552247,0,0,0,0,0,0,0,0
664916507,0,2,3,1,1,1,3,11
885866244,0,2,1,1,1,2,1,8
97387302,0,0,0,0,0,0,0,0
935613845,0,0,0,0,0,0,0,0
924767197,0,0,0,0,0,0,0,0
974092333,0,0,0,0,0,0,0,0
1075028512,0,0,0,0,0,0,0,0
1070878177,0,0,0,0,0,0,0,0
859624527,0,2,2,3,1,1,3,12
975503345,2,3,1,3,3,1,1,14
397629971,0,2,1,1,1,1,1,7
719121078,0,1,0,0,0,1,0,2
991729737,0,2,0,0,0,1,0,3
1014222445,0,2,0,1,2,1,1,7
1046453888,0,0,0,0,0,0,0,0
826055861,2,2,2,1,2,2,3,14
781327004,0,2,0,1,1,2,1,7
1026188125,3,3,3,3,2,2,3,19
994465606,0,2,1,1,1,2,1,8
944741602,0,2,2,1,1,2,3,11
743238007,0,2,0,1,1,1,1,6
955847775,0,2,0,0,0,1,0,3
960767998,0,2,3,3,1,2,3,14
93604068,0,0,0,0,0,0,0,0
66623722,3,3,3,3,3,2,3,20
64932348,3,3,3,3,3,2,3,20
567274242,3,3,2,3,2,2,3,18
86198511,0,0,0,0,0,0,0,0
545776082,0,2,0,3,3,1,0,9
1073301942,1,2,3,3,2,1,3,15
959687101,3,2,2,2,2,2,1,14
323904889,3,3,3,3,3,2,3,20
902065607,0,1,0,1,1,2,0,5
735701925,0,1,0,1,1,2,2,7
728862521,0,1,0,1,1,2,1,6
1012663561,0,0,0,0,0,0,0,0
1005105002,0,0,0,0,0,0,0,0
1077367817,0,2,1,1,1,1,1,7
1064941647,0,0,0,0,0,0,0,0
963983423,3,3,3,3,3,2,3,20
1060348919,0,0,0,0,0,0,0,0
1016732352,0,2,0,0,0,1,0,3
1047307987,0,0,0,0,0,0,0,0
1030706061,0,0,0,0,0,0,0,0
946996735,0,2,1,1,1,1,1,7
810112779,2,2,2,1,2,2,3,14
245405138,0,0,0,0,0,0,0,0
873214072,0,0,0,0,0,0,0,0
268427902,3,3,3,1,3,2,3,18
427200928,3,2,3,1,2,2,3,16
181469092,3,3,3,1,3,2,3,18
472995698,2,2,2,0,1,1,0,8
127064575,0,0,0,0,0,0,0,0
1077430765,0,3,2,3,2,1,3,14
490461571,0,2,3,3,1,1,3,13
730647782,3,2,3,2,2,1,3,16
772229219,3,3,3,3,3,2,3,20
952967229,0,2,2,1,1,1,1,8
480480563,0,2,0,1,1,1,1,6
516345342,3,3,3,3,3,2,3,20
701435319,3,3,3,3,3,2,3,20
374638221,0,2,0,0,0,1,0,3
764033776,3,2,3,1,2,2,3,16
444573883,3,3,2,2,2,2,3,17
236590546,2,2,3,3,2,2,1,15
1052349329,0,2,1,1,1,1,1,7
986004123,0,1,0,1,1,2,1,6
23598259,0,0,0,0,0,0,0,0
953052615,0,1,0,0,0,1,0,2
1002384182,0,2,0,0,1,1,0,4
867129675,3,3,2,2,2,1,3,16
974406454,3,3,2,3,2,1,3,17
571842164,3,2,2,2,2,2,2,15
813492907,0,2,3,1,0,1,3,10
994818388,0,0,0,0,0,0,0,0
962036694,0,0,0,0,0,0,0,0
415617343,0,0,0,0,0,0,0,0
995536101,0,1,0,2,1,2,2,8
107669843,0,0,0,0,0,0,0,0
821965543,0,1,0,0,1,1,0,3
993175982,0,2,3,3,2,1,3,14
861588194,3,3,2,2,1,1,3,15
696288262,0,2,3,1,1,1,3,11
964469373,3,2,0,1,1,1,1,9
757592255,2,3,3,3,2,1,1,15
931616619,3,2,2,1,1,2,1,12
1057147642,0,0,0,0,0,0,0,0
1056766391,0,0,0,0,0,0,0,0
1042337296,0,2,1,0,1,1,0,5
1053484482,0,2,2,1,1,1,1,8
677191333,0,0,0,0,0,0,0,0
1026927657,0,0,0,0,0,0,0,0
1013824952,0,1,0,0,0,1,0,2
1013712998,0,2,0,1,2,1,1,7
960660645,0,1,0,0,0,1,0,2
1021573121,0,0,0,0,0,0,0,0
995487816,0,1,0,1,0,1,0,3
1017745539,0,0,0,0,0,0,0,0
840301357,0,2,0,1,1,1,1,6
1071657729,0,1,0,1,1,2,0,5
1071139683,3,2,3,3,2,2,3,18
839380498,3,2,3,3,2,2,2,17
1060250977,0,3,2,3,2,2,1,13
908003068,0,0,0,0,0,0,0,0
662684674,1,2,1,2,2,0,0,8
1073914653,3,2,1,2,2,1,1,12
1072914488,0,2,1,1,1,1,1,7
918348128,0,2,1,0,1,1,0,5
1062511302,0,2,1,1,1,1,1,7
1047927416,0,2,2,1,1,1,3,10
1049227762,0,2,1,1,1,1,1,7
968457202,0,0,0,0,0,0,0,0
1059965003,0,0,0,0,0,0,0,0
1040726321,0,1,1,1,1,1,1,6
270629812,0,0,0,0,0,0,0,0
932005106,3,3,3,3,3,2,3,20
44704868,0,0,0,0,0,0,0,0
55686518,0,0,0,0,0,0,0,0
970765201,0,1,0,1,1,2,0,5
229000696,0,0,0,0,0,0,0,0
356318443,0,0,0,0,0,0,0,0
407684346,0,0,0,0,0,0,0,0
413363727,0,1,0,1,1,1,1,5
996288546,0,2,2,2,1,1,3,11
972144823,0,1,0,1,0,2,0,4
972149231,0,0,0,0,0,0,0,0
972137702,0,1,1,0,1,1,0,4
972135361,0,1,1,0,0,2,0,4
972111229,0,0,0,0,0,0,0,0
972119961,2,1,0,0,0,2,0,5
972127595,0,1,0,1,0,2,0,4
972131185,0,1,0,1,1,1,1,5
965037344,0,1,0,0,1,1,0,3
965067893,0,1,1,1,1,2,0,6
965060112,0,1,1,0,0,2,0,4
965058555,0,1,1,0,1,1,0,4
965055685,0,1,0,0,0,1,0,2
1073186628,0,1,0,0,1,1,0,3
1066962116,3,2,1,3,2,1,1,13
1045767772,0,2,1,3,1,1,0,8
1034403312,3,3,3,1,2,2,1,15
973698262,3,3,3,3,3,2,3,20
1061476311,2,2,2,3,1,1,1,12
386398882,0,0,0,0,0,0,0,0
736686467,3,2,2,2,2,2,1,14
873039984,3,3,3,3,2,2,3,19
422251599,3,3,3,3,3,3,3,21
945322402,0,2,0,1,1,1,1,6
1051521074,3,2,2,3,2,2,3,17
829720989,3,3,3,3,3,2,3,20
226042981,3,2,3,3,3,2,3,19
404976757,3,3,3,3,2,1,1,16
1048523149,1,2,2,2,1,2,3,13
11016954,0,0,0,0,0,0,0,0
1081618247,0,2,2,1,1,2,2,10
1074791597,0,2,0,0,0,1,0,3
1072281908,0,0,0,0,0,0,0,0
1072349557,0,0,0,0,0,0,0,0
1061869157,0,0,0,0,0,0,0,0
1042272092,2,2,1,3,1,1,0,10
482029062,0,2,2,1,1,1,1,8
1043646919,0,2,3,1,1,2,3,12
1030128222,0,2,0,1,1,2,1,7
722701771,2,2,2,3,1,2,3,15
210382882,0,0,0,0,0,0,0,0
880291847,0,2,1,1,1,1,1,7
327880232,3,2,2,1,2,2,3,15
681376325,3,3,3,3,3,2,3,20
635205032,3,3,3,3,3,2,3,20
238277592,3,3,3,3,3,2,3,20
453526233,3,2,2,3,2,2,1,15
1052660437,0,2,2,1,1,2,3,11
1001826347,0,0,0,0,0,1,0,1
1000906689,0,0,0,0,0,0,0,0
1001650474,1,2,0,1,1,2,1,8
874527593,1,2,2,1,1,2,1,10
427741469,3,3,2,3,3,2,1,17
1003645249,0,1,0,0,1,1,0,3
956958452,3,2,2,1,2,2,3,15
565136427,0,1,0,0,1,1,0,3
147152781,0,0,0,0,0,0,0,0
153930023,0,0,0,0,0,0,0,0
346126485,2,1,3,1,0,2,2,11
383577637,3,3,2,3,2,1,3,17
1020185084,0,0,0,0,0,0,0,0
926577952,0,0,0,0,0,0,0,0
298525953,1,2,3,1,1,2,3,13
854102347,3,3,3,3,3,2,3,20
1009650866,0,0,0,0,0,0,0,0
1050371649,0,1,3,1,1,1,3,10
1052314222,1,2,3,1,2,2,1,12
1052668687,1,2,3,1,2,2,1,12
1050194679,0,1,3,1,1,1,3,10
971609994,3,3,3,3,3,2,3,20
103924298,0,0,0,0,0,0,0,0
458620355,3,3,3,3,3,2,3,20
621175856,0,1,0,0,2,1,0,4
961129654,2,2,0,1,2,3,1,11
629826488,1,2,2,1,1,2,3,12
419063673,0,1,0,1,1,2,0,5
419063785,0,1,0,1,1,2,0,5
419063913,0,2,0,1,1,2,0,6
518726654,0,0,0,0,0,0,0,0
1013046213,0,2,2,1,1,2,3,11
467710084,0,2,0,1,1,1,1,6
1050277438,0,2,2,1,1,1,3,10
560188567,0,2,3,1,1,1,3,11
1081366579,0,2,0,1,1,2,1,7
1068016796,3,2,3,1,2,2,2,15
1078591266,0,1,0,0,1,1,0,3
1075646394,0,0,0,0,0,0,0,0
1075896674,0,2,0,0,0,1,0,3
294635797,3,3,3,3,3,2,3,20
877239614,3,3,3,1,3,2,3,18
1068759236,3,2,3,1,2,2,1,14
407229369,0,2,3,1,1,1,3,11
720982331,0,2,3,1,1,1,3,11
891460465,0,2,3,1,1,2,3,12
706761373,0,2,3,1,1,1,3,11
1018692249,0,2,3,1,1,1,3,11
878276302,0,2,2,1,1,1,3,10
615735004,0,0,0,0,0,0,0,0
1039492374,0,0,0,0,0,0,0,0
1039203115,0,0,0,0,0,0,0,0
655632886,0,2,3,1,2,2,3,13
200339383,0,0,0,0,0,0,0,0
1038439447,1,3,3,3,2,1,3,16
969655336,0,3,3,3,1,1,3,14
1063727788,3,3,2,2,1,1,3,15
1073207732,0,2,3,1,1,1,3,11
957471021,0,2,2,1,1,2,3,11
809918178,0,2,2,1,2,1,3,11
780060342,0,2,2,1,1,1,1,8
1052024462,0,2,2,1,1,1,1,8
970010612,1,2,3,1,2,1,3,13
1022314187,0,2,3,1,1,1,3,11
932604747,3,3,3,3,2,2,3,19
1070824543,0,2,0,3,1,1,1,8
886984459,0,1,1,1,1,1,1,6
730469838,3,3,3,1,2,2,3,17
1041098133,0,0,0,0,0,0,0,0
1026244571,1,2,2,2,1,2,3,13
1022830812,2,2,2,2,1,2,3,14
600096828,3,2,3,3,2,2,3,18
1078664617,0,1,0,1,1,2,0,5
1079915783,0,2,0,0,0,1,0,3
1059534264,2,2,0,1,1,2,1,9
1005713981,0,1,1,1,1,2,0,6
829263131,0,1,0,0,1,1,0,3
1012775874,0,3,0,1,1,2,2,9
1060314633,3,2,3,1,2,2,1,14
1060503661,0,2,0,1,1,2,1,7
1041475284,0,0,0,0,0,0,0,0
827846034,0,2,0,2,2,1,0,7
879471023,3,2,0,3,2,1,0,11
797115838,3,3,3,3,3,2,3,20
930130117,2,2,1,3,2,1,0,11
942156339,0,2,1,1,1,2,1,8
1070849797,0,0,0,0,0,0,0,0
1062211285,0,2,1,1,1,1,1,7
1009780001,0,2,2,1,1,1,3,10
619293963,0,2,2,1,1,1,3,10
965247962,0,2,1,1,0,1,1,6
1077495188,0,2,0,1,1,1,1,6
1074122723,0,2,0,0,0,1,0,3
1071851634,0,2,1,1,1,1,1,7
1064513221,0,2,2,2,1,2,1,10
718918702,3,3,3,3,2,2,3,19
1007836211,0,2,0,0,0,1,0,3
536053252,3,2,2,1,1,2,1,12
688735818,0,1,3,1,2,2,2,11
1060464524,2,2,2,1,1,2,0,10
908803968,0,2,2,1,1,1,1,8
1009548077,3,3,3,3,2,2,2,18
99635381,0,0,0,0,0,0,0,0
1077942405,0,0,0,0,0,0,0,0
1077346695,0,2,0,0,1,0,0,3
865590185,3,3,3,3,3,2,3,20
727680126,3,3,3,3,3,2,3,20
1075560799,0,2,3,2,3,1,1,12
583806878,0,2,1,1,1,1,1,7
509012743,0,2,2,1,1,1,3,10
550994158,3,3,2,1,3,1,1,14
980119299,0,2,1,1,1,1,1,7
975418007,0,2,2,1,1,2,1,9
941944285,0,2,1,1,1,1,1,7
934043648,0,2,0,0,0,1,0,3
938651493,0,2,1,1,1,1,1,7
1038296521,0,2,0,1,1,1,1,6
1047607647,0,2,1,0,1,1,0,5
784918132,0,2,3,1,1,1,3,11
985272658,0,2,0,1,1,2,1,7
990400803,0,1,0,1,1,2,0,5
893317521,3,3,3,3,3,2,3,20
893126297,3,3,3,3,2,2,3,19
749585992,0,0,0,0,0,0,0,0
997919911,0,0,0,0,0,0,0,0
1003986667,3,2,3,3,2,2,3,18
861322297,2,3,0,2,3,1,1,12
537717217,3,3,3,3,3,2,3,20
814362053,3,3,3,3,3,2,3,20
786871578,3,3,3,3,2,2,1,17
1013586457,2,2,2,1,2,2,3,14
941772395,0,2,1,1,1,1,1,7
1024204845,1,2,0,1,2,2,1,9
187393239,0,0,0,0,0,0,0,0
1064811001,0,1,2,1,1,1,3,9
1059290544,0,1,2,1,1,2,3,10
133622642,3,3,3,3,3,2,3,20
1055209241,0,0,0,0,0,0,0,0
1055659071,3,3,3,3,3,2,3,20
105230724,0,0,0,0,0,0,0,0
1052305422,0,2,1,1,1,1,1,7
1027174365,3,2,3,1,2,2,3,16
991850218,0,2,1,0,1,1,0,5
814704759,0,2,0,0,0,1,0,3
825210085,0,0,0,0,0,0,0,0
22714476,0,0,0,0,0,0,0,0
1067872322,0,1,1,0,1,1,0,4
811576498,0,1,0,1,1,1,1,5
819446934,0,2,0,1,1,2,1,7
1021371641,0,1,1,1,1,1,1,6
1060049551,0,2,1,0,1,1,0,5
1048004217,0,1,2,2,1,1,1,8
1069103222,0,2,1,1,1,1,0,6
829738294,3,3,3,3,3,1,3,19
1065278958,0,2,0,0,0,1,0,3
1056814496,3,3,3,3,2,2,3,19
1011561804,0,0,0,0,0,0,0,0
1004092528,0,2,1,0,2,1,0,6
956075135,1,2,2,1,2,1,1,10
928602627,3,3,2,3,2,2,1,16
927837527,3,2,2,3,2,2,3,17
537328603,3,3,3,3,3,2,3,20
821456085,0,1,2,1,1,1,0,6
193082936,0,0,0,0,0,0,0,0
95391477,0,0,0,0,0,0,0,0
950070664,1,3,0,1,1,3,1,10
1071339777,0,0,0,0,0,0,0,0
1072366602,0,0,0,0,0,0,0,0
1066019345,0,1,0,1,1,2,0,5
1048209069,0,2,0,1,1,2,2,8
1064396855,0,2,0,0,1,1,0,4
1074062907,0,0,0,0,0,0,0,0
86344291,0,0,0,0,0,0,0,0
1076184183,3,3,2,2,2,2,3,17
691213955,3,3,3,3,3,2,3,20
689195073,3,3,2,3,3,2,1,17
22721176,0,0,0,0,0,0,0,0
801785996,3,3,2,2,2,2,1,15
105770372,0,0,0,0,0,0,0,0
1071022156,3,3,3,3,3,2,3,20
79960596,0,0,0,0,0,0,0,0
766917103,3,3,3,3,3,2,3,20
1082707152,0,2,0,1,1,2,0,6
1056549933,0,0,0,0,0,0,0,0
1065927714,0,2,3,1,2,1,3,12
636944284,0,2,1,1,1,2,1,8
741790535,3,3,3,3,3,2,3,20
585199535,0,2,0,0,0,1,0,3
1024488741,0,2,1,1,1,1,1,7
1012749757,0,0,0,0,0,0,0,0
1026968528,0,0,0,0,0,0,0,0
1027794388,2,2,0,1,1,1,1,8
530803291,0,2,2,1,1,1,3,10
870678055,1,2,2,1,2,2,1,11
839837184,0,2,2,1,1,2,1,9
841721844,0,1,0,1,1,2,1,6
957819857,0,1,0,1,1,2,0,5
1069370698,0,0,0,0,0,0,0,0
980048631,1,2,0,1,2,2,1,9
1045608164,0,1,0,1,1,2,1,6
1027241898,0,2,1,1,1,1,1,7
1041911757,0,2,0,1,1,1,1,6
167608044,0,0,0,0,0,0,0,0
683941937,3,3,2,3,2,2,3,18
722593366,3,3,3,3,3,2,3,20
1046048532,1,2,2,1,2,2,3,13
845765543,1,2,2,1,1,1,3,11
627478348,2,2,2,1,2,1,1,11
712801157,0,2,2,1,1,1,1,8
771415637,3,2,3,1,3,2,3,17
850806027,0,2,2,1,1,1,3,10
881738615,2,2,2,1,1,2,2,12
843405262,0,2,2,1,1,2,1,9
839749432,0,1,0,1,1,2,0,5
766535392,3,3,3,3,3,2,3,20
408348083,3,3,3,3,3,2,3,20
883185941,3,2,2,3,2,2,3,17
545076664,0,2,0,1,0,2,1,6
500296661,0,2,0,0,0,1,0,3
408292099,0,2,0,0,0,1,0,3
596665215,0,2,0,0,0,2,0,4
408183781,2,3,3,3,2,1,3,17
349794456,1,2,0,3,2,2,1,11
214240466,0,2,0,1,0,2,2,7
830197429,0,2,0,2,1,1,0,6
264046646,0,0,0,0,0,0,0,0
277824765,0,0,0,0,0,0,0,0
264046271,0,0,0,0,0,0,0,0
264046183,0,0,0,0,0,0,0,0
264045571,0,0,0,0,0,0,0,0
264045629,0,0,0,0,0,0,0,0
264044864,0,0,0,0,0,0,0,0
264045427,0,0,0,0,0,0,0,0
264045183,0,0,0,0,0,0,0,0
264045149,0,0,0,0,0,0,0,0
264045091,0,0,0,0,0,0,0,0
264044988,0,0,0,0,0,0,0,0
264044386,0,0,0,0,0,0,0,0
264043893,0,0,0,0,0,0,0,0
984578476,2,1,2,1,1,2,3,12
715624646,1,2,2,1,2,2,1,11
224269615,3,3,3,3,3,2,3,20
1008379089,3,2,2,2,3,2,3,17
1073491282,0,1,0,0,0,1,0,2
1082469916,0,2,2,1,1,1,1,8
601832478,0,2,1,1,1,1,1,7
782202532,1,2,2,3,2,1,3,14
583217251,0,2,2,1,1,1,1,8
863124622,0,2,2,1,2,1,3,11
988314873,1,2,3,3,2,1,3,15
949191051,3,2,2,3,2,1,3,16
1059616709,0,2,1,3,1,2,1,10
969576171,0,0,0,0,0,0,0,0
1059781062,0,1,0,0,1,2,0,4
1057319545,2,2,0,1,1,2,1,9
109422075,0,0,0,0,0,0,0,0
715689666,0,2,2,1,1,1,1,8
1080915725,3,2,0,2,1,2,2,12
1079230797,0,2,0,1,2,2,2,9
584943121,0,0,0,0,0,0,0,0
667374511,0,2,2,1,1,1,3,10
811034463,0,2,2,1,1,1,1,8
959248019,0,0,0,0,0,0,0,0
770034377,0,2,2,1,1,1,1,8
1007764749,3,3,3,3,2,2,3,19
1007819761,3,3,3,3,3,2,3,20
1007589236,3,2,3,2,2,2,0,14
1077553444,0,0,0,0,0,0,0,0
371845094,0,1,0,0,0,1,0,2
884248438,0,1,0,1,1,2,2,7
1077530193,2,2,0,0,0,1,0,5
1045859902,0,0,0,0,0,0,0,0
552647574,3,2,2,3,1,2,3,16
1034448704,0,2,0,1,1,1,0,5
919227702,0,0,0,0,0,0,0,0
250896736,0,1,0,1,1,2,1,6
1053256104,0,2,0,1,1,1,1,6
1027227405,0,1,0,0,1,1,0,3
1016593232,0,1,0,0,1,1,0,3
811850898,0,1,3,1,1,2,2,10
296241889,3,3,3,3,3,2,3,20
476369979,3,2,3,3,3,2,1,17
931740999,0,2,0,1,1,1,1,6
74007256,0,0,0,0,0,0,0,0
1031411959,1,2,2,2,1,2,2,12
156902427,0,0,0,0,0,0,0,0
876456725,3,2,2,3,2,2,3,17
386065066,0,2,0,1,1,1,1,6
540059916,0,1,0,1,1,2,0,5
968485665,3,3,3,1,2,2,2,16
749462595,0,2,1,1,1,1,1,7
395105696,3,2,3,1,2,2,3,16
968053363,0,2,1,1,2,1,1,8
951168158,0,1,2,1,1,2,3,10
945000108,0,2,2,1,1,1,1,8
1083064753,0,2,1,0,1,1,0,5
1065891486,0,2,3,1,1,1,1,9
625285065,0,0,0,0,0,0,0,0
1043403499,2,3,2,3,2,1,3,16
1080886212,0,2,2,1,1,1,3,10
1075547755,0,2,2,1,1,1,3,10
1078701059,2,3,1,3,2,1,1,13
1075008863,0,1,0,0,1,1,0,3
1052407425,1,2,1,1,1,2,1,9
1005013628,0,2,0,1,2,1,1,7
1043667176,0,1,0,1,1,2,1,6
961362356,3,2,2,3,2,2,3,17
951360515,3,3,3,3,2,2,3,19
991906251,3,1,3,1,1,2,1,12
901231839,0,2,1,2,1,2,2,10
605426046,0,0,0,0,0,0,0,0
643371657,3,3,3,3,2,2,1,17
1056571411,0,2,2,1,1,2,1,9
873125841,3,2,3,0,1,2,0,11
734352824,0,2,0,0,0,1,0,3
635955351,0,2,0,3,1,2,1,9
74564776,0,0,0,0,0,0,0,0
932570083,3,3,2,2,2,2,3,17
244398386,0,0,0,0,0,0,0,0
1050743285,0,2,2,1,2,2,3,12
931368237,0,1,0,1,1,1,1,5
282795602,0,1,0,0,1,1,0,3
1068036038,0,2,1,1,1,1,1,7
408632634,3,3,3,3,3,2,3,20
756382757,1,2,0,2,2,2,0,9
775099418,0,2,1,3,1,2,1,10
977980953,3,3,2,1,2,2,1,14
826191697,3,3,3,3,3,2,3,20
985753731,0,1,0,1,0,2,0,4
170724578,3,3,3,3,3,2,3,20
494227353,3,3,3,3,2,2,3,19
1037304767,0,0,0,0,0,0,0,0
882023206,0,2,0,1,2,1,1,7
1027262662,3,3,2,2,3,2,3,18
1074361783,0,2,1,1,1,1,1,7
1081093482,2,2,2,3,2,2,1,14
1067938296,0,1,0,0,0,1,0,2
697878633,0,0,0,0,0,0,0,0
766561296,0,0,0,0,0,0,0,0
840885117,3,2,3,1,2,2,1,14
886377067,0,0,0,0,0,0,0,0
854161593,0,2,0,0,0,1,0,3
929619583,0,0,0,0,0,0,0,0
960362513,0,0,0,0,0,0,0,0
831222751,0,0,0,0,0,0,0,0
172319627,3,2,3,3,2,2,3,18
527779387,0,1,0,1,1,2,1,6
11874981,0,0,0,0,0,0,0,0
872951692,3,2,3,3,2,2,1,16
896630075,3,3,3,3,2,2,3,19
976675006,1,2,0,3,1,2,0,9
817590639,0,2,3,1,1,1,3,11
280829571,3,3,3,3,3,2,3,20
780169407,3,3,3,3,3,2,3,20
621614435,3,3,3,3,3,2,3,20
368361244,0,0,0,0,0,0,0,0
732483759,3,3,2,3,2,2,3,18
663004191,0,2,1,1,1,1,1,7
590997301,3,3,3,3,3,2,3,20
696169086,3,3,3,3,3,2,3,20
485984915,3,3,3,3,3,2,3,20
493322966,3,3,3,3,3,2,3,20
607355988,3,3,3,3,3,2,3,20
894273505,3,3,2,3,2,2,3,18
819889165,3,2,0,1,2,2,1,11
916927168,3,2,2,3,2,2,2,16
819888308,3,3,3,3,2,2,3,19
10318822,0,0,0,0,0,0,0,0
1064573388,3,3,3,3,3,2,3,20
398408655,3,2,3,1,2,2,2,15
404725529,3,2,3,3,2,2,1,16
1028182264,0,1,0,1,0,2,0,4
1009696322,0,2,0,1,1,1,1,6
943949433,3,2,0,3,2,1,1,12
1030016721,3,2,1,3,2,1,1,13
967645385,0,0,0,0,0,0,0,0
1026538714,0,2,1,2,1,1,1,8
1028891052,0,2,0,1,1,2,1,7
1078309451,0,0,0,0,0,0,0,0
1081602466,0,2,0,1,1,1,0,5
1075405221,0,1,0,0,0,1,0,2
963601023,0,1,0,1,1,2,0,5
1066787482,0,0,0,0,0,0,0,0
1062170419,0,0,0,0,0,0,0,0
102260223,0,0,0,0,0,0,0,0
1012960355,0,0,0,0,0,0,0,0
62287882,0,0,0,0,0,0,0,0
854270831,0,2,1,0,1,1,0,5
782983948,0,0,0,0,0,0,0,0
1056770955,0,2,0,1,1,1,1,6
1037935721,0,2,0,1,1,2,1,7
1013853208,0,2,1,1,1,1,1,7
1014800803,0,0,0,0,0,0,0,0
1018059475,1,2,0,1,2,2,2,10
845828388,0,2,3,1,1,1,3,11
989258191,0,1,3,1,1,2,3,11
781620076,0,2,2,1,1,1,3,10
1057103496,0,2,3,1,2,1,3,12
1045228007,0,2,2,1,2,1,3,11
1051237185,3,2,2,3,2,2,3,17
1057286659,3,2,2,2,2,2,3,16
637068686,3,2,3,1,1,2,3,15
1049327339,3,3,3,3,2,2,3,19
693109403,0,2,0,1,0,2,0,5
172633972,0,0,0,0,0,0,0,0
923880599,0,1,0,0,0,1,0,2
504914135,2,2,2,1,1,2,3,13
823650189,0,1,0,0,1,1,0,3
830020117,0,2,0,1,2,1,1,7
844166216,0,2,0,1,2,1,1,7
848944788,0,2,0,3,2,1,1,9
635957052,0,2,0,1,2,1,1,7
634124815,0,2,1,1,2,1,1,8
633509136,0,2,1,0,2,1,0,6
520161179,0,2,3,1,2,1,3,12
319745095,0,2,1,2,1,1,1,8
1037822924,3,3,2,3,3,2,3,19
1052679499,3,3,3,3,2,2,1,17
251232812,2,2,3,1,2,2,1,13
1071410704,0,0,0,0,0,0,0,0
915235556,0,2,0,0,0,1,0,3
1058697205,0,2,2,1,1,1,1,8
705123435,0,1,2,1,1,1,1,7
1076330355,0,2,1,1,1,1,1,7
1075862271,0,2,2,2,1,1,1,9
1076108351,0,2,1,1,1,1,1,7
875408255,3,3,3,3,2,2,3,19
983019364,0,1,0,0,1,1,0,3
970513316,3,2,3,1,1,2,1,13
981840029,0,1,2,1,1,2,2,9
990039802,0,1,0,1,1,2,1,6
945269573,3,3,3,3,3,1,3,19
655319675,3,3,3,3,3,2,3,20
117287104,3,3,3,3,3,2,3,20
394333083,3,3,3,3,3,2,3,20
684827812,3,3,3,3,3,2,3,20
1065177802,0,1,0,0,1,2,0,4
1064633578,1,2,0,1,1,1,1,7
20245032,0,0,0,0,0,0,0,0
415078928,0,1,3,1,1,1,3,10
269424307,0,0,0,0,0,0,0,0
390374651,0,2,3,1,1,1,3,11
326993994,0,1,2,1,1,1,1,7
358874562,0,2,2,1,1,2,3,11
718612133,0,1,3,1,1,1,1,8
856520469,3,2,2,1,1,2,3,14
1014492989,3,3,1,2,2,1,1,13
1014110475,0,1,0,1,1,1,1,5
1014156645,0,0,0,0,0,0,0,0
1016454558,0,2,0,1,1,2,1,7
968588684,1,2,2,1,1,2,3,12
839010459,0,2,0,0,0,1,0,3
289316068,0,0,0,0,0,0,0,0
810917338,0,0,0,0,0,0,0,0
929148941,0,2,1,1,1,1,1,7
1030376172,2,2,1,1,1,2,1,10
1009814914,3,3,2,2,2,2,1,15
1013657014,3,3,3,1,3,2,3,18
994402006,3,3,3,2,2,2,3,18
999753378,0,2,0,1,2,1,3,9
988633299,0,2,2,1,1,1,1,8
977994479,0,2,0,1,1,2,1,7
968526739,0,2,0,1,1,2,2,8
983020991,0,2,0,1,1,2,1,7
392781378,0,2,0,2,1,1,0,6
607738028,3,2,2,1,3,2,3,16
185732974,0,0,0,0,0,0,0,0
1077008595,0,0,0,0,0,0,0,0
1072849145,3,3,3,3,2,2,3,19
1054648138,0,2,1,0,1,1,0,5
1068880838,3,2,3,3,3,1,1,16
1069321062,1,2,2,1,1,2,3,12
1070426529,0,1,0,0,1,1,0,3
1062013318,0,2,2,1,2,1,1,9
1070996089,0,3,3,1,1,2,3,13
726132223,1,2,3,1,1,2,3,13
1068037931,1,2,0,2,2,1,1,9
1066299441,0,0,0,0,0,1,0,1
1064134499,0,2,2,1,1,1,1,8
608263763,3,3,3,1,2,2,3,17
1045624649,2,2,2,3,2,2,3,16
103424309,0,0,0,0,0,0,0,0
944866771,3,3,3,2,3,2,3,19
1007873331,0,1,0,1,1,1,1,5
156839408,0,0,0,0,0,0,0,0
156853085,0,0,0,0,0,0,0,0
525670804,3,3,3,3,3,2,3,20
950274704,3,2,2,3,2,2,2,16
1040860221,0,0,0,0,0,0,0,0
651243632,0,2,3,1,1,1,1,9
649716108,0,2,2,1,1,1,1,8
836043905,0,1,0,1,1,2,0,5
1082423296,0,0,0,0,0,0,0,0
937586409,0,0,0,0,0,0,0,0
850263062,0,1,0,1,1,2,0,5
944475817,0,1,0,1,1,2,0,5
1037408683,0,0,0,0,0,0,0,0
1043625193,0,2,0,0,0,1,0,3
429826938,0,2,2,1,1,1,1,8
996892011,0,2,1,1,1,1,1,7
909841212,0,1,1,1,1,2,0,6
964879481,0,1,0,1,1,2,1,6
964877402,1,2,0,1,1,2,1,8
456649255,2,3,3,3,2,2,3,18
982980231,1,2,2,1,1,2,3,12
112932552,0,2,1,1,1,1,1,7
142160293,0,0,0,0,0,0,0,0
1018216508,0,0,0,2,0,0,0,2
1071269342,2,2,1,3,1,2,1,12
880363338,1,2,2,1,2,2,3,13
587929259,0,2,0,3,1,1,0,7
1042616474,3,2,2,2,2,2,1,14
24726407,0,0,0,0,0,0,0,0
903028373,0,2,2,2,1,1,3,11
1079592283,0,2,3,2,1,1,3,12
1080956077,0,1,3,1,1,2,3,11
1046235346,0,2,1,1,2,2,1,9
1071450709,0,2,2,1,1,2,2,10
1072834029,0,1,0,1,1,2,0,5
1057188658,0,0,0,0,0,0,0,0
1052272033,0,1,0,1,1,2,0,5
1073777661,0,0,0,0,0,0,0,0
1072504721,0,1,0,1,1,1,0,4
1074313734,0,0,0,0,0,0,0,0
1068659075,0,1,0,1,1,2,1,6
428803901,3,2,2,1,1,2,2,13
710233232,3,2,2,1,2,2,3,15
1033473726,3,3,3,3,3,2,3,20
501314916,0,0,0,0,0,0,0,0
1059887112,3,2,0,1,1,2,1,10
1058943421,0,2,0,1,1,1,0,5
1034276318,3,2,1,3,1,2,2,14
1053051982,2,2,2,1,3,2,1,13
880565554,0,0,0,0,0,0,0,0
1080615867,0,2,1,1,1,1,1,7
1079879361,0,0,0,0,0,0,0,0
1078481461,0,2,0,0,0,1,0,3
473125159,0,3,3,1,2,2,3,14
1078774934,0,1,0,0,1,1,0,3
1068643132,0,1,1,0,1,1,0,4
959999871,0,3,3,1,2,2,3,14
1066565092,3,2,3,1,1,1,3,14
1059200916,0,2,3,3,1,1,3,13
990557698,0,2,2,1,1,1,3,10
243619538,3,2,2,1,2,2,3,15
423787156,0,2,2,1,1,1,3,10
1069905828,3,3,3,3,3,2,3,20
823620855,3,2,2,3,2,1,3,16
91502914,0,0,0,0,0,0,0,0
872291923,0,0,0,0,0,0,0,0
1012007158,0,2,0,1,1,2,1,7
1063535431,0,0,0,0,0,0,0,0
1056617729,0,1,1,0,1,1,0,4
947461784,0,2,2,1,1,2,3,11
1022574139,0,1,0,1,1,2,1,6
1000893663,1,3,2,1,2,1,3,13
1000257359,0,2,0,1,1,2,0,6
376115592,3,3,3,3,3,2,3,20
634172606,3,2,2,1,2,2,3,15
911512039,2,2,3,1,2,2,3,15
566159303,0,1,0,1,1,1,1,5
21977436,0,0,0,0,0,0,0,0
95438165,0,0,0,0,0,0,0,0
520277608,0,2,2,1,1,1,1,8
857651729,0,2,0,0,0,1,0,3
471919096,0,0,0,0,0,0,0,0
907965362,3,3,3,3,3,2,3,20
879486203,3,3,3,3,3,2,3,20
1056952055,0,0,0,0,0,0,0,0
1080566943,0,0,0,0,0,0,0,0
1080332348,0,0,0,0,0,0,0,0
1077440133,0,1,0,1,1,2,0,5
1077404954,0,0,0,0,0,0,0,0
1074416445,0,0,0,0,0,0,0,0
1072978848,0,2,0,1,0,1,1,5
107349307,0,0,0,0,0,0,0,0
388982919,2,3,2,3,2,1,3,16
412663824,2,3,2,3,2,1,3,16
1000414808,0,2,0,1,1,1,1,6
996265575,0,2,0,0,1,1,0,4
975529934,0,2,0,0,0,1,0,3
474170658,3,3,3,3,3,2,3,20
577485277,2,1,0,1,1,2,1,8
1071087407,0,2,1,1,1,2,1,8
688357515,0,2,0,0,0,1,0,3
24269007,0,0,0,0,0,0,0,0
883092543,0,1,3,1,1,1,0,7
798495131,1,2,2,3,2,1,3,14
795256871,0,2,0,0,0,1,0,3
364363042,3,3,3,3,2,2,3,19
804892376,1,2,2,3,2,1,3,14
320801819,3,3,3,3,3,2,3,20
356478374,3,3,3,3,3,2,3,20
655730991,0,2,3,1,1,1,3,11
718651206,0,2,1,1,1,1,1,7
387886474,0,2,0,1,1,1,1,6
996586637,3,2,2,3,2,2,3,17
967898027,0,0,0,0,0,0,0,0
1016980476,3,2,2,1,1,2,3,14
1014040953,0,2,0,1,1,2,1,7
266425839,0,0,0,0,0,0,0,0
893162756,0,1,3,1,1,1,3,10
941878003,0,0,0,0,0,0,0,0
1047439758,0,2,0,1,1,2,1,7
1040254621,3,2,3,1,1,2,1,13
1028627683,0,0,0,0,0,0,0,0
1023809355,0,1,0,0,1,1,0,3
105294511,0,0,0,0,0,0,0,0
1075669412,0,2,2,3,1,0,0,8
1048609318,2,3,0,3,1,2,1,12
832223708,2,2,3,2,2,1,3,15
1025353483,0,2,0,0,1,1,0,4
376633849,3,3,3,1,3,2,3,18
904936947,0,2,2,3,2,1,3,13
1017209487,0,1,0,0,0,1,0,2
981301477,3,2,3,3,1,2,1,15
1080060648,0,2,0,1,1,1,0,5
153352092,0,0,0,0,0,0,0,0
493745015,3,3,3,3,3,2,3,20
884048673,3,3,3,3,2,2,1,17
926809338,0,1,0,1,0,1,1,4
991093164,0,2,3,1,1,2,3,12
915570261,3,3,0,2,2,2,0,12
875443418,0,2,2,1,1,1,3,10
854440494,0,2,3,3,2,1,3,14
1072754633,0,2,0,0,0,1,0,3
801777704,0,2,3,3,1,1,3,13
1008018743,0,2,3,2,1,2,3,13
1055994805,3,3,3,3,3,1,3,19
1052725575,2,2,2,2,2,1,3,14
1052378989,2,2,2,3,2,1,3,15
1058909692,0,2,3,1,2,1,3,12
733893458,0,2,3,1,1,1,3,11
1068625369,0,0,0,0,0,0,0,0
1072943883,0,1,0,1,1,2,0,5
960886171,0,0,0,0,0,0,0,0
1063508609,0,2,0,1,1,2,1,7
1058091826,0,1,0,1,1,2,1,6
1058451836,0,0,0,0,0,0,0,0
1057313677,0,1,0,1,1,2,1,6
1022922596,0,0,0,0,0,0,0,0
1023317019,0,2,2,1,2,2,2,11
957710424,0,1,1,1,1,2,2,8
68082406,0,0,0,0,0,0,0,0
595802333,0,0,0,0,0,0,0,0
590546522,0,1,0,1,3,2,0,7
454255442,0,1,0,0,0,2,0,3
1039272181,1,2,2,3,1,2,2,13
1035941983,0,2,0,2,1,1,1,7
1018655313,0,0,0,0,0,0,0,0
549765547,0,1,0,1,1,2,2,7
1013573769,2,3,3,1,2,1,1,13
1012016443,3,3,2,3,3,1,3,18
972302811,0,0,0,0,0,0,0,0
879259071,0,2,3,1,1,1,3,11
96190552,0,0,0,0,0,0,0,0
64720966,0,0,0,0,0,0,0,0
427996768,0,0,0,0,0,0,0,0
586832386,3,3,3,3,3,2,3,20
677126233,0,0,0,0,0,0,0,0
416106671,2,3,2,1,1,2,3,14
577677599,1,3,2,3,2,1,3,15
658660465,0,1,1,0,1,1,0,4
554038866,3,2,2,2,2,2,3,16
1014005468,0,2,1,1,2,1,1,8
968235969,3,2,1,1,2,2,1,12
996895737,0,2,1,1,1,1,0,6
849828088,3,2,3,1,2,2,1,14
655221508,0,2,2,1,2,1,1,9
458373488,0,1,0,1,1,2,1,6
36250154,0,0,0,0,0,0,0,0
476876104,1,3,3,3,2,1,1,14
924105614,0,2,1,1,1,1,1,7
861134449,0,2,1,0,1,1,0,5
1062322442,0,0,0,0,0,0,0,0
1059110246,0,0,0,0,0,0,0,0
957707741,0,2,1,1,2,1,1,8
694395083,3,3,3,3,3,2,3,20
1074025681,0,1,0,0,1,1,0,3
964511486,0,3,1,1,1,1,1,8
881817763,0,2,0,0,1,1,0,4
757007333,3,2,0,1,2,1,1,10
801375325,0,2,0,0,1,1,0,4
641795448,3,3,2,2,3,2,3,18
1033852037,0,2,1,1,1,1,1,7
79400692,0,0,0,0,0,0,0,0
1049064354,0,1,0,0,0,1,0,2
823185572,0,2,0,1,1,1,1,6
821787801,0,2,2,1,1,1,3,10
1018141552,3,2,2,1,2,2,3,15
1019479535,3,3,3,3,1,2,3,18
587970309,2,3,3,2,2,1,3,16
1049705276,0,1,0,1,1,2,0,5
475708408,3,2,3,3,2,2,3,18
808313703,0,1,0,0,0,1,0,2
529183087,0,1,1,1,1,1,1,6
1008644848,0,2,1,0,1,1,0,5
739787285,3,3,3,3,2,1,3,18
236591499,0,0,0,0,0,0,0,0
868819098,0,0,0,0,0,0,0,0
514999104,2,2,0,3,3,2,1,13
961733857,3,3,3,3,2,2,3,19
532360289,3,2,2,3,3,2,3,18
405198495,3,2,3,3,3,2,3,19
1079888533,3,3,3,3,2,2,2,18
11902969,0,0,0,0,0,0,0,0
1047905243,0,1,0,1,1,2,0,5
901922361,3,3,3,1,2,2,3,17
878619234,3,3,3,3,3,2,3,20
974418582,3,3,3,3,3,1,1,17
1067922793,3,3,3,3,3,1,3,19
821791313,3,3,3,3,3,1,3,19
1064940634,0,0,0,0,0,0,0,0
1061269689,3,3,2,3,2,1,1,15
1050328538,3,3,3,3,3,1,3,19
1074225554,2,3,2,3,3,1,3,17
953869208,3,3,2,3,2,2,1,16
488403945,1,2,1,1,2,2,1,10
626804664,0,2,1,0,1,1,0,5
814111646,3,3,2,3,2,1,3,17
140317809,0,0,0,0,0,0,0,0
929799101,3,3,3,3,3,2,3,20
34370012,0,1,0,0,1,1,0,3
1048910096,0,1,2,1,2,2,1,9
945865812,3,3,2,3,3,3,3,20
952653249,1,2,2,1,2,2,1,11
967820538,0,1,0,3,0,2,0,6
610056324,3,3,3,3,2,2,3,19
999493821,1,2,1,1,2,2,2,11
979811656,0,2,2,1,1,1,1,8
1052388754,0,2,2,1,2,2,3,12
1003242363,0,2,0,1,1,1,1,6
916045944,2,2,2,2,3,1,3,15
849552721,0,0,0,0,0,0,0,0
636622965,3,3,0,3,2,2,1,14
976385637,3,3,3,3,3,2,3,20
1012274228,1,1,3,1,1,2,3,12
997716204,0,2,1,1,1,2,2,9
929653362,0,2,3,1,1,2,3,12
994372593,0,1,0,0,0,1,0,2
976801916,0,2,3,1,1,2,3,12
260464048,0,0,0,0,0,0,0,0
1040265577,0,2,0,1,0,1,0,4
832191545,2,3,2,3,2,1,3,16
984247899,0,2,3,2,1,1,3,12
1022065728,0,2,3,2,1,1,3,12
1073323338,0,1,0,0,1,2,0,4
719932276,0,0,0,0,0,0,0,0
1054561745,0,0,0,0,0,0,0,0
1011333167,0,1,1,0,1,1,0,4
1037868016,0,2,0,1,1,2,1,7
683276458,0,2,2,1,1,1,1,8
827358237,0,1,0,1,1,2,0,5
1063587051,0,0,0,0,0,0,0,0
1050741172,0,1,0,0,1,1,0,3
1016535596,0,1,0,1,2,1,0,5
1079835726,0,1,0,1,1,1,1,5
1058471265,0,2,0,1,1,1,1,6
1072387942,0,2,0,1,1,2,0,6
528251499,0,2,2,1,1,1,3,10
1006119862,0,1,2,1,1,1,3,9
959341059,0,0,0,0,0,0,0,0
987964315,0,0,0,0,0,0,0,0
975853034,0,1,0,1,1,1,1,5
992463406,0,0,0,0,0,0,0,0
898562042,0,2,1,1,1,1,1,7
385263989,3,3,3,3,3,2,3,20
730795713,3,3,2,3,3,2,3,19
1031671013,2,2,3,3,2,2,1,15
1017281344,3,2,3,1,2,2,3,16
435472557,3,2,2,2,3,1,3,16
596634506,0,2,0,1,1,2,1,7
964196205,3,2,2,2,3,2,3,17
869570902,0,0,0,0,0,0,0,0
1068244391,0,3,0,3,1,1,0,8
691827557,0,2,2,1,1,1,3,10
1082777872,0,0,0,0,0,0,0,0
1080507301,0,1,0,1,1,2,0,5
1076229822,0,1,0,1,1,2,0,5
20429495,0,0,0,0,0,0,0,0
799826854,0,2,2,1,1,1,3,10
1006005924,0,2,0,0,0,1,0,3
565777734,0,1,2,1,1,2,0,7
984380676,0,2,0,1,0,2,2,7
936843802,0,2,2,1,1,2,0,8
974824733,0,0,0,0,0,0,0,0
921744253,0,2,1,1,2,1,1,8
195523307,0,0,0,0,0,0,0,0
417236472,0,2,2,1,2,1,1,9
1001133336,0,2,0,0,0,1,0,3
622825419,3,3,3,3,3,2,3,20
718173681,3,3,3,3,3,2,3,20
56554642,0,0,0,0,0,0,0,0
769986016,0,0,0,0,0,0,0,0
1038371281,0,1,1,1,1,1,1,6
1041922532,3,3,2,2,2,1,3,16
1040872995,0,2,2,1,1,1,0,7
512830607,0,0,0,0,0,0,0,0
1080434149,3,2,3,3,3,2,3,19
1061182653,0,2,1,1,1,1,1,7
896302852,0,2,1,0,1,1,0,5
1066993188,0,2,0,0,0,1,0,3
1035180705,3,2,3,1,1,2,1,13
1019810654,0,0,0,0,0,0,0,0
1023044779,0,2,0,0,1,1,0,4
1080812545,0,0,0,0,0,0,0,0
1078529095,3,2,1,0,1,2,0,9
1076628333,0,2,2,1,1,1,1,8
1068613651,0,1,0,1,1,2,0,5
1064093635,0,2,1,1,1,2,1,8
1060807678,3,3,3,3,2,2,3,19
1051959901,1,3,3,1,2,2,3,15
1049914434,1,3,2,3,2,2,3,16
1038786627,3,3,3,3,2,2,3,19
1041098179,3,3,2,3,2,2,3,18
357234119,1,3,3,3,2,2,3,17
1042170577,0,1,2,1,1,1,3,9
1021228358,0,3,1,0,1,1,0,6
1078720792,0,2,2,2,1,2,1,10
1076118694,0,1,2,1,1,2,1,8
1067546428,0,1,0,1,1,2,1,6
1068105785,0,2,2,1,1,2,3,11
975498387,1,1,0,1,1,2,0,6
1045497605,0,0,0,0,0,0,0,0
1040562402,0,2,3,1,1,1,3,11
1031115994,2,2,0,1,1,1,1,8
94751417,0,0,0,0,0,0,0,0
1014183162,0,2,2,1,1,1,0,7
1054636158,0,2,1,1,1,2,0,7
1023082053,0,0,0,0,0,0,0,0
619951894,3,2,3,2,2,2,3,17
652935396,3,3,3,1,3,2,3,18
735868438,3,3,3,1,3,2,3,18
930292472,0,2,2,1,1,2,3,11
972053347,0,3,2,1,2,1,3,12
971597259,0,1,0,1,1,1,1,5
967225506,1,2,1,2,2,2,1,11
975110119,0,0,0,0,0,0,0,0
961110225,0,2,1,1,1,1,1,7
921129876,0,1,2,1,1,1,1,7
1030373176,2,2,0,1,3,2,1,11
555248459,0,1,0,0,0,1,0,2
785423904,3,3,3,3,3,2,3,20
1077089445,3,2,0,1,1,2,1,10
727415364,0,0,0,0,0,0,0,0
1067924357,0,0,0,0,0,0,0,0
1076834176,3,2,3,3,2,2,1,16
1047793835,3,2,2,2,2,2,3,16
989581325,0,2,1,0,1,1,0,5
1011399265,3,3,1,2,3,2,2,16
943374599,0,0,0,0,0,0,0,0
1075048813,0,2,1,3,1,1,1,9
536527725,3,2,0,3,2,2,1,13
584642753,0,2,0,0,0,1,0,3
889375348,3,2,3,3,2,2,3,18
960646717,0,1,0,1,1,2,0,5
883245213,0,0,0,0,0,0,0,0
987524546,0,1,2,1,1,1,1,7
1011691883,0,2,2,1,1,2,3,11
894732197,0,2,2,1,1,1,3,10
1000639697,0,2,2,2,1,1,1,9
1010002468,3,2,1,2,3,2,1,14
988977192,0,2,2,2,2,1,3,12
975255848,0,2,2,1,1,1,3,10
1073727196,0,0,0,0,0,0,0,0
1069254585,0,2,3,2,1,2,1,11
1031682279,0,0,0,0,0,0,0,0
1030467477,0,1,0,1,1,2,2,7
1013653125,0,2,0,3,1,2,1,9
1013628996,0,2,0,3,1,2,1,9
964624097,3,2,3,1,1,2,3,15
1004259521,0,2,3,1,1,1,3,11
203954101,0,3,2,1,1,2,3,12
1062452086,0,0,0,0,0,0,0,0
1059217419,0,2,1,1,1,1,1,7
1058470987,3,3,3,3,3,1,3,19
1061801657,3,3,2,3,2,2,1,16
1047168779,0,0,0,0,0,0,0,0
96063856,0,0,0,0,0,0,0,0
889129491,0,2,2,1,1,1,1,8
893034146,0,0,0,0,0,0,0,0
1056667134,3,3,2,2,1,1,3,15
847535185,0,2,2,2,1,1,3,11
569953639,0,2,2,1,1,2,3,11
1051142272,0,1,0,0,1,1,0,3
1079017421,0,0,0,0,0,0,0,0
1064371869,0,2,0,1,1,2,2,8
1073993986,0,0,0,0,0,0,0,0
614057738,2,3,2,3,2,1,3,16
960662423,3,2,3,3,3,2,3,19
1044998905,1,2,3,3,3,2,1,15
605184263,3,3,3,3,2,2,3,19
117969374,3,3,3,3,3,2,3,20
679213837,0,1,0,0,1,1,0,3
1032228587,0,1,1,0,0,1,0,3
210806821,0,1,2,1,1,1,1,7
645249296,3,2,2,1,1,2,3,14
1008933601,0,0,0,0,0,0,0,0
94880017,3,3,3,3,2,2,3,19
1075551155,3,3,3,3,2,2,3,19
899823731,3,3,2,3,2,2,3,18
1057267508,3,3,2,3,3,2,3,19
1062219915,2,2,2,3,2,2,3,16
117702023,0,0,0,0,0,0,0,0
89996127,0,0,0,0,0,0,0,0
907612154,0,1,0,0,0,1,0,2
370457607,3,2,2,3,2,2,1,15
941354824,2,3,3,3,2,1,3,17
745997877,0,1,0,1,0,1,1,4
864544002,0,1,0,0,1,1,0,3
1030494123,0,2,2,1,2,2,0,9
455371865,0,2,0,0,1,1,0,4
169223133,0,0,0,0,0,0,0,0
698482708,3,3,2,3,1,1,3,16
1028694187,0,2,0,0,1,1,0,4
476065319,1,2,2,3,1,2,3,14
835698834,0,2,0,0,1,1,0,4
314485589,3,3,3,3,2,2,3,19
465080605,0,2,0,0,0,1,0,3
1064531483,0,2,2,1,1,1,1,8
1080124331,0,2,0,0,0,1,0,3
845231698,0,0,0,0,0,0,0,0
1080421257,0,0,0,0,0,0,0,0
1030591965,0,1,0,1,1,2,0,5
884628945,3,3,3,3,2,2,3,19
1038721195,2,2,3,1,2,2,2,14
152950958,0,0,0,0,0,0,0,0
985939917,0,2,0,1,1,2,1,7
1056476976,0,2,0,1,1,2,1,7
1062949189,0,1,0,1,1,2,1,6
1052580757,0,1,0,1,1,1,1,5
701931951,0,0,0,0,0,0,0,0
1058751071,0,1,2,1,1,2,0,7
1050903062,0,2,2,3,1,2,1,11
141135849,0,0,0,0,0,0,0,0
1034659667,0,2,2,1,1,1,1,8
947448176,0,2,2,1,1,1,1,8
684470366,0,2,2,1,1,1,3,10
1014533664,1,2,3,3,2,2,3,16
901457485,0,2,2,1,1,2,2,10
922633816,3,3,3,3,2,2,3,19
975880835,0,2,0,1,1,1,1,6
965561813,0,1,0,1,1,2,0,5
58849874,0,0,0,0,0,0,0,0
649572945,0,1,0,1,1,1,1,5
767603429,0,1,0,1,1,2,0,5
1069727526,0,2,2,1,1,2,3,11
1055816526,3,3,3,2,3,2,1,17
1023037461,0,1,0,1,1,2,1,6
1025408648,3,3,3,3,2,2,3,19
805766515,1,2,1,2,2,2,1,11
756245893,0,0,0,0,0,0,0,0
1021260472,2,2,0,1,2,2,0,9
1015728991,0,2,0,2,1,2,0,7
829814936,3,3,3,3,3,1,3,19
807860106,3,3,3,3,3,1,3,19
1051333377,0,2,1,0,1,1,0,5
1051483711,0,1,1,0,0,1,0,3
1039902514,0,0,0,0,0,0,0,0
1050439041,1,2,0,1,2,2,2,10
205764177,0,0,0,0,0,0,0,0
429607131,3,3,3,3,3,2,3,20
675697732,3,3,3,3,3,2,3,20
785696137,3,3,3,3,3,2,3,20
564764207,3,3,3,3,3,2,3,20
839537501,3,3,3,3,3,2,3,20
368606433,3,2,3,3,2,2,3,18
578335813,3,3,3,3,3,2,3,20
97906346,0,0,0,0,0,0,0,0
76783364,0,0,0,0,0,0,0,0
1058514019,3,3,3,2,3,2,3,19
949742872,3,3,3,3,3,2,3,20
945512434,3,3,3,2,3,2,3,19
98425695,0,0,0,0,0,0,0,0
411793722,3,3,3,3,3,2,3,20
403730707,3,3,3,2,3,2,3,19
635391619,0,2,3,1,1,2,3,12
138161288,0,0,0,0,0,0,0,0
163048089,0,0,0,0,0,0,0,0
106850343,0,0,0,0,0,0,0,0
1067246513,0,2,2,1,1,1,1,8
711240979,3,2,3,1,1,2,1,13
390144239,0,0,0,0,0,0,0,0
991351267,0,1,0,1,1,2,0,5
854875102,2,2,0,1,2,1,1,9
740240995,1,2,2,3,2,2,1,13
739618098,1,2,3,1,1,2,3,13
987472611,0,2,2,1,1,1,1,8
937764056,0,2,2,1,1,1,1,8
907926486,0,2,0,1,1,1,1,6
992553479,1,2,3,1,2,1,1,11
984128331,0,2,0,1,1,1,1,6
815339896,0,2,0,0,2,1,0,5
987312961,1,1,2,1,2,2,1,10
976351535,1,1,3,1,3,2,2,13
996732279,0,1,1,1,1,1,1,6
981068918,3,1,2,1,2,2,3,14
661434527,1,1,0,1,3,2,2,10
816409012,0,1,2,1,1,1,1,7
966182141,0,2,1,0,1,1,0,5
1028848487,0,0,0,0,0,0,0,0
947667299,0,1,0,1,1,2,1,6
953821419,0,1,0,0,0,1,0,2
945637583,0,2,1,1,1,1,1,7
380390521,0,2,1,1,1,1,1,7
543635334,0,2,0,0,0,1,0,3
10012676,0,1,1,1,1,2,2,8
377076239,0,0,1,1,1,1,0,4
694768758,3,2,1,1,2,2,1,12
1067687909,0,0,0,0,1,0,0,1
1018251806,0,0,0,0,0,0,0,0
1055733904,3,3,3,1,2,2,3,17
829265207,0,2,0,1,1,1,1,6
1034473999,0,2,2,3,1,1,3,12
530162849,3,3,3,3,2,1,3,18
1017740443,0,2,2,3,2,1,3,13
948048562,1,2,2,3,1,1,3,13
821974293,0,2,2,1,1,1,3,10
855773741,0,2,2,1,1,2,3,11
881107845,0,2,2,1,1,1,1,8
923828472,0,2,2,3,1,1,3,12
503258334,0,2,2,1,1,1,3,10
988280674,0,3,2,2,1,1,3,12
1045209455,3,3,3,3,3,2,3,20
1058898921,0,2,1,1,1,1,1,7
832636406,0,2,0,1,1,2,0,6
1030497272,0,1,2,1,1,1,1,7
1034334704,0,0,0,0,0,0,0,0
655727046,3,3,3,3,3,1,3,19
778712839,3,3,3,3,3,1,3,19
882105593,0,2,2,1,1,1,0,7
882105528,0,1,2,1,1,1,1,7
882105436,0,2,0,2,2,2,0,8
882105656,0,2,3,1,1,2,0,9
882105323,0,1,1,2,0,1,1,6
882105246,0,1,0,1,1,2,0,5
882105183,0,3,1,0,1,1,0,6
882105119,0,2,0,0,1,1,0,4
882104884,0,2,1,1,1,2,0,7
1075145796,3,0,0,1,0,2,0,6
1046920257,1,2,3,1,2,2,3,14
1013596084,1,2,3,1,1,2,3,13
1013661638,3,3,3,1,2,2,3,17
164499979,0,0,0,0,0,0,0,0
610907025,2,2,1,3,2,2,1,13
591703056,1,2,0,2,2,2,0,9
497692973,1,2,2,1,2,2,1,11
489497689,0,0,0,0,0,0,0,0
99906557,0,0,0,0,0,0,0,0
469412985,3,3,2,2,1,1,3,15
843513226,3,3,3,3,2,2,2,18
898495875,0,2,2,3,1,1,3,12
907877866,0,1,1,1,1,2,2,8
947352631,0,2,2,0,1,1,0,6
817263159,0,2,2,1,2,1,1,9
970837387,0,2,1,1,1,1,1,7
459849988,0,0,0,0,0,0,0,0
940639375,2,2,0,1,1,1,1,8
951098173,0,2,0,0,0,1,0,3
554570438,0,2,2,2,1,1,1,9
166252072,0,0,0,0,0,0,0,0
924023865,0,0,0,0,0,0,0,0
919196169,0,2,2,1,1,1,3,10
922760192,0,2,1,0,1,1,0,5
632494733,0,1,0,1,1,2,1,6
93781735,0,0,0,0,0,0,0,0
830317305,0,2,0,1,1,1,1,6
854632968,0,0,0,0,0,0,0,0
86312801,0,0,0,0,0,0,0,0
1036653849,0,2,0,2,1,2,1,8
1041573544,2,2,2,2,2,2,2,14
983949379,3,3,3,3,2,2,3,19
1032318193,0,2,0,1,1,2,0,6
1026336731,0,2,1,2,3,0,0,8
1040789998,0,0,0,0,0,0,0,0
1039648509,0,2,0,1,1,2,0,6
999321929,0,0,0,0,0,0,0,0
1038726421,0,0,0,0,0,0,0,0
916544361,3,3,3,3,2,2,3,19
772157261,0,0,0,0,0,0,0,0
1055045054,0,2,0,1,1,1,1,6
1005298501,0,2,0,1,1,1,1,6
1001557515,0,2,0,1,1,2,0,6
974472222,0,1,0,0,1,1,0,3
515591554,3,2,2,3,2,2,3,17
809076026,0,1,1,1,2,2,2,9
271926653,0,0,0,0,0,0,0,0
744497687,3,3,3,3,2,2,3,19
1043515297,3,3,3,3,2,1,3,18
529405644,3,3,3,2,2,1,3,17
631702702,3,3,3,1,2,2,3,17
967447248,3,1,2,1,2,2,3,14
1044266435,0,2,1,1,1,1,1,7
746776056,0,3,2,1,1,1,3,11
1020769854,1,3,2,3,2,1,3,15
1011984238,0,0,0,0,0,0,0,0
988786991,0,2,0,1,1,1,1,6
779132772,0,2,2,1,1,1,1,8
739998395,0,3,2,1,1,1,3,11
121853464,0,0,0,0,0,0,0,0
776115249,0,1,2,1,1,1,1,7
1061714463,2,2,1,1,1,2,2,11
1040703068,0,2,1,1,1,1,1,7
1039505608,0,2,1,1,1,1,1,7
1037746005,0,2,0,1,1,1,1,6
1037361681,0,2,3,1,1,2,3,12
1030344049,2,2,2,1,2,1,1,11
1030497045,0,0,0,0,0,0,0,0
1035957561,0,0,0,0,0,0,0,0
1033544655,0,2,1,1,1,1,1,7
1020000618,3,3,3,3,2,2,3,19
1034693083,0,2,1,1,1,1,1,7
604676694,0,2,1,0,1,1,0,5
391019665,3,3,3,3,2,2,3,19
996263541,0,3,3,1,2,1,3,13
492790775,3,3,2,3,2,1,3,17
115303217,3,2,3,1,3,2,3,17
624142296,1,2,1,1,2,2,1,10
1022334585,0,2,0,0,0,1,0,3
1019114032,0,0,0,0,0,0,0,0
747425065,0,2,0,0,1,0,0,3
957262603,0,2,1,0,1,1,0,5
1023050191,0,2,0,0,1,1,0,4
1048430003,3,1,0,0,1,2,0,7
941308131,0,2,2,3,1,1,3,12
991628545,0,2,0,0,0,1,0,3
963198269,3,2,3,1,1,2,1,13
894490266,0,0,0,0,0,0,0,0
1077536322,0,2,0,1,1,2,1,7
1068092315,0,0,0,0,0,0,0,0
1045598605,3,2,1,1,1,2,1,11
1055900027,0,1,0,1,1,1,0,4
1050526231,0,2,0,1,1,2,1,7
105260022,0,0,0,0,0,0,0,0
1059339454,3,2,2,1,2,1,3,14
155760969,0,0,0,0,0,0,0,0
806996643,0,3,2,1,2,1,3,12
1039608752,0,2,1,1,1,1,1,7
547742301,3,2,3,1,1,3,0,13
869589083,0,1,0,1,1,2,0,5
782615243,0,0,0,0,0,0,0,0
546394023,0,2,2,3,2,1,3,13
309708423,0,2,0,0,0,1,0,3
364278697,0,1,0,1,1,2,0,5
27107579,0,0,0,0,0,0,0,0
444106521,2,2,2,1,1,2,3,13
1043481295,0,0,0,0,0,0,0,0
683693427,0,2,2,1,1,2,1,9
409082439,0,0,0,0,0,0,0,0
967632287,0,2,0,1,1,1,0,5
1012012235,3,2,2,3,2,2,3,17
112528773,3,3,3,2,3,2,3,19
1043424938,0,2,0,0,0,1,0,3
762934992,0,2,0,1,1,1,1,6
1022425304,0,1,0,1,1,2,2,7
935201048,3,2,3,2,2,2,1,15
993015196,0,2,1,0,1,1,0,5
972182393,1,2,2,1,1,2,3,12
337760078,0,0,0,0,0,0,0,0
956509933,0,2,0,1,1,2,1,7
1029564039,0,2,1,0,1,1,0,5
1030359302,0,2,2,1,1,1,1,8
15144826,0,0,0,0,0,0,0,0
1000572023,0,2,2,1,1,1,0,7
995299187,3,2,2,2,3,1,1,14
904377103,0,1,0,0,1,1,0,3
1061809706,0,2,2,1,1,1,1,8
1081473227,0,2,0,1,1,1,3,8
1081657863,0,2,0,1,1,2,3,9
1081679013,0,2,0,1,1,2,3,9
891411187,3,3,3,3,3,2,3,20
1047419466,0,1,0,0,1,1,0,3
631523983,0,0,0,0,0,0,0,0
1037139039,0,0,0,0,0,0,0,0
1038770625,0,1,0,1,1,1,1,5
999761748,0,2,1,1,1,1,0,6
360447041,2,3,3,3,2,1,3,17
11906235,0,0,0,0,0,0,0,0
914293202,2,2,2,1,1,2,1,11
1066976955,0,2,2,1,1,2,3,11
716695209,0,2,2,1,1,1,1,8
832836154,0,2,2,1,1,1,3,10
1011446726,0,0,0,0,0,0,0,0
971106994,0,2,0,0,1,1,0,4
437684099,0,2,0,0,0,1,0,3
965549651,0,0,0,0,0,1,0,1
1067933712,0,2,1,1,1,1,1,7
1052961656,0,0,0,0,0,0,0,0
1053113799,0,1,0,1,1,2,0,5
1064674539,0,2,0,0,0,1,0,3
1048742767,0,1,0,0,1,1,0,3
713873801,0,0,0,0,0,0,0,0
1008411586,0,0,0,0,0,0,0,0
816711121,0,2,3,1,1,1,3,11
785070349,0,2,3,1,1,1,3,11
401787469,0,0,0,0,0,0,0,0
721949099,0,2,3,1,1,1,3,11
725718898,0,2,3,1,1,1,3,11
1009472819,3,2,3,1,2,2,1,14
244698177,3,3,3,3,2,1,3,18
798735133,1,2,2,1,1,1,1,9
804286244,0,0,0,0,0,0,0,0
728758036,0,0,0,0,0,0,0,0
401558842,3,3,2,2,1,1,3,15
548650432,3,3,3,3,3,2,3,20
350350456,0,2,0,1,1,1,1,6
397415629,0,2,2,1,1,1,3,10
356025942,0,2,3,1,1,1,3,11
747418585,3,3,3,3,1,1,1,15
967961996,0,2,2,1,1,1,1,8
1013541175,0,2,2,1,0,1,1,7
284880613,0,0,0,0,0,0,0,0
1060707013,3,3,2,2,1,1,1,13
1072440583,0,0,0,0,0,0,0,0
1061384332,3,3,2,2,1,1,3,15
1072873667,3,3,3,3,2,2,3,19
1067153339,2,2,0,1,1,2,1,9
720890436,3,3,3,3,3,1,3,19
1064111186,3,3,3,3,3,2,3,20
880098086,0,2,3,1,1,1,1,9
573324041,0,2,2,1,2,1,3,11
203569588,0,0,0,0,0,0,0,0
337530912,0,2,2,1,1,1,3,10
852885411,0,0,0,0,0,0,0,0
167900121,0,0,0,0,0,0,0,0
396786358,0,2,0,1,1,1,1,6
571340297,0,1,0,0,1,2,0,4
396166156,0,2,2,1,1,1,3,10
408785525,0,2,2,1,1,1,3,10
1043403152,0,2,2,1,1,1,3,10
922187269,0,2,2,1,1,1,3,10
1074011095,0,2,2,1,1,1,3,10
396278272,3,3,2,1,2,2,1,14
658635567,0,2,0,0,1,1,0,4
18040987,0,0,0,0,0,0,0,0
128227746,0,0,0,0,0,0,0,0
429990654,0,2,0,1,1,1,1,6
1011768248,3,2,3,1,2,2,3,16
853503169,0,2,1,1,1,1,1,7
912718358,0,2,0,0,0,1,0,3
825785703,3,3,3,3,3,1,3,19
1023705556,0,2,0,1,1,1,1,6
1080937769,1,2,0,1,1,2,1,8
107459804,0,0,0,0,0,0,0,0
1041081194,1,2,2,1,1,1,1,9
1038282398,1,2,2,1,1,1,3,11
1034685612,1,2,2,1,1,2,1,10
1030986726,0,1,0,1,1,2,0,5
1027492771,0,2,0,1,1,1,1,6
1023145483,0,2,0,1,1,2,0,6
1000932161,1,2,0,1,1,2,1,8
996802612,0,2,1,0,1,1,0,5
988997514,0,0,0,0,0,0,0,0
988982882,0,0,0,0,0,0,0,0
930765835,3,3,2,3,3,2,1,17
919523822,0,2,1,1,3,1,1,9
772537508,1,1,0,0,2,2,0,6
783606041,3,3,3,3,3,2,3,20
808317891,3,2,3,3,3,2,3,19
399047817,0,0,0,0,0,0,0,0
938760076,3,3,3,2,3,2,3,19
662407742,3,3,2,1,1,2,3,15
891710382,0,1,0,1,0,2,0,4
1004110961,0,2,1,1,1,1,1,7
423996929,0,2,1,1,1,1,1,7
944313824,0,0,0,0,0,0,0,0
1007759945,0,2,2,1,1,1,1,8
1008518845,0,1,0,1,0,2,0,4
19478422,0,0,0,0,0,0,0,0
1028077752,0,1,0,0,0,1,0,2
1014878432,0,2,1,1,1,1,1,7
1005282506,3,3,3,2,3,2,3,19
1001184831,0,2,3,2,1,2,1,11
999610958,0,1,0,1,1,2,1,6
993867801,0,2,0,1,1,1,1,6
984322296,1,2,1,1,1,2,1,9
1023547313,0,0,0,0,0,0,0,0
1043407951,0,2,2,1,1,2,3,11
944889832,0,2,1,1,1,1,1,7
810746618,0,2,3,1,1,1,1,9
1079405132,0,0,0,0,0,0,0,0
1067893857,0,2,1,0,1,1,0,5
1070200597,0,0,0,0,0,0,0,0
1053347245,0,2,1,1,1,1,1,7
858131932,0,1,0,1,1,2,0,5
114573732,0,0,0,0,0,0,0,0
882697318,0,1,0,0,0,1,0,2
1006918426,0,2,0,0,0,1,0,3
873061237,0,1,1,0,1,1,0,4
958366571,0,3,3,3,1,1,1,12
598818211,0,2,3,3,1,1,3,13
187527254,0,0,0,0,0,0,0,0
944110859,1,2,2,1,1,1,3,11
629091891,3,3,2,2,1,1,3,15
582628353,1,2,2,1,1,1,3,11
1059297108,0,2,2,1,1,1,3,10
963597514,0,2,2,1,1,1,1,8
505514665,0,1,0,0,2,1,0,4
993308826,0,0,0,0,0,0,0,0
989661256,0,1,0,1,1,2,0,5
987909564,3,2,3,3,3,2,3,19
792489744,3,3,3,3,3,2,3,20
884112157,3,2,3,3,2,2,3,18
36061026,0,0,0,0,0,0,0,0
468229027,0,1,1,1,1,1,1,6
965649234,3,3,3,3,2,2,1,17
1022127448,3,3,3,3,2,2,3,19
701220313,3,3,3,3,3,2,3,20
806421662,2,2,3,3,2,1,3,16
914355055,3,3,3,3,3,2,3,20
195595163,0,0,0,0,0,0,0,0
38342178,3,3,2,1,3,2,3,17
831114385,0,2,2,1,1,1,1,8
686613394,0,2,0,1,1,1,1,6
173936813,0,0,0,0,0,0,0,0
822008968,0,2,0,1,1,1,1,6
236053872,0,0,0,0,0,0,0,0
427445854,0,1,0,1,1,2,1,6
1007725858,0,0,0,0,0,0,0,0
290812622,0,2,3,1,1,1,3,11
999471012,0,0,0,0,0,0,0,0
996449319,0,1,0,0,1,2,0,4
995156675,3,2,1,1,2,2,1,12
98196815,0,0,0,0,0,0,0,0
746422638,3,2,2,1,2,2,1,13
975786375,0,1,0,1,1,2,0,5
940831464,3,3,2,1,3,1,1,14
1007137854,2,2,2,3,2,1,1,13
1074580354,3,2,0,1,1,2,1,10
777711204,0,1,0,0,0,1,0,2
1034483074,0,2,1,0,2,1,0,6
1014449224,0,2,0,1,1,2,0,6
1032436238,0,0,0,0,0,0,0,0
733140239,0,1,0,0,1,1,0,3
951336207,0,0,0,0,0,0,0,0
1050842109,3,3,1,3,2,2,1,15
1039292864,0,2,1,1,1,1,1,7
332674297,0,2,1,1,1,1,1,7
301458599,0,2,2,1,3,1,1,10
1061183807,3,2,3,2,2,2,2,16
413195926,0,2,2,3,1,1,3,12
988974348,0,2,1,1,1,1,1,7
114239342,3,2,3,3,2,2,3,18
1065976985,0,2,0,0,0,1,0,3
1077462597,0,2,1,1,1,1,1,7
1050483855,0,0,0,0,0,0,0,0
1080347027,0,1,1,0,1,1,0,4
15918745,0,0,0,0,0,0,0,0
807661818,0,2,2,1,1,1,1,8
1078172944,0,0,0,0,0,0,0,0
1068037938,0,2,0,1,1,1,1,6
708238664,3,3,2,1,2,2,3,16
910548019,3,3,3,1,3,2,3,18
873125808,0,1,0,1,1,2,0,5
817539544,3,2,3,1,1,2,2,14
628830143,3,2,2,1,2,2,3,15
224294231,3,3,3,1,3,2,3,18
1073904489,0,2,2,1,1,1,1,8
1068893531,0,2,1,1,1,2,1,8
1061593809,0,1,1,1,1,1,1,6
262059071,0,0,0,0,0,0,0,0
94851118,0,0,0,0,0,0,0,0
1043963996,0,0,0,0,0,0,0,0
415195296,0,2,2,1,1,2,1,9
1038631804,0,0,0,0,0,0,0,0
1037421297,0,2,1,2,2,1,1,9
1022995828,0,2,0,1,1,2,1,7
1034407068,0,2,1,1,1,1,1,7
1032531032,0,0,0,0,0,0,0,0
1029973042,0,0,0,0,0,0,0,0
870161766,3,3,3,3,3,2,3,20
980628479,0,0,0,0,0,0,0,0
969749467,0,2,0,1,1,1,1,6
1050038445,0,0,0,0,0,0,0,0
1043978281,0,2,1,1,2,1,1,8
1039646475,0,0,0,0,0,0,0,0
1040478265,0,2,2,1,1,1,1,8
1027435494,0,0,0,0,0,0,0,0
999571708,0,2,2,2,1,1,1,9
1078135231,3,2,2,1,2,2,1,13
1078630606,0,0,0,0,0,0,0,0
1077276723,0,0,0,0,0,0,0,0
1074223316,1,2,0,3,1,1,1,9
944477814,0,2,1,1,2,2,2,10
926581906,3,3,3,3,2,2,3,19
1009847212,3,3,2,2,2,2,3,17
1051659096,2,3,2,3,2,2,3,17
1065459014,0,2,0,1,1,1,1,6
1063470779,3,3,3,3,2,2,3,19
1025400135,0,2,2,1,2,2,3,12
469172168,3,3,3,3,2,2,3,19
284455176,3,2,3,1,2,2,3,16
100485179,0,0,0,0,0,0,0,0
350145709,2,1,3,2,2,2,3,15
1024307131,0,2,3,1,1,1,3,11
1081096388,3,2,1,2,2,1,1,12
1080567037,0,0,0,0,0,0,0,0
1079092255,0,1,0,0,1,1,0,3
757656912,0,2,1,1,1,1,1,7
1077767222,0,2,0,1,1,1,0,5
416116675,0,0,0,0,0,0,0,0
751456024,3,3,3,3,3,2,3,20
1052630237,0,2,0,1,1,1,1,6
702629923,2,2,2,3,2,2,2,15
1077587524,0,2,1,1,1,1,1,7
936961888,0,2,2,1,1,1,1,8
1055399297,0,2,2,1,1,1,3,10
1074017129,2,2,2,2,1,1,3,13
1070956901,0,2,3,1,1,1,3,11
767549689,0,2,2,1,1,1,1,8
665371204,0,2,2,1,1,1,1,8
673984277,0,2,1,1,1,1,1,7
1070760881,0,2,2,1,1,1,3,10
1069115625,0,2,2,1,1,1,3,10
767536247,0,2,2,3,1,1,3,12
970986183,0,2,0,1,1,2,1,7
946172465,3,3,3,3,2,2,3,19
1054037627,3,3,3,3,3,2,3,20
779929379,0,2,1,0,1,1,0,5
1054403548,1,2,1,1,1,2,1,9
527788649,2,3,3,3,2,1,3,17
778730193,1,2,0,1,1,2,0,7
980987112,0,0,0,0,0,0,0,0
975865641,0,2,0,3,2,1,0,8
1012707939,0,2,0,1,1,1,1,6
436497054,3,3,3,3,3,1,1,17
888275435,0,0,0,0,0,0,0,0
1082016759,0,1,1,2,1,1,0,6
1056978018,0,1,2,1,1,1,3,9
1073066013,2,3,1,3,2,1,1,13
1071604139,0,2,1,1,1,1,1,7
1056829498,0,1,1,0,1,1,0,4
1071264323,0,2,2,1,1,2,2,10
984364139,1,2,1,3,2,1,1,11
551844917,2,2,2,3,1,2,3,15
1073413695,0,0,0,0,0,0,0,0
1055354111,0,1,0,1,1,2,0,5
538140898,3,3,0,1,1,2,1,11
1062348398,0,0,0,0,0,0,0,0
1070491235,0,1,1,0,1,1,0,4
1015186217,3,3,3,2,3,2,3,19
1051570487,0,2,0,1,1,2,2,8
1059417212,0,1,0,1,1,2,0,5
952376164,1,1,2,1,1,2,3,11
674746599,0,2,0,0,1,1,0,4
848884263,0,1,0,0,1,1,0,3
638266241,1,2,2,1,1,2,0,9
949829037,2,2,1,1,1,2,2,11
790492782,0,2,2,1,1,1,1,8
846258685,0,2,1,1,1,1,1,7
996472352,0,1,0,1,1,2,1,6
1000831054,0,0,0,0,0,0,0,0
995897174,0,2,2,1,1,2,3,11
822477585,3,3,2,1,1,2,3,15
987879455,0,0,0,0,0,0,0,0
978758937,0,1,0,1,1,2,1,6
942849303,0,1,0,1,1,2,1,6
979932388,0,0,0,0,0,0,0,0
981453486,3,3,3,3,2,2,1,17
1083397333,0,0,0,0,0,0,0,0
1082223179,0,2,1,1,1,1,1,7
950993341,3,3,3,3,3,2,3,20
1079809241,0,2,1,1,0,1,1,6
1079565148,0,2,2,1,1,1,1,8
102013431,0,0,0,0,0,0,0,0
1016349257,3,3,3,3,2,2,3,19
1004727991,0,2,2,1,1,1,1,8
946420997,3,3,3,3,3,2,3,20
1074019203,0,2,1,2,2,1,1,9
1068185009,3,3,1,2,1,1,0,11
1079871771,0,1,1,1,1,1,1,6
1079833512,0,1,1,0,1,1,0,4
1078776243,1,2,2,1,1,1,1,9
1077249547,0,2,0,1,1,2,2,8
1075030271,0,2,1,1,1,1,1,7
899164179,0,2,2,1,1,1,3,10
1045771339,0,2,2,1,1,1,3,10
937334731,0,2,0,1,1,1,1,6
1055105065,3,3,3,3,2,2,3,19
953160752,3,2,3,3,2,2,3,18
637789394,0,0,0,0,0,0,0,0
755304176,0,0,0,0,0,0,0,0
419664712,0,1,0,0,1,1,0,3
916783409,0,2,0,1,1,2,0,6
675871998,3,2,3,3,2,2,3,18
383830129,3,3,3,3,3,2,3,20
1039678722,0,2,0,0,0,1,0,3
683329263,3,3,2,2,2,2,1,15
931414646,3,3,2,3,3,2,3,19
843330023,3,3,3,2,3,2,3,19
150263701,3,3,3,2,3,2,1,17
103678156,3,3,3,3,3,2,3,20
1043792526,0,1,0,1,1,2,0,5
709318519,0,2,3,1,1,1,3,11
1077866446,0,2,0,0,0,1,0,3
706954809,0,2,3,1,1,1,3,11
446859291,3,2,3,2,2,1,3,16
1051320761,0,0,0,0,0,0,0,0
1064830494,0,2,0,1,1,1,1,6
700350085,0,2,3,1,1,1,3,11
995531146,3,2,3,3,2,2,3,18
1081248021,0,0,0,0,0,0,0,0
1078625525,0,1,0,1,1,2,0,5
1077161768,2,2,0,1,1,1,1,8
1075353892,0,1,1,1,1,1,1,6
1059789122,0,1,1,0,1,1,0,4
718911646,3,3,3,3,3,1,3,19
715434276,3,3,3,3,3,1,3,19
633043221,0,1,0,0,1,1,0,3
998294323,3,3,2,3,2,2,1,16
725182504,3,2,3,1,1,2,3,15
1023376095,0,0,0,0,0,0,0,0
1000913873,0,1,2,1,1,1,3,9
873699403,3,3,3,3,3,2,3,20
884628859,3,3,3,3,3,2,3,20
1048630209,0,0,0,0,0,0,0,0
988584128,0,1,0,0,0,1,0,2
991670676,0,2,1,1,1,1,1,7
989579114,0,2,1,1,1,1,1,7
982058877,3,2,3,1,1,2,2,14
984402636,0,2,0,0,1,1,0,4
580565554,2,2,3,1,2,2,3,15
862347814,0,1,2,1,1,2,2,9
622158706,0,2,3,1,1,1,3,11
611535559,0,1,0,0,2,2,0,5
625991704,0,2,1,0,1,1,0,5
1067771028,0,2,0,0,0,1,0,3
1059160759,0,2,2,1,2,1,1,9
891737721,0,1,2,1,1,1,0,6
872619418,3,3,3,3,2,1,3,18
825755104,0,2,2,1,2,2,3,12
790441971,0,0,0,0,0,0,0,0
895663616,0,0,0,0,0,0,0,0
946485498,0,0,0,0,0,0,0,0
865205746,3,2,1,3,1,1,1,12
697445052,0,2,3,1,1,1,3,11
716730092,0,2,3,1,1,1,3,11
94707631,0,0,0,0,0,0,0,0
753204588,0,2,3,1,1,1,3,11
988602081,0,2,1,0,1,1,0,5
203954783,2,1,2,1,1,2,3,12
66865824,0,0,0,0,0,0,0,0
64577984,0,0,0,0,0,0,0,0
25843505,0,0,0,0,0,0,0,0
2924899,0,0,0,0,0,0,0,0
3075204,0,0,0,0,0,0,0,0
143498996,0,0,0,0,0,0,0,0
1018686774,0,1,0,1,2,2,2,8
42329366,0,0,0,0,0,0,0,0
539315858,3,2,3,1,2,2,3,16
534375272,3,2,3,2,2,2,3,17
156770175,0,0,0,0,0,0,0,0
537864914,0,2,0,1,2,2,2,9
550100487,3,3,3,3,2,2,3,19
650850715,3,2,3,3,3,2,3,19
724774718,3,3,3,3,3,2,3,20
130556638,0,0,0,0,0,0,0,0
743075446,3,3,3,3,2,2,3,19
1077468986,0,0,0,0,0,0,0,0
1064827928,0,0,0,0,0,0,0,0
1064826426,0,0,0,0,0,0,0,0
996094194,0,1,0,1,1,2,1,6
1070932641,0,1,0,1,1,2,0,5
1082204021,0,1,0,1,1,2,2,7
625976063,0,1,0,1,1,1,1,5
1075928645,0,1,0,1,1,2,0,5
933488901,0,2,1,1,1,1,1,7
954563486,0,2,1,0,1,1,0,5
981336672,0,1,0,1,0,1,1,4
972938289,0,1,1,1,1,1,1,6
967979463,3,2,2,3,2,2,2,16
971595957,0,0,0,0,0,0,0,0
967998012,0,1,1,1,1,1,1,6
955392284,0,1,0,1,1,2,0,5
969096396,0,1,1,1,1,1,1,6
1061474629,0,2,0,0,3,1,0,6
1061019071,0,2,0,0,3,1,0,6
1061005723,0,2,0,0,3,1,0,6
1061406749,0,2,0,0,3,1,0,6
1046001655,0,2,3,1,1,2,1,10
1078145545,0,0,0,0,0,0,0,0
1050761529,0,2,0,0,1,1,0,4
1074282853,1,2,2,1,1,2,1,10
1080721435,0,2,0,1,1,2,2,8
967959993,0,2,2,1,1,2,0,8
956496577,0,0,0,0,0,0,0,0
376525439,3,3,2,2,3,2,0,15
1006119535,0,2,0,0,0,1,0,3
1054355069,0,0,0,0,0,0,0,0
14726254,0,0,0,0,0,0,0,0
768769078,0,1,0,1,1,2,1,6
1020121491,0,2,2,1,1,1,3,10
1071553273,3,3,1,1,1,2,1,12
881337211,3,3,3,3,3,2,3,20
1064546396,0,2,0,1,1,2,1,7
1024736556,0,2,0,0,1,1,0,4
1024726892,0,0,0,0,0,0,0,0
1025919551,3,3,3,3,3,2,3,20
1027737639,0,2,0,3,1,1,0,7
1005717964,0,2,0,3,2,1,0,8
900098856,0,1,1,0,2,2,0,6
479586763,3,3,3,3,2,2,3,19
832523105,0,2,0,0,0,1,0,3
477072283,0,2,1,1,1,2,2,9
738320777,0,2,0,0,0,1,0,3
565254624,0,1,0,1,1,2,2,7
483874618,0,2,0,2,3,1,1,9
983032799,1,2,2,2,2,1,3,13
1079672473,0,2,0,1,1,1,1,6
1079362676,0,1,0,0,0,1,0,2
1013332194,0,2,0,1,1,1,1,6
1077897495,0,0,0,0,0,0,0,0
997243869,0,2,1,2,2,1,0,8
1075382233,0,2,1,1,1,1,1,7
1065866326,0,0,0,0,0,0,0,0
1030315133,0,2,2,1,1,2,0,8
1027262118,0,0,0,0,0,0,0,0
1023057803,0,2,2,1,1,1,3,10
931025987,0,1,0,0,1,1,0,3
1061951482,3,2,3,1,1,2,1,13
790959087,3,2,3,3,2,2,3,18
1018533679,0,1,0,0,1,1,0,3
63996022,0,0,0,0,0,0,0,0
1034196453,0,1,0,0,1,1,0,3
103802845,0,0,0,0,0,0,0,0
854329463,0,2,2,1,2,1,1,9
1051854855,0,0,0,0,0,0,0,0
1056083863,0,0,0,0,0,0,0,0
1033476945,0,2,3,1,1,2,3,12
859202141,0,2,1,1,1,1,1,7
956050594,1,2,2,3,1,2,3,14
483376122,0,3,2,3,2,1,1,12
957084952,3,3,3,3,2,2,3,19
994210786,3,3,2,1,2,2,3,16
514247378,0,2,0,1,1,1,1,6
996779345,0,2,0,1,1,1,1,6
890945397,0,2,2,1,1,2,3,11
726605543,3,3,3,3,2,2,2,18
882546734,0,1,2,1,1,2,2,9
830487093,3,3,3,3,3,1,3,19
738480379,3,3,3,3,3,2,3,20
704295162,0,2,0,0,0,1,0,3
713893252,3,3,3,3,3,2,3,20
991936094,3,3,3,3,2,2,1,17
1000738145,2,2,2,1,2,2,2,13
1000700123,0,1,1,1,1,2,0,6
468035501,3,3,3,3,3,2,3,20
627161993,3,3,3,3,3,2,3,20
900097991,0,0,0,0,0,0,0,0
1064720447,0,0,0,0,0,0,0,0
1073049563,0,0,0,0,0,0,0,0
517243547,0,2,1,1,1,2,1,8
509503333,0,3,1,2,1,2,1,10
805998485,0,1,0,1,1,2,0,5
23884288,0,0,0,0,0,0,0,0
997427768,3,3,2,1,2,2,3,16
654632481,0,3,2,2,1,2,1,11
840268845,0,0,0,0,0,0,0,0
460273615,3,2,2,3,2,2,3,17
1027088913,0,2,1,1,1,2,1,8
540845882,3,2,2,3,2,2,1,15
468233234,3,2,3,3,3,2,3,19
955192261,3,3,3,3,3,2,3,20
850664814,3,3,3,3,3,2,3,20
964488377,0,3,0,1,2,2,1,9
1080874775,1,2,2,3,2,1,1,12
1059215551,0,2,2,1,1,1,1,8
1078937276,0,1,2,0,0,1,0,4
1030934666,0,0,0,0,0,0,0,0
561712921,0,1,2,1,1,1,3,9
923278609,0,2,2,1,1,1,1,8
1076202011,0,2,3,1,1,2,1,10
1064704575,0,2,0,1,1,1,1,6
1045042724,0,2,0,0,0,1,0,3
1059304349,3,2,3,1,1,2,1,13
943605903,0,2,1,1,1,1,1,7
1050303813,0,2,2,1,1,2,1,9
410767987,2,2,3,1,2,2,2,14
1076448852,1,2,2,1,2,2,1,11
539436776,2,2,3,1,2,2,3,15
325743982,0,2,0,1,1,2,1,7
322700661,0,2,1,1,1,2,2,9
919093328,0,1,0,1,1,2,2,7
1011585496,0,0,0,0,0,0,0,0
880773632,0,2,0,1,1,2,2,8
549556829,3,3,3,3,2,2,3,19
1059298267,0,1,0,0,1,1,0,3
1020903305,3,2,2,2,2,1,3,15
907774588,0,2,0,1,0,1,1,5
705088101,3,2,3,3,3,2,3,19
961174237,3,3,3,3,3,2,3,20
874765009,0,2,0,1,1,1,1,6
675407433,0,0,0,0,0,0,0,0
1040610043,0,2,1,0,1,1,0,5
1029646039,1,2,2,3,2,2,3,15
1003402615,0,0,0,0,0,0,0,0
911094898,0,2,0,1,1,2,1,7
994885083,0,2,0,2,2,2,1,9
987789118,3,3,3,2,3,2,3,19
1003021054,0,0,0,0,0,0,0,0
540010904,0,1,0,1,2,2,2,8
70003664,0,0,0,0,0,0,0,0
694392278,3,3,3,3,3,2,3,20
715325743,0,2,0,3,1,1,0,7
720638049,3,2,2,3,2,2,1,15
720497741,3,3,3,2,3,2,1,17
560378064,3,3,3,3,2,2,3,19
812958121,1,2,0,3,2,2,0,10
280846896,3,3,3,3,2,2,3,19
699567714,3,3,3,3,2,2,3,19
537558411,0,1,0,0,0,1,0,2
1063933201,0,3,1,1,1,1,1,8
1075593285,0,0,0,0,0,0,0,0
1080165699,3,2,1,2,2,1,0,11
1079560844,2,2,1,2,3,1,0,11
822637202,3,3,3,1,2,2,3,17
857685719,0,1,0,1,1,2,0,5
779105949,0,2,3,2,1,2,3,13
771622862,0,2,3,2,1,1,3,12
101984748,0,0,0,0,0,0,0,0
326445434,0,2,3,1,1,2,3,12
804719922,0,2,2,2,3,1,1,11
324498387,3,2,2,1,2,2,3,15
1014202929,0,0,0,0,0,0,0,0
897627159,0,2,0,0,0,1,0,3
893539119,3,3,3,1,2,2,3,17
1047793701,0,2,1,2,3,2,2,12
1044996846,0,2,2,1,1,1,3,10
680244322,0,2,2,1,1,1,3,10
770154437,3,3,3,3,2,1,3,18
1066959448,0,0,0,0,0,0,0,0
1065973449,0,0,0,0,0,0,0,0
693070108,0,2,3,1,1,1,3,11
996733436,0,2,3,1,1,2,3,12
778248154,0,1,0,0,1,1,0,3
898168884,0,2,0,1,1,1,1,6
1048285853,0,2,0,1,1,1,1,6
1079737661,0,2,0,1,1,2,2,8
1065157272,3,2,3,1,2,2,1,14
784637621,3,3,2,1,2,1,3,15
1064733955,0,2,2,1,1,2,3,11
1063969082,0,2,1,1,1,2,2,9
411142284,3,2,3,3,2,2,3,18
943713167,3,3,3,3,3,2,3,20
428571708,3,3,3,3,3,2,3,20
1080786362,0,3,1,2,2,1,1,10
107098856,0,0,0,0,0,0,0,0
1065074543,0,2,2,3,2,1,3,13
1050378535,0,2,1,1,1,1,1,7
1052466151,0,2,0,0,1,1,0,4
1057355236,0,2,3,3,2,1,3,14
442635115,0,2,2,1,1,1,1,8
446689996,0,2,1,0,1,1,0,5
1071275893,0,1,3,1,1,1,0,7
632925473,3,3,3,3,2,2,3,19
1062570827,3,2,3,3,2,2,3,18
721514001,3,2,3,3,3,2,3,19
1048453771,3,3,2,3,2,2,2,17
982338242,3,3,2,1,2,2,3,16
102645803,0,0,0,0,0,0,0,0
1001217843,3,2,3,2,2,2,3,17
992238748,1,3,2,2,2,2,3,15
989265876,2,2,2,0,2,2,0,10
984744972,0,1,2,1,2,2,3,11
964622517,0,2,2,1,1,1,1,8
958359701,0,2,3,2,2,1,3,13
1068147505,0,2,1,1,1,1,1,7
1057844558,0,2,3,1,1,1,3,11
1001565442,0,0,0,0,0,0,0,0
1055051344,0,2,3,2,2,1,3,13
1070381605,0,2,3,1,1,1,3,11
1063004024,0,2,3,1,1,1,3,11
574941006,0,2,2,1,1,1,1,8
112532351,0,0,0,0,0,0,0,0
1052152806,0,2,2,1,2,1,3,11
897988842,0,1,2,1,1,1,1,7
828034093,3,3,3,1,1,2,3,16
539666935,3,2,2,1,2,2,3,15
639393875,3,3,3,3,3,2,3,20
778549401,0,2,2,2,1,2,0,9
607837618,3,3,2,1,1,2,3,15
870343038,0,2,0,0,1,1,0,4
1064374368,0,0,0,0,0,0,0,0
1002097887,0,2,0,0,0,1,0,3
819828618,0,0,0,0,0,0,0,0
544482547,0,2,0,2,2,1,0,7
722188298,3,3,2,3,2,1,3,17
872779136,3,2,3,1,1,2,1,13
733373254,3,3,3,3,2,2,3,19
723009515,0,2,2,1,1,1,1,8
918894678,0,1,2,0,1,1,0,5
573230804,0,1,0,1,1,2,2,7
858049864,0,2,2,3,2,1,3,13
556454878,0,2,2,1,1,2,0,8
180619126,0,0,0,0,0,0,0,0
85101868,0,0,0,0,0,0,0,0
793742899,3,3,2,3,3,2,3,19
882417496,3,3,2,3,3,2,1,17
94376973,0,0,0,0,0,0,0,0
530334257,0,2,2,1,1,2,2,10
667678907,3,3,2,2,3,2,1,16
97272287,0,0,0,0,0,0,0,0
1077546506,3,2,0,1,2,2,1,11
1062095296,3,2,2,3,2,2,3,17
1058497902,0,2,2,1,1,2,3,11
576009793,3,3,3,3,2,1,3,18
639626179,0,2,3,3,1,1,3,13
1054718926,0,2,1,1,2,2,2,10
1054720635,0,2,0,0,0,1,0,3
1060291369,3,2,1,2,3,1,0,12
743677372,0,2,2,1,1,1,3,10
1066980823,0,0,0,0,0,0,0,0
1017009215,0,2,0,1,1,2,1,7
1020173376,0,2,1,1,1,2,1,8
1019163177,0,2,0,0,0,1,0,3
1007847659,1,2,1,3,2,2,1,12
993189523,1,2,2,1,1,2,2,11
800973822,1,2,0,1,1,2,0,7
1020546478,0,0,0,0,0,0,0,0
954135529,0,2,0,1,1,2,1,7
649698539,3,3,3,3,2,2,3,19
649694569,3,3,3,3,2,2,3,19
996096518,0,2,0,0,1,1,0,4
892674404,0,0,0,0,0,0,0,0
876023573,0,2,2,1,1,2,1,9
905560449,0,1,0,0,2,1,0,4
734256314,3,3,1,3,2,2,2,16
603274711,3,3,2,3,2,2,1,16
872127519,1,2,2,1,1,2,3,12
865221099,2,2,2,1,3,2,3,15
895331024,0,0,0,0,0,0,0,0
892226251,0,0,0,0,0,0,0,0
714360439,2,3,0,0,2,2,0,9
863764991,3,3,2,0,3,2,0,13
834141636,2,3,0,0,2,2,0,9
674322568,1,3,0,0,2,2,0,8
1009902088,0,2,2,2,1,1,3,11
1067117699,0,0,0,0,0,0,0,0
708274897,3,3,2,3,2,2,3,18
1041930984,2,3,2,3,2,1,3,16
1045499104,0,0,0,0,0,0,0,0
1032493923,0,0,0,0,0,0,0,0
1009617708,3,3,3,1,2,2,3,17
1014058503,0,1,0,1,1,1,1,5
901380618,0,1,2,1,1,1,3,9
857701925,3,3,3,3,2,2,3,19
812516497,3,3,3,3,2,2,3,19
900264601,3,3,3,3,2,2,3,19
859160659,3,3,3,3,2,2,3,19
1056414069,3,3,3,3,3,2,3,20
996563106,3,3,3,3,3,2,1,18
882391984,3,3,2,3,2,2,3,18
1059578776,3,2,3,3,2,2,3,18
1061475418,0,2,1,1,1,1,1,7
1035068096,3,3,2,2,2,1,1,14
1061848027,3,3,3,3,3,2,3,20
1066841549,3,2,2,3,2,2,3,17
1030819692,0,2,1,1,1,1,1,7
1068050837,0,0,0,0,0,0,0,0
1056527163,0,2,2,1,1,1,3,10
934135655,0,2,0,1,1,1,0,5
881140993,0,2,2,1,1,2,1,9
930491111,0,2,0,1,1,1,0,5
914254699,2,2,2,2,3,1,1,13
733119336,0,2,2,2,2,1,0,9
392008627,0,0,0,0,0,0,0,0
893256189,0,0,0,0,0,0,0,0
1060291147,0,0,0,0,0,0,0,0
1074471457,1,2,0,1,1,2,1,8
1080722464,0,0,0,0,0,0,0,0
938610757,0,0,0,0,0,0,0,0
1044197616,0,0,0,0,0,0,0,0
883787119,0,2,0,1,1,1,1,6
621475479,0,0,0,0,0,0,0,0
971272617,0,0,0,0,0,0,0,0
1066581629,0,1,0,1,1,1,1,5
1067805723,0,2,0,1,1,2,1,7
432552617,3,3,2,2,3,1,3,17
1047088384,3,3,3,3,2,2,3,19
1070996816,2,3,3,3,2,2,3,18
1071263639,3,3,2,3,3,2,3,19
259635347,0,0,0,0,0,0,0,0
1044214019,2,3,3,3,2,2,3,18
1056159916,0,2,0,1,1,1,1,6
1071301049,3,3,1,2,1,1,0,11
405200863,3,3,3,3,2,2,3,19
692762296,3,3,2,3,2,2,1,16
148943826,0,0,0,0,0,0,0,0
1074388664,0,2,0,1,1,1,1,6
1077208785,0,0,0,0,0,0,0,0
1069784383,0,0,0,0,0,0,0,0
1045508527,0,2,1,2,2,0,0,7
950090437,3,2,1,2,2,1,1,12
1039235057,0,1,0,0,0,1,0,2
1039016266,0,2,1,1,1,1,1,7
624372915,0,2,1,2,2,1,0,8
1038173101,0,1,1,0,1,1,0,4
1039511174,0,2,2,1,1,2,3,11
268931764,0,2,3,1,1,1,3,11
564462204,0,2,2,2,1,1,3,11
44783766,0,0,0,0,0,0,0,0
188721132,0,0,0,0,0,0,0,0
86089112,0,0,0,0,0,0,0,0
222938332,0,0,0,0,0,0,0,0
177406451,0,0,0,0,0,0,0,0
709914275,1,2,2,1,1,2,3,12
137094587,0,0,0,0,0,0,0,0
474142119,3,3,1,3,2,2,1,15
18058089,0,0,0,0,0,0,0,0
783775215,0,1,1,1,1,1,1,6
520369738,0,2,1,1,1,1,1,7
826274054,0,2,1,1,1,1,1,7
1062548677,3,3,2,1,1,2,3,15
1036622722,0,2,0,1,2,1,1,7
1071356279,0,2,2,1,1,1,3,10
1054391818,3,2,3,1,2,2,3,16
554219772,0,2,3,1,1,1,3,11
851445376,0,2,3,1,1,1,3,11
812910212,0,2,2,3,2,2,3,14
413949968,3,2,2,1,2,2,3,15
18791211,3,3,2,1,2,2,3,16
981578514,0,2,1,1,1,1,1,7
1028060528,0,0,0,0,0,0,0,0
953845661,3,3,3,1,2,2,1,15
1067649953,1,2,3,3,2,2,3,16
1038006663,3,3,3,2,3,2,3,19
1056221261,0,0,0,0,0,0,0,0
1075323284,0,0,0,0,0,0,0,0
1030391528,3,3,3,3,3,2,3,20
1072436509,0,0,0,0,0,0,0,0
1069168083,0,1,0,1,1,2,0,5
1029908922,3,3,3,3,3,2,3,20
891411571,3,3,3,3,3,2,3,20
10742673,0,0,0,0,0,0,0,0
996971336,0,0,0,0,0,0,0,0
1035496325,0,1,0,1,2,2,2,8
944792443,0,1,0,0,0,1,0,2
609750421,0,0,0,0,0,0,0,0
1078269879,3,3,1,1,2,2,1,13
950234441,0,0,0,0,0,0,0,0
842191637,0,2,2,1,1,1,1,8
933208874,0,2,2,1,2,1,1,9
584999371,0,2,2,1,1,1,3,10
443736061,0,2,3,1,3,1,1,11
908358819,0,2,2,1,1,2,1,9
817917107,0,0,0,0,0,0,0,0
763674437,0,2,1,1,1,2,1,8
121555506,3,3,3,3,2,2,3,19
411004927,0,1,0,0,0,1,0,2
102736519,0,0,0,0,0,0,0,0
160479864,0,0,0,0,0,0,0,0
471646429,0,2,0,0,0,1,0,3
170856948,0,0,0,0,0,0,0,0
770528174,0,2,2,1,2,1,3,11
908396497,0,2,1,1,1,1,1,7
947492218,0,0,0,0,0,0,0,0
430142567,0,2,2,1,1,1,3,10
513067303,2,3,2,1,1,2,1,12
957075015,0,1,0,0,1,1,0,3
1079745751,3,3,3,3,3,1,1,17
1078154178,0,2,1,1,1,2,2,9
835954314,3,3,3,2,2,2,0,15
622330699,3,2,3,1,3,2,3,17
927957216,0,0,0,0,0,0,0,0
1081071601,1,2,2,3,1,2,3,14
939807812,1,3,2,2,2,2,3,15
1077410029,0,1,1,0,1,1,0,4
1077575142,0,2,1,1,1,1,1,7
1074429784,0,0,0,0,0,0,0,0
1074312544,3,3,2,2,2,1,1,14
1074457252,0,2,1,3,1,1,0,8
1074317815,0,2,2,2,2,1,1,10
1048120128,2,2,2,3,3,1,3,16
1032346363,0,2,0,0,1,0,0,3
1071218739,0,2,0,1,1,2,1,7
808929293,3,3,3,3,3,1,3,19
329636017,0,2,2,1,1,2,3,11
1081551542,0,2,1,1,1,1,1,7
1081354904,0,2,2,2,2,1,3,12
1081304927,0,2,3,2,2,1,1,11
1080658682,0,2,1,1,1,1,1,7
1080621484,0,2,2,2,2,1,1,10
1078079051,0,2,2,1,1,1,1,8
1059158715,0,2,1,1,1,1,1,7
1071106087,0,2,1,1,1,1,1,7
1081807728,0,2,0,1,1,2,0,6
1070180989,0,3,2,1,1,2,3,12
105190759,0,0,0,0,0,0,0,0
1038531451,0,2,1,1,1,1,1,7
1043612672,0,2,0,0,0,1,0,3
737471493,0,0,0,0,0,0,0,0
737470088,0,0,0,0,0,0,0,0
737469501,0,0,0,0,0,0,0,0
880538417,0,2,3,3,2,1,3,14
963093686,0,2,0,1,1,1,1,6
715389642,0,2,2,1,1,1,1,8
543249189,0,2,2,1,1,1,1,8
554060942,3,2,2,1,2,1,3,14
478305702,0,2,0,0,1,1,0,4
339562167,0,2,1,1,1,1,1,7
542088985,0,2,2,1,1,1,1,8
353493703,0,2,2,1,1,1,1,8
694604556,0,0,0,0,0,0,0,0
473216191,3,3,3,3,3,2,3,20
1072713472,0,2,0,0,1,1,0,4
1059455443,0,0,0,0,0,0,0,0
1074810306,3,2,3,3,3,2,3,19
994297626,3,3,2,3,3,2,3,19
1045856869,3,3,3,3,2,2,2,18
1039248624,3,3,0,1,2,2,1,12
1064064527,0,0,0,0,0,0,0,0
1060892157,0,0,0,0,0,0,0,0
597016062,3,3,2,1,3,2,3,17
890908906,3,3,3,3,3,2,3,20
864600154,0,2,3,1,2,2,3,13
712703964,0,2,0,0,0,1,0,3
941049208,0,1,1,1,1,1,1,6
975383548,0,3,2,2,1,1,3,12
902374071,1,2,1,1,2,2,1,10
951211248,0,1,0,1,1,2,0,5
942807814,0,0,0,0,0,0,0,0
1068544837,0,0,0,0,0,0,0,0
847000248,0,0,0,0,0,0,0,0
658189023,0,0,0,0,0,0,0,0
1071471952,0,0,0,0,0,0,0,0
941894706,0,0,0,0,0,0,0,0
941824695,0,0,0,0,0,0,0,0
852376826,2,2,2,3,2,2,1,14
535723691,3,3,3,3,3,2,3,20
791539101,0,1,0,0,0,1,0,2
795329305,3,3,3,3,3,2,3,20
1083172113,0,2,3,1,1,2,3,12
1078997065,0,1,0,1,1,0,0,3
1076098938,2,2,2,1,1,2,3,13
1075363195,0,2,1,1,1,2,1,8
107050415,0,0,0,0,0,0,0,0
814537371,0,2,3,1,2,1,3,12
1040566638,0,2,2,2,1,1,3,11
962349785,3,3,3,2,2,1,3,17
1069083373,0,2,2,1,1,1,3,10
607695977,0,2,3,1,1,1,3,11
567111644,0,2,2,1,1,1,3,10
106342803,0,0,0,0,0,0,0,0
1037956538,0,2,2,3,1,1,3,12
722244677,0,2,2,1,1,1,3,10
957423393,0,2,3,1,1,1,3,11
537530162,0,1,0,1,1,2,0,5
180218117,0,0,0,0,0,0,0,0
936322678,0,0,0,0,0,0,0,0
1043758822,0,2,0,1,1,2,2,8
1054559673,0,2,1,1,1,2,2,9
416250582,0,1,2,1,1,2,2,9
1007590077,0,2,1,1,1,1,1,7
999836571,0,2,1,0,1,1,0,5
982995091,0,2,0,0,0,1,0,3
965849022,0,2,0,1,1,1,1,6
564884507,1,2,0,0,3,2,0,8
572535239,3,2,0,0,2,2,0,9
572595921,2,3,0,2,3,2,0,12
570009257,3,3,0,0,3,2,0,11
1000417977,3,3,2,2,2,2,0,14
863353515,3,3,0,0,3,2,0,11
686660146,1,2,0,0,2,2,0,7
1004438175,3,3,0,0,2,2,0,10
1009819763,0,2,0,0,3,2,0,7
772147853,3,3,0,2,2,2,0,12
856175072,3,3,0,2,3,2,0,13
652037077,3,3,3,3,3,1,3,19
676832852,3,3,3,3,3,1,3,19
1018720548,3,2,3,1,1,2,1,13
555070141,3,3,3,3,2,2,3,19
777860419,0,2,2,1,2,1,3,11
1010691883,0,0,0,0,0,0,0,0
572306702,0,1,0,0,0,1,0,2
1069618722,2,2,1,3,2,2,1,13
1069471637,0,1,0,1,1,2,2,7
983899472,0,2,1,1,1,1,1,7
587372894,2,2,2,1,2,2,1,12
714772696,0,0,0,0,0,0,0,0
950380339,0,2,0,1,1,1,1,6
1056821216,0,1,0,0,1,1,0,3
1049686782,0,2,1,1,1,1,1,7
1048471989,0,2,0,1,1,1,1,6
990273901,0,1,1,0,1,1,0,4
294592371,3,3,3,3,3,2,3,20
1028187555,3,2,3,1,2,2,3,16
782588198,0,2,0,0,0,1,0,3
780731861,3,2,3,3,2,2,3,18
776587523,2,3,2,3,2,2,3,17
949387308,0,2,2,3,2,1,3,13
969215762,3,2,3,3,3,2,3,19
927040124,3,3,3,3,3,2,3,20
975939959,0,3,2,1,2,1,3,12
1003321108,3,3,3,1,2,2,3,17
1075789769,0,2,0,0,0,1,0,3
1064658885,0,0,0,0,0,0,0,0
878885797,0,2,2,2,2,1,1,10
1061404866,0,2,0,0,0,1,0,3
1058371671,2,2,1,2,2,1,1,11
996165032,1,2,0,1,1,1,1,7
937902774,3,2,3,1,1,3,3,16
891029825,0,2,2,1,2,1,3,11
784561626,3,3,3,3,2,2,3,19
945785874,2,2,2,1,2,2,3,14
963327245,0,2,1,2,1,2,1,9
871245887,0,2,1,1,1,1,1,7
3001779,3,3,3,1,2,2,1,15
596368665,0,1,3,1,1,1,3,10
429170779,0,1,2,1,1,1,1,7
1064192171,0,1,2,1,1,2,3,10
990954028,0,2,2,1,1,1,3,10
908487069,3,3,2,1,2,2,3,16
118054472,0,0,0,0,0,0,0,0
375835363,0,2,0,0,0,1,0,3
986012989,0,2,3,2,2,2,3,14
965907046,0,2,3,2,2,2,1,12
996831556,3,2,2,1,2,2,3,15
996280827,3,3,2,3,2,2,3,18
993466206,3,2,2,3,2,2,3,17
986941382,3,3,3,3,2,2,3,19
935448922,3,2,2,3,2,2,3,17
897606166,3,2,3,3,2,2,3,18
844130758,3,3,3,3,2,2,3,19
462891551,3,3,3,3,2,2,3,19
943414926,3,2,3,2,3,2,2,17
1068026664,3,3,2,3,2,2,3,18
1037787766,0,2,0,1,1,2,1,7
966484249,0,1,1,0,1,1,0,4
908708298,3,2,1,3,1,1,1,12
643069686,3,3,3,3,2,2,1,17
1068989282,0,1,2,1,1,1,1,7
981330622,0,2,3,1,1,2,1,10
1052199231,0,2,0,1,1,1,1,6
1033549667,3,3,3,3,2,2,3,19
1043269156,0,0,0,0,0,0,0,0
1022719892,0,1,0,1,1,2,1,6
1057753105,3,3,2,2,3,2,3,18
1033638473,0,2,0,0,0,1,0,3
797919504,0,0,0,0,0,0,0,0
1052271412,0,2,0,1,1,2,0,6
1077653443,0,2,0,1,1,1,1,6
1048086969,0,2,0,1,0,1,0,4
1075718549,0,0,0,0,0,0,0,0
1009577896,3,3,3,3,2,2,3,19
658833671,2,2,2,1,2,2,3,14
996105898,0,1,1,1,1,1,1,6
623195398,3,3,3,3,2,2,3,19
964558153,3,2,3,1,2,2,3,16
858446881,0,1,0,1,1,1,1,5
1047498122,0,2,0,1,1,1,0,5
1055544394,3,3,3,3,2,2,3,19
1052433015,0,2,0,1,0,1,1,5
1048653595,0,3,3,1,2,1,1,11
654709035,0,1,0,0,1,0,0,2
956069943,3,3,3,3,2,2,3,19
903236487,0,2,2,2,1,1,3,11
918970151,0,2,2,2,1,1,3,11
1059446642,0,2,2,2,1,1,3,11
1030774972,0,2,2,2,1,1,3,11
1022901776,0,1,2,2,2,1,3,11
596208401,0,1,0,1,1,2,1,6
801824129,0,2,2,2,2,1,3,12
954860326,0,2,2,2,2,1,3,12
952558682,0,2,2,2,1,1,3,11
940406452,0,2,2,2,1,1,3,11
939394319,0,2,2,2,1,1,3,11
936557083,0,2,2,2,1,1,3,11
931608892,0,2,2,2,1,1,3,11
947245019,0,2,2,2,2,1,3,12
935758654,0,2,2,2,2,1,3,12
915087179,0,2,2,2,1,1,3,11
993342667,3,3,3,3,3,2,3,20
987760664,0,2,1,1,1,1,3,9
983909719,0,0,0,0,0,0,0,0
942088131,0,0,0,0,0,0,0,0
996363281,0,2,1,1,1,1,1,7
1053465326,3,3,2,1,2,2,3,16
945712047,0,2,3,1,2,2,3,13
1063909648,0,2,0,1,1,1,1,6
990277682,1,2,1,2,2,2,1,11
1027113061,2,2,2,2,2,2,3,15
955303219,0,2,1,1,1,2,0,7
967331168,2,2,3,1,1,2,3,14
1011118514,0,2,1,1,1,1,1,7
983018954,1,2,2,1,1,2,1,10
213998008,3,3,3,3,3,2,3,20
87821633,0,0,0,0,0,0,0,0
381137133,3,3,3,3,3,2,3,20
670682762,0,2,0,0,0,1,0,3
859602403,0,1,1,0,1,1,0,4
939773046,3,2,3,2,2,1,3,16
954067903,3,3,2,2,2,1,3,16
971043981,0,0,0,0,0,0,0,0
1014186779,0,2,1,0,0,1,0,4
895355678,0,2,1,1,1,1,1,7
1041505972,0,2,1,1,1,1,1,7
924529014,0,0,0,0,0,0,0,0
904816976,0,1,0,1,1,1,1,5
1020101607,2,2,1,0,1,1,0,7
566752109,0,2,0,1,1,1,1,6
1034399614,0,2,0,1,2,1,1,7
1050397369,0,0,0,0,0,0,0,0
652102487,0,2,0,0,1,1,0,4
1058492088,3,3,0,2,2,1,1,12
1055370199,0,1,0,1,1,1,1,5
767552749,3,3,3,2,2,2,3,18
1019360931,0,0,0,0,0,0,0,0
1011570517,0,2,0,0,0,1,0,3
1014055099,0,2,2,3,2,1,1,11
1009422737,0,2,0,1,1,1,1,6
997431561,0,0,0,0,0,0,0,0
996449135,3,3,2,2,3,1,1,15
1042633147,3,2,3,1,2,2,3,16
953857967,2,3,0,3,2,1,1,12
1037540889,0,0,0,0,0,0,0,0
946050117,0,2,2,1,1,2,3,11
947172951,0,1,0,0,0,1,0,2
846806457,0,0,0,0,0,0,0,0
1020979612,0,0,0,0,0,0,0,0
922367445,3,3,1,1,1,2,1,12
809816292,0,2,1,1,1,1,1,7
99637454,0,0,0,0,0,0,0,0
993615432,0,0,0,0,0,0,0,0
964098401,0,2,2,1,1,1,1,8
945028344,3,3,3,3,3,2,3,20
712686783,3,2,3,1,2,2,3,16
571851512,3,3,3,3,3,2,3,20
677553342,0,1,0,1,1,2,0,5
876541881,3,3,3,3,3,2,1,18
514218721,3,2,3,3,3,2,1,17
1042923624,0,2,3,1,1,1,3,11
676845704,0,2,1,1,1,1,1,7
1068506732,3,3,1,2,3,1,1,14
1076106177,0,1,1,1,1,1,1,6
1076041481,0,1,1,1,1,1,1,6
1076011156,0,2,1,1,1,2,1,8
1071274297,0,1,1,0,1,1,0,4
1073149321,0,1,1,1,1,1,1,6
1044636901,3,3,3,3,3,1,3,19
1077635622,3,2,3,1,1,2,1,13
451312325,3,3,3,3,2,1,3,18
400817692,0,2,2,3,1,1,3,12
360788467,2,2,2,1,3,2,3,15
920938654,3,3,2,3,3,2,3,19
937055106,3,3,3,3,3,2,3,20
335869127,3,3,3,3,3,2,3,20
434444152,3,3,3,3,3,2,3,20
518148775,3,2,3,1,2,2,3,16
131108998,0,0,0,0,0,0,0,0
420912297,1,2,2,1,1,2,1,10
924640658,3,3,3,3,3,2,3,20
990549849,0,2,0,3,1,2,0,8
16360843,0,0,0,0,0,0,0,0
250856489,0,0,0,0,0,0,0,0
849492642,3,3,3,3,2,2,3,19
927164502,0,3,3,2,1,1,1,11
862552007,3,2,1,1,2,1,1,11
930119993,3,3,3,3,3,2,3,20
887382049,0,2,0,1,1,1,1,6
995766539,3,3,2,3,2,2,2,17
416145943,1,2,2,2,3,1,1,12
398870927,0,1,0,0,3,1,0,5
896335637,0,2,0,1,1,1,1,6
1065428122,1,2,3,2,1,1,1,11
912024694,1,2,2,1,1,2,2,11
1077350704,0,0,0,0,0,0,0,0
1057672289,0,2,2,1,1,1,3,10
1045843815,1,2,1,1,1,2,1,9
1076371438,0,2,2,1,1,1,3,10
75827806,0,0,0,0,0,0,0,0
107449149,0,0,0,0,0,0,0,0
654651976,3,2,3,1,1,2,1,13
1004757706,3,2,2,2,2,1,3,15
1000733989,3,2,3,2,2,1,3,16
991899343,3,2,3,2,2,1,3,16
928413179,0,2,0,1,1,2,1,7
1080337352,0,0,0,0,0,0,0,0
1060526646,3,2,2,1,1,2,3,14
997145648,0,0,0,0,0,0,0,0
1079506681,0,2,1,2,3,1,1,10
1075136541,0,2,1,1,1,1,1,7
1073139723,1,2,0,0,1,2,0,6
1064202685,0,2,2,1,1,1,3,10
1062636331,0,1,0,0,1,2,0,4
1050544465,0,1,0,1,1,1,0,4
978277741,3,3,3,3,2,2,3,19
948695798,3,3,3,3,3,2,3,20
1051952786,0,1,0,0,1,2,0,4
1050780439,0,0,0,0,0,0,0,0
886834803,0,0,0,0,0,0,0,0
901098088,0,1,3,1,1,1,1,8
1040984829,0,1,0,1,1,2,0,5
468878334,0,0,0,0,0,0,0,0
468519083,0,0,0,0,0,0,0,0
998951411,0,1,0,1,1,2,0,5
463853237,0,0,0,0,0,0,0,0
792807461,0,2,2,1,1,1,3,10
1009520861,0,1,0,1,1,2,0,5
911778938,0,1,2,1,1,1,1,7
465362951,0,0,0,0,0,0,0,0
1061923797,3,3,2,2,2,1,3,16
1058971726,0,2,2,1,1,2,1,9
1046598603,0,0,0,0,0,0,0,0
1048776432,0,1,0,0,1,1,0,3
108208975,0,0,0,0,0,0,0,0
869119679,0,1,0,0,0,1,0,2
728983044,0,2,2,2,1,1,3,11
728476399,0,2,2,2,1,1,3,11
728303959,0,2,2,1,2,1,3,11
980913209,0,1,0,0,1,2,0,4
888522276,3,2,3,1,1,2,1,13
949012233,0,2,0,1,1,2,2,8
701309943,3,3,3,3,3,2,3,20
596354323,2,2,2,1,1,2,3,13
106410437,0,0,0,0,0,0,0,0
915444962,2,2,1,3,2,1,1,12
1040577065,2,2,1,2,3,2,0,12
1082259246,0,0,0,0,0,0,0,0
765254431,3,3,2,2,3,2,3,18
1079126604,0,2,0,1,1,1,1,6
991372572,1,2,1,1,2,2,1,10
943933986,0,2,2,1,1,2,3,11
944032224,3,3,3,3,2,2,3,19
104992394,0,0,0,0,0,0,0,0
1052968165,0,2,2,1,1,1,3,10
1048852614,0,2,1,1,1,1,1,7
1050564917,0,1,2,1,1,1,3,9
941931631,3,3,3,3,3,2,3,20
934202305,3,3,3,3,3,2,3,20
710095445,3,3,2,3,3,2,3,19
488382199,1,3,2,3,2,2,1,14
1056735364,3,2,3,2,2,2,1,15
923357601,3,2,3,3,3,2,3,19
893584281,3,2,3,3,2,2,1,16
897696219,0,2,2,1,2,1,3,11
909425255,0,2,0,1,2,2,2,9
897937779,1,2,1,1,2,2,1,10
443449805,3,3,3,3,3,2,3,20
1074075796,0,0,0,0,0,0,0,0
979760719,3,2,2,2,2,2,1,14
894073904,0,2,2,1,1,1,3,10
851940736,0,2,3,2,1,1,3,12
2778121,0,0,0,0,0,0,0,0
930883613,2,2,2,2,2,2,3,15
914094012,0,2,0,1,1,2,1,7
881212857,0,2,0,0,0,1,0,3
709697676,0,2,2,1,1,2,3,11
979372174,0,2,0,1,1,1,1,6
526140501,0,1,0,0,0,1,0,2
876224735,0,0,0,0,0,0,0,0
741592978,3,2,2,2,2,2,3,16
1050166775,2,2,2,1,3,2,1,13
1064797635,0,2,1,1,1,3,1,9
106298612,0,0,0,0,0,0,0,0
1066385555,3,3,3,3,3,1,3,19
703695394,3,2,3,2,2,2,3,17
1051068856,0,2,3,1,1,1,1,9
1061954021,0,0,0,0,0,0,0,0
1050216539,0,2,1,0,1,1,0,5
1049347812,0,2,1,1,1,1,1,7
1049594041,0,2,0,0,1,1,0,4
889526629,3,3,3,3,2,2,3,19
995215342,2,2,2,3,2,2,3,16
354078147,3,3,3,3,3,2,3,20
574311471,0,1,0,1,0,2,0,4
1002678233,0,1,1,1,1,1,1,6
937042841,0,3,0,3,2,1,1,10
773982449,3,3,1,2,1,1,1,12
399308246,0,2,2,1,1,1,3,10
966521013,0,2,1,1,1,1,1,7
965644542,2,2,2,1,1,1,3,12
481024743,3,3,3,3,3,2,3,20
623240977,0,2,1,1,1,1,1,7
817182354,0,2,0,0,0,1,0,3
989554056,1,2,2,1,2,1,3,12
1021212621,2,2,2,1,1,1,1,10
838145759,0,2,2,2,2,1,1,10
1009733321,0,2,0,0,0,1,0,3
1057639877,0,1,0,0,0,1,0,2
689739391,0,2,1,1,1,1,1,7
932644246,0,2,1,1,1,1,1,7
1045362298,0,2,0,1,0,1,1,5
1044974425,0,0,0,0,0,0,0,0
1010458519,3,2,2,1,2,2,1,13
1080855695,0,2,0,0,0,1,0,3
1061536495,0,1,0,1,1,2,0,5
934488184,3,3,3,3,3,2,3,20
422346844,1,3,2,3,2,2,1,14
496699726,3,3,2,3,2,2,1,16
421212365,3,3,2,3,2,2,3,18
447064182,3,3,2,3,2,2,1,16
760850886,3,3,3,3,3,2,3,20
497580834,3,3,2,3,2,2,3,18
484289932,3,3,2,3,2,2,3,18
443570561,3,3,2,3,2,2,1,16
717275149,3,2,3,3,3,2,1,17
674331273,3,3,3,3,3,1,3,19
245545359,3,3,3,3,3,2,3,20
819927157,3,2,3,3,2,1,3,17
784690032,1,2,2,1,2,1,3,12
1036574249,2,2,3,3,2,1,3,16
744307319,3,3,2,2,2,1,3,16
771373487,0,2,2,2,2,1,1,10
336924173,1,2,2,1,2,1,1,10
962383025,0,0,0,0,0,0,0,0
1077624381,0,2,1,1,2,1,1,8
436087622,3,3,3,3,3,2,3,20
1054351146,0,2,1,3,1,1,1,9
935913836,3,2,3,3,2,2,2,17
986095185,3,3,0,2,1,1,0,10
780571068,3,3,3,3,2,2,3,19
1062224233,0,3,2,1,2,1,1,10
747743669,3,3,3,2,3,2,3,19
674911948,3,3,1,3,2,1,1,14
1030784279,1,2,1,0,3,1,0,8
1080351049,3,2,2,3,2,2,1,15
1068854534,0,2,1,1,1,1,1,7
1052990546,0,0,0,0,0,0,0,0
1060893767,3,2,3,1,1,2,1,13
1005318907,0,2,0,1,0,1,1,5
1043481891,0,2,2,3,1,1,1,10
1045452367,0,0,0,0,0,0,0,0
1055176697,0,2,2,1,2,1,3,11
1034343229,0,1,0,1,1,2,2,7
984957745,0,2,0,0,0,1,0,3
1067893844,0,1,0,1,1,2,0,5
1067827141,0,0,0,0,0,0,0,0
1061853884,0,0,0,0,0,0,0,0
1009341445,0,0,0,0,0,0,0,0
1053414175,0,1,0,1,1,2,0,5
825561217,0,1,0,1,1,2,2,7
832517365,0,2,2,3,1,1,1,10
915717816,0,1,0,0,0,1,0,2
694396637,0,2,0,2,1,1,1,7
1062785174,3,1,3,0,1,2,0,10
1027008648,3,3,3,3,2,2,3,19
1059367231,3,2,1,2,2,1,0,11
1053664351,0,2,1,2,3,1,0,9
1047918075,0,2,0,1,1,1,1,6
1029682876,0,2,0,1,2,1,1,7
1065317619,0,0,0,0,0,0,0,0
986591269,0,2,0,3,1,2,0,8
1060216878,0,1,0,1,0,1,0,3
1059298228,0,1,0,0,0,1,0,2
963074277,0,2,1,1,1,1,1,7
933507073,0,0,0,0,0,0,0,0
986624876,0,2,0,1,1,2,2,8
1080638584,0,1,2,1,1,1,1,7
781084158,3,3,3,3,3,1,3,19
1077099302,0,0,0,0,0,0,0,0
1043874637,3,3,3,3,3,2,3,20
1018690965,1,2,0,1,1,2,1,8
331110993,3,2,3,3,3,2,3,19
867376418,2,2,2,3,2,2,0,13
605734282,3,3,3,3,3,2,3,20
367320962,2,2,0,2,1,1,0,8
424859565,3,3,3,2,3,2,3,19
416353615,3,2,3,3,2,2,3,18
621064886,3,3,2,3,3,2,3,19
367292726,2,2,0,2,1,1,0,8
173918262,3,3,3,3,3,2,3,20
960506888,0,2,1,1,2,2,2,10
1051489549,3,3,3,3,3,2,3,20
840446813,0,2,2,1,1,1,3,10
706933266,0,2,2,1,1,2,1,9
560448844,0,1,0,1,1,2,2,7
716909508,3,3,3,3,3,1,3,19
1002483474,1,2,3,2,1,2,3,14
1050860965,0,2,2,1,1,1,3,10
878426496,0,1,0,1,1,2,0,5
1052456967,0,2,0,1,1,1,1,6
832262185,3,2,3,3,2,2,1,16
794481441,3,2,2,3,2,2,3,17
645495313,3,2,3,1,2,2,3,16
1022868435,3,3,3,3,3,2,3,20
945669309,0,1,1,1,1,1,1,6
916668922,0,1,3,1,1,2,3,11
833566856,3,2,2,1,2,2,3,15
820370531,1,2,2,1,2,2,3,13
1034610827,0,2,0,1,2,1,1,7
546389035,3,3,3,3,2,2,1,17
783596389,0,2,0,1,1,2,1,7
100000173,0,0,0,0,0,0,0,0
931212635,0,2,0,0,0,1,0,3
1051965604,3,2,2,2,2,2,3,16
764652348,0,0,0,0,0,0,0,0
723886484,0,2,2,3,1,1,3,12
721960003,0,3,2,3,1,2,1,12
1072800754,0,2,2,1,1,2,1,9
1030956172,3,2,3,3,2,2,1,16
1030840203,3,2,3,3,2,2,1,16
1016473505,3,2,3,1,2,2,2,15
738789994,3,3,3,3,3,2,3,20
834546021,3,3,3,3,3,2,3,20
1081531124,1,2,0,3,2,1,1,10
1072937396,3,2,3,1,1,2,1,13
1052210565,3,3,2,2,1,1,3,15
1002621934,2,2,0,3,2,2,1,12
1041572728,2,2,3,3,2,2,1,15
1051647664,3,3,2,2,1,1,3,15
866667989,0,2,2,2,2,2,3,13
1009600758,0,1,0,1,1,2,1,6
766945923,3,3,3,3,3,2,3,20
439485646,0,1,0,0,1,1,0,3
881284863,0,2,0,1,1,1,1,6
847493097,0,2,0,0,1,1,0,4
1077094167,0,0,0,0,0,0,0,0
1062335231,0,0,0,0,0,0,0,0
943105477,0,0,0,0,0,0,0,0
1081828782,0,2,0,0,0,1,0,3
1080925215,0,2,1,0,0,1,0,4
969194206,0,1,0,0,1,1,0,3
1077132232,0,2,0,1,1,2,1,7
1068260261,0,0,0,0,0,0,0,0
1061954834,0,2,0,1,1,2,1,7
1059492198,0,1,0,1,1,2,0,5
981403957,0,0,0,0,0,0,0,0
1015248551,3,2,2,3,3,1,3,17
1024915028,2,3,3,3,2,1,3,17
1013898827,3,3,3,3,2,1,3,18
1015235101,0,2,1,0,1,1,0,5
1028759715,2,2,2,1,1,2,3,13
1010940948,0,1,0,0,0,1,0,2
1027741994,0,2,2,1,1,2,3,11
1000396721,0,1,0,0,0,1,0,2
1022547954,0,0,0,0,0,0,0,0
920583586,3,3,3,3,3,2,3,20
964854994,3,3,3,3,2,2,3,19
854357669,3,3,3,3,3,2,3,20
833098332,1,2,2,3,2,1,1,12
816234572,0,2,0,1,1,2,2,8
1030624158,0,1,0,0,1,1,0,3
964699697,0,2,2,2,1,2,1,10
989062626,3,2,2,3,2,2,1,15
974440848,0,1,0,1,1,2,1,6
956445925,3,2,3,2,2,2,3,17
158690713,0,0,0,0,0,0,0,0
725077955,3,3,2,2,2,1,3,16
736489644,3,3,3,1,2,2,3,17
889123388,0,2,0,1,2,1,1,7
1037233343,0,2,1,1,1,1,1,7
969152934,3,3,0,2,1,2,2,13
760747753,0,1,0,0,0,1,0,2
1034694842,3,3,3,3,3,2,3,20
945267398,3,3,3,3,2,2,3,19
1060408306,3,3,3,3,2,2,3,19
1004079883,3,3,3,3,3,2,3,20
1045513139,3,3,3,3,2,2,3,19
1019464641,3,3,3,3,2,2,3,19
1030907189,0,2,0,1,2,1,1,7
1081932109,0,0,0,0,0,0,0,0
716703039,3,3,3,3,2,2,3,19
999520528,0,2,2,1,1,1,3,10
881017526,0,2,2,1,1,1,1,8
1051506724,2,2,0,1,1,2,0,8
1077478365,0,2,2,1,1,1,3,10
967640178,1,3,2,3,2,1,3,15
21435007,0,0,0,0,0,0,0,0
969188789,3,2,3,3,2,2,3,18
597825564,0,2,1,0,1,1,0,5
967571258,3,3,2,3,2,2,2,17
129884697,0,0,0,0,0,0,0,0
858779499,0,2,0,0,0,1,0,3
1064482709,0,0,0,0,0,0,0,0
1057184985,0,2,1,1,1,1,1,7
1052192607,0,2,1,3,1,1,1,9
1049594877,0,2,1,0,1,1,0,5
966390481,0,1,0,1,1,2,0,5
946789602,2,2,2,1,2,2,3,14
886725211,0,1,0,1,1,2,0,5
936806853,0,1,1,1,1,2,0,6
1043474324,0,2,2,2,2,1,1,10
1023058159,0,2,2,2,2,1,3,12
1018369638,0,2,0,1,1,1,1,6
559929103,2,3,2,3,3,2,3,18
459242575,0,2,2,1,2,1,3,11
965943568,0,2,0,3,1,1,1,8
1080851201,0,2,0,1,1,2,1,7
1077953851,0,1,0,1,1,2,0,5
1077910822,0,0,0,0,0,0,0,0
725943987,3,3,2,2,3,2,1,16
707696293,3,3,3,3,2,2,3,19
1014251544,0,1,2,1,1,1,1,7
1045163008,0,2,1,1,1,1,1,7
651685156,3,2,1,3,2,1,1,13
292976436,3,3,3,3,3,2,3,20
1058658616,0,2,0,1,1,2,2,8
1067763904,0,2,3,1,1,1,0,8
1063688059,2,2,3,1,1,1,3,13
992150602,0,2,2,1,1,2,1,9
1043444489,2,3,2,3,2,2,2,16
717799121,1,2,2,1,1,1,3,11
1037418108,0,2,2,3,1,1,1,10
1037822206,0,2,0,0,0,1,0,3
1042661101,3,3,2,2,2,1,1,14
1064283505,0,1,2,1,1,1,3,9
1061009343,2,2,1,1,2,1,1,10
1010568024,0,2,0,1,1,2,2,8
734438043,0,2,0,1,1,1,1,6
374614739,0,2,2,1,1,1,1,8
416797652,0,2,2,1,1,2,3,11
1056035684,0,2,2,1,1,1,3,10
1050182943,0,3,2,1,2,1,1,10
1048740032,3,2,3,2,2,1,1,14
26787578,0,0,0,0,0,0,0,0
113929773,0,0,0,0,0,0,0,0
138290571,0,0,0,0,0,0,0,0
767568398,1,2,3,1,2,2,2,13
1067709987,0,0,0,0,0,0,0,0
1058738996,0,0,0,0,0,0,0,0
884250141,0,0,0,0,0,0,0,0
790592368,0,1,0,0,1,1,0,3
1065005073,0,0,0,0,0,0,0,0
1059310882,0,0,0,0,0,0,0,0
275301084,0,1,2,1,1,1,1,7
993125079,0,1,2,1,1,1,1,7
977913024,3,3,3,3,2,2,3,19
1039082705,3,3,3,3,2,2,3,19
1056259449,2,2,2,2,2,2,1,13
1065933337,3,3,2,3,2,2,3,18
798438126,0,2,0,1,1,1,1,6
987493142,3,2,1,3,2,2,1,14
1021968515,2,2,3,3,2,2,1,15
894739772,0,0,0,0,0,0,0,0
893703919,0,0,0,0,0,0,0,0
892677644,0,0,0,0,0,0,0,0
894752059,0,2,0,1,1,1,1,6
990524971,1,2,2,2,2,2,1,12
1077237471,3,3,1,2,3,1,1,14
821416519,0,2,2,2,2,1,1,10
1016993561,0,0,0,0,0,0,0,0
621696431,0,0,0,0,0,0,0,0
874071848,0,2,0,1,1,1,1,6
1072911359,0,2,1,1,1,1,1,7
1057620158,0,1,1,1,1,1,1,6
1043612561,0,2,0,1,2,2,0,7
1038211897,2,2,3,2,2,1,1,13
726236709,2,2,3,2,2,1,3,15
975555931,0,0,0,0,0,1,0,1
189944056,3,3,3,2,3,2,3,19
177651488,3,3,3,2,3,2,3,19
1013749364,0,1,0,1,1,2,1,6
326436417,3,3,3,3,3,2,3,20
496197466,3,3,3,3,3,2,3,20
776362892,3,3,3,2,3,2,3,19
216347445,3,3,3,3,3,2,3,20
936899635,3,3,3,3,3,2,3,20
566544432,3,3,3,3,2,2,3,19
16342442,0,0,0,0,0,0,0,0
546982086,1,2,3,1,2,2,3,14
807796958,3,3,3,3,3,2,3,20
1040290828,3,2,0,3,2,2,1,13
1079551852,0,1,0,1,1,2,2,7
1063974974,0,2,1,1,1,1,1,7
1045830988,2,3,2,1,2,2,3,15
552434211,0,2,0,0,0,1,0,3
931873466,0,1,0,1,1,2,1,6
894368246,0,1,0,1,1,1,1,5
967897343,0,2,0,1,0,1,1,5
1048723177,0,3,3,1,2,2,3,14
1046879816,0,2,2,3,2,1,1,11
1040712393,0,1,0,0,1,2,0,4
481509944,0,2,1,1,1,1,1,7
201755348,0,0,0,0,0,0,0,0
1075008542,0,0,0,0,0,0,0,0
1068497413,0,2,0,1,1,2,1,7
834267964,3,2,3,1,3,2,3,17
594207483,0,3,1,3,1,1,1,10
940993661,3,3,2,1,1,2,3,15
948868371,0,2,2,1,1,2,3,11
971999195,3,3,2,3,2,2,3,18
979459402,3,2,3,1,2,2,3,16
947729549,3,2,3,3,3,2,3,19
860797555,0,3,0,0,1,1,0,5
961764854,3,2,2,1,2,2,1,13
952532601,0,0,0,0,0,0,0,0
41015498,0,0,0,0,0,0,0,0
1058690894,1,2,2,1,2,1,1,10
1058836154,3,2,2,2,2,2,2,15
955167073,1,2,2,3,2,2,3,15
764778816,2,2,2,3,2,2,1,14
1007775814,0,2,1,0,0,1,0,4
666059247,0,2,2,1,1,2,1,9
927017742,0,2,2,0,1,1,0,6
904532173,3,2,2,1,2,1,3,14
1013616634,0,2,0,1,2,1,1,7
1012188122,0,1,0,0,0,1,0,2
1009666452,0,0,0,0,0,0,0,0
965785823,0,2,3,1,1,2,1,10
773981478,0,0,0,0,0,0,0,0
947279251,0,2,3,2,1,1,3,12
952277131,0,2,3,2,1,1,3,12
1077781687,0,2,0,0,0,1,0,3
606698108,3,3,2,3,3,2,3,19
1071143745,0,0,0,0,0,0,0,0
1045543907,0,0,0,0,0,0,0,0
621468379,1,1,0,1,2,2,0,7
996513928,0,0,0,0,0,0,0,0
1071038978,0,1,0,0,0,1,0,2
1078174262,2,2,2,1,2,2,2,13
1030639529,3,3,3,3,1,2,3,18
1060765888,0,2,0,1,1,2,1,7
1079379858,0,0,0,0,0,0,0,0
1050664827,0,2,0,1,1,1,1,6
943187029,0,2,0,0,0,0,0,2
903900333,0,2,1,1,1,2,2,9
977891258,0,0,0,0,0,0,0,0
682289458,3,3,3,3,3,1,3,19
726199579,3,3,3,3,2,2,3,19
1013958643,0,1,0,0,1,2,0,4
1013960819,0,2,1,1,1,1,1,7
1013959608,0,3,1,0,1,1,0,6
1013963436,1,2,2,1,1,1,1,9
1013956109,0,1,0,0,1,0,0,2
370499387,0,1,1,1,1,2,2,8
975721973,0,1,3,1,2,2,0,9
1082487487,0,2,0,0,1,1,0,4
1072428847,0,2,2,1,2,1,1,9
915942132,2,2,0,1,1,2,1,9
757507636,0,2,0,0,1,1,0,4
687983264,0,2,1,1,1,1,1,7
109782737,0,0,0,0,0,0,0,0
992631461,3,2,2,1,1,2,1,12
874082941,0,2,1,0,1,1,0,5
978460089,3,2,2,1,2,2,1,13
562824044,3,3,3,2,3,2,3,19
375350431,3,3,3,3,2,2,3,19
432288826,0,2,1,0,1,1,0,5
1074323244,3,2,2,1,2,2,3,15
1073780876,3,2,2,1,2,2,3,15
872608051,0,0,0,0,0,0,0,0
1012030995,3,3,3,3,3,2,3,20
319616675,3,2,3,1,3,2,3,17
962354728,2,2,2,3,2,1,3,15
712392515,0,2,3,3,2,1,3,14
961050513,0,2,3,3,2,2,3,15
994768671,0,0,0,0,0,0,0,0
676033254,0,2,3,1,2,1,3,12
708341154,0,2,3,1,1,1,3,11
857932083,3,3,2,2,1,1,3,15
628983003,0,2,3,3,2,2,3,15
618895774,0,2,2,1,1,1,3,10
782737917,0,2,3,3,2,1,3,14
10057011,3,3,0,3,2,2,1,14
876563171,3,3,3,3,2,1,3,18
844188191,3,3,2,3,2,1,3,17
733311358,3,3,3,3,2,2,3,19
630198485,3,3,3,3,2,1,3,18
695341409,3,3,3,3,2,2,3,19
1056949374,3,3,2,2,3,1,1,15
992189393,3,3,3,3,2,2,2,18
1061738157,0,0,0,0,0,0,0,0
880801498,3,2,3,1,2,2,3,16
300948243,0,0,0,0,0,0,0,0
1052437539,3,3,3,1,3,2,3,18
826862242,0,2,3,2,2,1,3,13
883977822,3,3,2,3,2,1,3,17
1065844658,3,3,3,2,2,2,2,17
959683285,1,2,2,1,2,2,2,12
1043415676,0,2,1,0,1,1,0,5
1020161363,0,2,0,1,1,1,1,6
1028034003,0,0,0,0,0,0,0,0
1045530969,0,1,2,2,1,1,3,10
1062499561,1,2,0,3,1,1,0,8
1047881255,3,3,3,3,2,1,3,18
1056933057,0,2,0,1,2,1,1,7
1056642851,0,2,2,3,1,1,1,10
926593174,0,0,0,0,0,0,0,0
1052365363,0,1,0,1,1,2,0,5
686860668,0,2,1,0,1,1,0,5
1005087692,3,2,0,2,3,2,0,12
594300534,3,2,0,2,3,2,1,13
530701523,0,2,0,0,1,1,0,4
964335218,0,2,0,1,1,2,1,7
476454939,0,0,0,0,0,0,0,0
647553947,0,0,0,0,0,0,0,0
659024733,2,2,3,1,1,1,3,13
972446232,0,2,3,1,1,1,3,11
443325172,0,0,0,0,0,0,0,0
843497317,0,0,0,0,0,0,0,0
998684327,3,3,3,3,2,2,3,19
1060757899,0,2,0,1,2,1,1,7
1059284179,0,2,0,0,0,1,0,3
214332094,0,2,2,3,1,1,3,12
984146195,0,1,0,0,0,1,0,2
1022837051,0,2,2,1,2,1,1,9
993261761,0,1,0,1,0,1,0,3
882659926,0,2,1,1,2,1,1,8
952506878,0,1,0,1,2,1,0,5
61325766,0,0,0,0,0,0,0,0
636545561,3,3,3,3,3,2,3,20
115535306,3,3,2,3,2,2,3,18
784767328,3,3,2,3,2,2,3,18
863710989,3,2,2,3,2,2,3,17
418924306,3,3,3,3,3,2,3,20
705668597,3,2,2,1,3,2,3,16
209472103,2,2,2,2,2,2,3,15
704961333,0,2,2,1,2,2,3,12
1079871708,0,2,0,1,1,2,1,7
1064059989,3,2,2,3,2,1,1,14
1061276016,2,2,0,0,1,1,0,6
831072405,0,2,1,1,2,1,1,8
904405976,3,3,0,1,1,2,1,11
1072375174,0,2,1,1,2,1,1,8
1077024425,0,2,2,1,1,1,1,8
1075547792,0,0,0,0,0,0,0,0
694270125,0,1,0,1,1,2,0,5
1074143855,3,2,3,3,2,2,2,17
481297851,3,3,3,3,2,2,3,19
1070294621,0,2,0,0,0,1,0,3
1077333136,0,2,2,1,1,1,3,10
949196918,0,2,0,0,0,1,0,3
158121203,0,0,0,0,0,0,0,0
813688017,0,1,0,1,1,2,0,5
536199173,0,1,0,2,1,1,0,5
983622036,0,2,1,0,1,2,0,6
991648186,0,2,0,1,1,2,2,8
1014171097,3,3,3,3,3,1,3,19
966004306,3,3,3,3,3,1,1,17
1055859692,3,3,3,3,2,2,3,19
1047201209,3,3,2,3,2,2,1,16
975349106,0,2,1,1,1,2,1,8
1031006607,0,1,0,1,1,2,0,5
623706176,0,0,0,0,0,0,0,0
1018578322,0,1,0,1,1,2,0,5
1014147909,0,1,0,1,1,2,0,5
1009959492,0,1,0,1,1,2,0,5
422576553,0,1,0,1,1,2,0,5
1054559691,0,2,0,1,1,1,0,5
711285532,3,3,2,3,2,1,3,17
890014171,0,2,0,3,1,1,0,7
10781891,0,0,0,0,0,0,0,0
961725593,0,3,1,2,1,1,1,9
1050060254,1,2,2,3,2,1,3,14
998461914,0,2,1,1,1,2,2,9
1077086607,0,0,0,0,0,0,0,0
1049552743,0,0,0,0,0,0,0,0
988308725,0,2,2,1,1,1,3,10
1055051805,0,2,1,1,1,1,1,7
711236565,3,3,3,3,2,2,2,18
1048154332,0,2,0,0,0,1,0,3
1050404209,0,3,1,1,1,1,0,7
1050521576,0,0,0,0,0,0,0,0
1030497173,0,0,0,0,0,0,0,0
1024196195,0,1,0,1,1,2,0,5
103067212,0,0,0,0,0,0,0,0
954613304,0,0,0,0,0,0,0,0
1047669512,0,1,0,1,1,2,1,6
1011516181,0,1,0,1,1,2,0,5
616973495,0,2,1,0,1,1,0,5
998794073,0,0,0,0,0,0,0,0
1049405184,0,0,0,0,0,0,0,0
1050332239,3,3,3,3,3,1,3,19
1046926852,3,3,3,3,3,2,3,20
923693904,3,3,3,3,3,2,3,20
1028786836,0,0,0,0,0,0,0,0
1080342805,2,2,1,2,2,2,1,12
1081300757,2,2,1,2,2,1,0,10
1066421258,0,1,2,0,1,1,0,5
1075002363,0,1,2,0,0,1,0,4
721739134,3,3,3,3,3,2,3,20
1057782892,0,0,0,0,0,0,0,0
1071227263,0,0,0,0,0,0,0,0
1064925832,0,2,0,1,1,1,1,6
1067930152,0,2,0,1,1,1,1,6
1067666825,0,2,0,1,1,1,0,5
1067638854,0,2,0,1,1,1,1,6
1035866217,1,2,1,1,1,1,1,8
1059195869,0,2,0,1,1,1,1,6
1062251666,0,2,0,0,1,1,0,4
894681837,0,3,2,1,1,1,3,11
880915753,0,1,0,1,1,2,0,5
850672998,0,0,0,0,0,0,0,0
164524254,0,0,0,0,0,0,0,0
566856019,0,1,1,1,1,2,1,7
981414852,3,3,3,3,3,2,3,20
1045614063,0,0,0,0,0,0,0,0
1071295171,0,0,0,0,0,0,0,0
1013830037,0,2,0,0,1,1,0,4
868787516,0,2,3,1,1,2,3,12
638963971,0,2,3,1,1,1,3,11
1015819317,0,2,2,1,1,1,3,10
1014815952,0,2,2,2,1,1,3,11
989055657,0,2,2,3,1,1,3,12
803573976,3,3,3,3,3,1,3,19
782586089,3,3,3,3,3,1,3,19
1052186406,0,0,0,0,0,0,0,0
1052491051,0,2,1,1,1,1,1,7
1025037058,0,2,3,3,3,2,1,14
992308909,0,3,3,2,2,1,3,14
535736775,0,0,0,0,0,0,0,0
1000804703,0,1,0,1,1,2,0,5
992231586,3,3,3,1,1,2,1,14
1002130889,0,0,0,0,0,0,0,0
983993853,0,1,1,0,1,1,0,4
907014654,0,2,2,1,1,2,3,11
1082287387,0,0,0,0,0,0,0,0
1081930789,0,0,0,0,0,0,0,0
1079349246,0,0,0,0,0,0,0,0
1075008531,0,2,0,1,2,2,2,9
1067788381,0,0,0,0,0,0,0,0
1068153764,0,0,0,0,0,0,0,0
1064729977,2,2,0,1,2,2,1,10
1059163471,0,0,0,0,0,0,0,0
1058902472,0,2,3,2,1,1,3,12
1061836051,0,2,3,2,1,1,3,12
966356821,0,3,2,1,2,1,3,12
1056663891,0,2,3,2,1,1,3,12
1056701182,0,0,0,0,0,0,0,0
1042668229,0,2,0,0,0,1,0,3
1051603516,0,2,3,2,1,1,3,12
919100608,0,2,3,2,1,1,3,12
1027960286,0,2,1,0,1,1,0,5
997617536,1,2,1,1,2,2,1,10
780361859,3,3,2,2,2,2,3,17
339637675,0,1,2,1,0,1,0,5
957350461,2,2,3,1,2,1,3,14
820095924,3,2,2,3,2,2,3,17
1041284352,2,3,2,3,2,2,3,17
959634113,0,2,0,1,1,1,0,5
905482568,3,3,3,3,2,2,3,19
884797958,2,2,0,3,2,2,1,12
908349814,0,1,0,0,1,0,0,2
907765488,0,2,0,1,1,1,0,5
878362079,2,2,1,1,2,1,1,10
885354689,0,1,0,1,1,2,1,6
889028926,1,2,2,2,1,2,1,11
897894427,0,2,0,1,1,1,0,5
890660206,0,2,0,1,1,2,0,6
1015853708,0,1,0,0,1,1,0,3
953713645,0,2,0,1,1,1,1,6
1012889321,3,3,3,3,3,2,3,20
1068110063,0,0,0,0,0,0,0,0
1052145188,0,2,0,1,1,1,1,6
1061905503,0,2,0,0,0,1,0,3
1056738688,0,2,0,1,1,1,1,6
240487795,2,2,0,0,3,2,0,9
1030752473,1,2,2,1,1,2,1,10
943440274,2,3,2,1,3,1,3,15
1059041392,0,2,0,1,2,1,1,7
1005715081,0,2,0,0,0,1,0,3
996259343,0,2,0,1,1,2,2,8
1040661047,2,3,3,3,2,2,1,16
945344159,0,2,0,1,1,1,1,6
1034526226,0,2,2,1,1,1,3,10
790176075,0,2,2,1,1,1,3,10
991512301,0,2,1,1,1,2,1,8
1078526297,0,0,0,0,0,0,0,0
1079751212,3,2,0,1,2,2,1,11
1053925772,0,2,0,0,0,1,0,3
1048062441,2,2,2,1,2,2,3,14
1048604004,1,2,2,2,1,2,2,12
1048787868,0,2,1,1,1,2,1,8
1049413875,0,2,2,1,1,1,1,8
19901239,0,0,0,0,0,0,0,0
979976094,0,0,0,0,0,0,0,0
1016298386,1,2,3,1,2,2,3,14
996490847,3,3,3,3,2,2,3,19
997168103,0,1,0,1,1,2,0,5
1024102409,3,3,3,1,2,2,3,17
991197917,2,2,3,3,2,2,3,17
916872946,0,2,1,1,1,1,1,7
885797913,3,2,3,1,1,2,1,13
644427988,0,2,0,0,0,1,0,3
116338515,0,2,0,1,1,2,2,8
104060196,0,0,0,0,0,0,0,0
991555118,0,0,0,0,0,0,0,0
993919003,0,0,0,0,0,0,0,0
1032743684,0,1,0,0,0,1,0,2
704346187,0,0,0,0,0,0,0,0
967902057,3,2,1,2,3,1,1,13
947820616,0,0,0,0,0,0,0,0
73878758,0,0,0,0,0,0,0,0
809661395,3,3,3,2,3,2,3,19
734065817,3,3,3,1,3,2,3,18
216188456,3,3,3,1,2,2,3,17
620209324,0,1,0,0,0,1,0,2
450017907,0,0,0,0,0,0,0,0
1072179794,0,1,1,1,1,2,0,6
472045289,0,1,0,1,1,1,1,5
484672522,0,0,0,0,0,0,0,0
1022271021,0,2,1,1,1,1,1,7
878553825,0,2,2,1,1,1,3,10
825387586,0,0,0,0,0,0,0,0
1059066305,3,2,3,1,1,2,1,13
1050451982,0,2,1,0,1,1,0,5
947591626,0,1,0,0,0,1,0,2
351685862,0,0,0,0,0,0,0,0
646804542,2,3,2,3,1,2,3,16
1077058481,3,3,0,2,1,0,0,9
1077149491,0,2,0,0,1,1,0,4
1073939383,0,0,0,0,0,0,0,0
964426089,0,2,3,2,3,1,3,14
886731803,3,3,3,3,2,2,3,19
1055528156,2,3,2,2,2,2,1,14
947386673,3,3,3,3,2,2,3,19
876090559,0,1,2,1,1,2,1,8
984213173,0,1,0,0,1,0,0,2
992134556,3,3,3,3,3,2,3,20
977189442,0,2,0,1,1,2,1,7
906618769,0,2,0,1,2,2,0,7
886355895,0,1,0,1,2,2,1,7
1055049126,1,2,2,3,2,2,1,13
1046877679,2,1,2,1,2,2,3,13
995641041,0,2,1,1,2,1,1,8
1041516148,0,0,0,0,0,0,0,0
981493853,0,2,0,1,2,1,1,7
1021762314,0,2,0,1,0,1,1,5
97934435,0,0,0,0,0,0,0,0
946007656,0,2,1,1,1,1,1,7
974618883,0,1,0,1,0,1,0,3
928422037,0,1,0,0,1,2,0,4
1049730434,0,1,0,1,1,2,1,6
1003884681,0,1,0,1,1,2,1,6
997070999,0,2,0,1,1,2,1,7
997934867,0,1,0,1,1,2,1,6
996682257,0,1,0,1,1,2,0,5
989269536,0,1,0,1,1,2,1,6
978229036,3,3,2,2,1,2,2,15
976279261,0,1,0,1,1,2,1,6
973447202,0,2,0,1,1,2,2,8
1074180217,0,2,0,0,0,1,0,3
1023770952,0,0,0,0,0,0,0,0
1067615662,0,0,0,0,0,0,0,0
1065823206,0,0,0,0,0,0,0,0
244734102,0,0,0,0,0,0,0,0
234426821,0,0,0,0,0,0,0,0
1015628314,3,3,3,3,3,2,3,20
882914966,0,2,2,1,3,2,2,12
1068900648,0,0,0,0,0,0,0,0
1048215357,0,1,0,0,1,1,0,3
977430825,1,2,2,1,2,2,1,11
916803222,0,2,0,1,1,1,1,6
1019699396,0,0,0,0,0,0,0,0
1015871169,0,2,0,1,1,1,1,6
908181168,0,2,2,1,1,1,1,8
992296637,0,0,0,0,0,0,0,0
995491915,3,2,3,3,2,2,1,16
831041249,0,2,1,2,2,1,1,9
885251856,1,2,2,3,2,1,1,12
1064873565,0,0,0,0,0,0,0,0
1064282548,0,0,0,0,0,0,0,0
533265843,3,3,3,3,3,2,3,20
999578638,0,1,2,1,2,1,0,7
410033938,3,3,3,1,2,2,3,17
566596214,3,2,3,2,3,2,3,18
988514067,0,0,0,0,0,0,0,0
1075126188,0,0,0,0,0,0,0,0
1049648867,0,0,0,0,0,0,0,0
1048547546,1,2,2,3,1,2,1,12
1035550418,0,0,0,0,1,0,0,1
96876376,0,0,0,0,0,0,0,0
1007266268,2,2,3,2,1,2,1,13
171056321,0,0,0,0,0,0,0,0
835300836,3,3,3,2,3,2,3,19
978069261,3,3,3,3,2,2,3,19
62494932,0,0,0,0,0,0,0,0
718036388,3,3,3,3,3,2,3,20
1077342121,0,2,1,1,1,1,1,7
713101837,3,3,3,3,3,1,3,19
1077661186,0,2,3,1,1,2,1,10
1081591929,0,2,0,0,0,1,0,3
1073491934,0,2,0,1,1,1,1,6
1058566652,0,0,0,0,0,0,0,0
1043430405,0,0,0,0,0,0,0,0
1059295913,0,0,0,0,0,0,0,0
1048133001,0,2,0,0,0,1,0,3
1046409919,0,2,1,0,1,1,0,5
1007581589,0,2,1,1,1,1,1,7
1005225965,0,2,1,1,1,1,1,7
1004585469,0,2,1,1,1,1,1,7
998608504,3,2,3,1,1,2,1,13
1003834799,0,2,1,1,1,1,1,7
268041868,0,0,0,0,0,0,0,0
980940416,0,1,0,1,1,2,0,5
869786559,0,2,0,1,1,2,0,6
945700324,0,2,0,1,1,2,1,7
912230269,0,2,0,1,1,2,1,7
944914771,3,2,3,1,1,2,1,13
937202206,0,0,0,0,0,0,0,0
930819417,0,2,0,1,1,2,0,6
1017130333,1,2,3,1,1,2,3,13
1021530082,0,2,0,1,0,1,1,5
812619348,0,1,0,0,1,1,0,3
1029697219,0,2,0,1,1,1,0,5
621447524,0,2,0,1,1,2,1,7
945804502,0,2,0,1,1,1,1,6
973081279,0,2,0,0,0,1,0,3
975515295,2,2,1,3,1,1,1,11
1003800705,3,3,2,3,2,2,3,18
967534814,0,3,2,1,1,2,2,11
862897575,0,2,2,1,1,2,3,11
848267179,0,1,2,1,1,2,3,10
810851826,0,2,2,1,0,1,0,6
771712776,0,2,2,1,0,1,3,9
806858398,0,2,2,1,1,2,3,11
622136344,3,3,3,3,2,2,3,19
947299525,0,2,1,1,1,1,1,7
796006804,3,3,3,3,3,2,3,20
87623446,0,0,0,0,0,0,0,0
1044934449,2,3,1,3,3,2,1,15
439078267,0,2,2,2,2,2,1,11
1049697291,0,1,0,0,0,1,0,2
1071471632,0,2,1,3,1,2,1,10
737527657,0,0,0,0,0,0,0,0
631154023,0,3,2,1,2,1,3,12
1058168054,0,0,0,0,0,0,0,0
457999988,3,3,0,2,3,1,1,13
918150176,2,1,0,1,2,1,0,7
832468381,3,3,2,2,2,1,3,16
712760902,3,3,1,2,3,1,1,14
1075149797,0,0,0,0,0,0,0,0
629302704,3,3,2,2,3,1,1,15
1009060327,2,3,2,3,2,2,3,17
1013801263,0,2,1,1,1,1,1,7
1052361218,0,2,1,2,2,1,1,9
888071994,2,2,2,1,3,2,3,15
805604756,3,2,0,1,1,1,1,9
214635219,3,3,3,3,2,2,3,19
192456708,0,0,0,0,0,0,0,0
704271936,0,2,0,1,1,2,2,8
607551291,0,1,0,1,1,2,0,5
1027816642,0,2,2,1,1,1,3,10
1034603762,0,2,2,1,1,1,3,10
992156729,0,0,0,0,0,0,0,0
1044057477,0,0,0,0,0,0,0,0
960296892,3,3,3,3,3,2,3,20
1057847112,3,3,3,3,1,2,1,16
860237766,3,3,2,3,2,2,3,18
1000485134,0,1,0,1,1,2,0,5
997127588,0,2,2,1,1,1,3,10
646825234,0,0,0,0,0,0,0,0
718952088,3,3,3,3,3,1,3,19
1018252449,0,2,0,0,0,1,0,3
316665733,0,2,3,1,2,1,3,12
377922467,0,0,0,0,0,0,0,0
598782929,0,2,2,1,1,1,3,10
820519975,3,2,3,3,3,1,3,18
229902497,3,2,3,3,3,2,3,19
878295487,0,2,0,0,0,1,0,3
479949539,3,3,3,3,3,2,2,19
542589903,0,1,1,1,0,1,1,5
1061414417,0,0,0,0,0,0,0,0
940637145,0,2,0,0,2,1,0,5
1040735819,0,1,1,1,2,2,0,7
1042389699,0,2,1,0,1,1,0,5
1050910953,0,2,2,1,2,2,3,12
101822391,0,0,0,0,0,0,0,0
788794606,3,3,3,3,3,2,3,20
511742085,3,3,3,3,3,2,3,20
771877502,0,2,2,3,2,1,3,13
751522052,3,3,3,3,3,1,3,19
362522374,0,2,2,1,1,1,3,10
730179789,0,2,3,1,1,1,3,11
119740716,0,0,0,0,0,0,0,0
718561767,2,2,2,3,2,1,1,13
537984814,3,3,2,3,2,1,0,14
563714158,0,1,3,1,1,1,0,7
713369513,0,2,0,2,2,2,0,8
142754038,0,0,0,0,0,0,0,0
504395943,0,2,0,1,1,1,1,6
236408521,0,0,0,0,0,0,0,0
534702486,0,2,2,1,1,2,0,8
855607135,0,2,1,1,1,1,1,7
1004458715,3,3,3,3,3,2,3,20
1061958685,3,2,3,3,3,2,3,19
907732371,1,2,0,1,1,2,1,8
578143014,3,3,3,3,3,2,3,20
23065615,0,0,0,0,0,0,0,0
1039851361,0,1,0,1,1,2,0,5
968543415,0,0,0,0,0,0,0,0
1040590712,0,0,0,0,0,0,0,0
981896717,0,0,0,0,0,0,0,0
988264034,0,1,0,0,2,1,0,4
996108247,0,0,0,0,0,0,0,0
1000552718,3,3,2,3,2,2,3,18
1006642423,0,1,0,0,1,0,0,2
947618664,0,2,0,1,1,1,1,6
947408086,0,0,0,0,0,0,0,0
373504091,0,2,0,0,0,1,0,3
648426497,0,2,0,0,0,1,0,3
687672486,0,1,0,0,0,1,0,2
1023081102,0,3,1,2,1,1,1,9
807025411,0,1,0,0,0,1,0,2
1050221585,0,1,0,0,1,1,0,3
698329992,0,1,0,0,0,1,0,2
116172792,0,0,0,0,0,0,0,0
772179829,0,2,0,0,0,1,0,3
570618011,3,3,3,3,3,2,3,20
510816396,3,3,3,3,3,2,3,20
464234673,3,3,3,3,3,2,3,20
429725962,0,0,0,0,0,1,0,1
1064509136,3,3,1,1,1,2,1,12
1074745004,0,2,1,2,3,0,0,8
1068918799,0,1,0,1,1,2,2,7
992884442,0,2,3,3,2,1,3,14
1065586227,2,2,3,1,1,1,1,11
1023779014,3,2,2,1,2,2,2,14
388508959,3,3,3,3,3,2,3,20
336378222,3,3,3,3,3,2,3,20
384299213,3,3,3,3,3,2,3,20
781605055,0,2,2,1,2,1,1,9
781601569,0,3,2,1,2,1,3,12
508569455,2,3,3,3,2,1,3,17
484283217,0,2,3,2,2,1,3,13
483945963,0,3,3,3,2,1,3,15
482204681,0,2,3,3,2,1,3,14
481270935,0,2,2,1,1,1,1,8
519557087,2,3,2,1,2,1,3,14
369967135,0,1,0,0,1,1,0,3
932486035,0,0,0,0,0,0,0,0
100987811,0,0,0,0,0,0,0,0
765405711,0,2,1,1,1,1,1,7
1000482511,0,1,0,0,1,1,0,3
856690639,3,3,3,3,2,2,3,19
1070816851,0,0,0,0,0,0,0,0
25942373,0,0,0,0,0,0,0,0
742503177,0,1,0,0,1,1,0,3
708842473,0,0,0,0,0,0,0,0
877134689,3,3,3,3,3,2,3,20
1038167637,0,1,0,0,1,1,0,3
918550949,0,2,2,1,1,1,1,8
817804073,0,1,1,1,1,1,0,5
907522727,0,2,2,2,1,2,2,11
366449568,0,2,1,3,1,1,0,8
1015010809,2,2,2,1,2,2,1,12
764182453,0,2,2,1,1,1,3,10
791494833,0,2,2,1,1,1,3,10
1025384377,0,2,2,2,2,1,3,12
821823222,0,2,2,1,1,1,3,10
120756273,0,0,0,0,0,0,0,0
138647769,0,0,0,0,0,0,0,0
1070871085,0,2,3,1,1,1,3,11
934409412,0,0,0,0,0,0,0,0
1021978307,0,2,2,3,2,2,3,14
1019602801,0,3,2,3,2,2,1,13
804411851,3,3,3,3,2,2,3,19
1078882006,0,2,0,1,1,2,1,7
1076232031,3,3,3,3,2,2,1,17
1072438097,0,2,0,1,1,2,1,7
1006868451,0,2,0,0,0,1,0,3
466901403,0,1,1,0,1,1,0,4
351703796,3,3,3,3,3,2,3,20
995884761,0,2,0,3,1,1,1,8
876048258,0,1,0,0,0,1,0,2
881007055,0,0,0,0,0,0,0,0
991181688,0,2,1,1,1,1,1,7
469311257,3,3,3,1,3,2,3,18
1066063554,0,0,0,0,0,0,0,0
1075688889,0,2,0,0,1,1,0,4
944777697,3,2,2,3,1,1,3,15
41015056,0,0,0,0,0,0,0,0
204032725,0,0,0,0,0,0,0,0
1040970525,0,0,0,0,0,0,0,0
991025661,0,0,0,0,0,0,0,0
286737837,0,2,1,1,1,1,1,7
971647172,3,3,3,2,2,2,2,17
1083079627,0,1,0,0,1,2,0,4
1081333823,0,0,0,0,0,0,0,0
60617588,0,0,0,0,0,0,0,0
716483096,3,2,3,3,2,2,3,18
400793856,1,3,2,3,2,1,3,15
996534928,0,1,3,1,1,1,3,10
951348625,0,2,1,1,1,1,1,7
392405932,0,1,0,1,1,2,0,5
39488966,0,0,0,0,0,0,0,0
411998035,0,3,2,1,2,2,2,12
414354867,2,1,0,0,0,2,0,5
385200427,0,0,0,0,0,0,0,0
414354391,2,2,0,1,1,2,1,9
94474081,0,0,0,0,0,0,0,0
1018294847,3,3,3,2,2,1,3,17
722123255,0,2,2,1,1,2,3,11
947326074,3,3,1,2,1,1,1,12
132776898,2,2,3,1,1,2,2,13
229545271,0,0,0,0,0,0,0,0
882200427,0,2,2,1,1,1,3,10
245195282,0,3,3,2,1,2,3,14
1016550933,0,2,2,1,1,1,3,10
932019207,0,2,0,1,1,1,1,6
917532601,3,3,3,3,2,2,3,19
1031944195,0,2,2,1,1,1,3,10
1025227161,0,2,0,0,0,1,0,3
1030891026,0,2,2,1,1,1,1,8
1035237236,3,3,3,3,2,2,3,19
1030547643,0,2,1,3,2,2,1,11
872998151,3,3,3,3,3,2,3,20
993632675,1,2,2,3,2,1,3,14
997866238,0,2,1,0,1,1,0,5
